อ,ย,า,ก,ล,า,อ,อ,ก
เ,พ,ิ,่,ม,ว,ิ,ช,า,อ,ย,่,า,ง,ไ,ร
เ,ท,ส,ร,ะ,บ,บ, ,T,e,s,t
เ,ท,ส,ร,ะ,บ,บ
เ,ท,ส,ร,ะ,บ,บ
ไ,ป,ต,ึ,ก, ,5, ,ย,ั,ง,ไ,ง
ข,อ,ว,ิ,ธ,ี,ไ,ป,ต,ึ,ก, ,5
ว,ิ,ธ,ี,ไ,ป,ต,ึ,ก,ไ,ฟ,ฟ,้,า
สามารถจ่ายค่าเทอมได้ที่ไหน
สามารถจ่ายค่าเทอมได้ที่ไหน
สามารถจ่ายค่าเทอมได้ที่ไหน
สามารถจ่ายค่าเทอมได้ที่ไหน
สามารถจ่ายค่าเทอมได้ที่ไหน
สามารถจ่ายค่าเทอมได้ที่ไหน
สามารถจ่ายค่าเทอมได้ที่ไหน
สามารถจ่ายค่าเทอมได้ที่ไหน
สามารถจ่ายค่าเทอมได้ที่ไหน
สามารถจ่ายค่าเทอมได้ที่ไหน
มีช่องทางการติดต่อ กอ ยอ สอ ไหม
มีช่องทางการติดต่อ กอ ยอ สอ ไหม
มีช่องทางการติดต่อ กอ ยอ สอ ไหม
มีช่องทางการติดต่อ กอ ยอ สอ ไหม
มีช่องทางการติดต่อ กอ ยอ สอ ไหม
มีช่องทางการติดต่อ กอ ยอ สอ ไหม
มีช่องทางการติดต่อ กอ ยอ สอ ไหม
มีช่องทางการติดต่อ กอ ยอ สอ ไหม
มีช่องทางการติดต่อ กอ ยอ สอ ไหม
มีช่องทางการติดต่อ กอ ยอ สอ ไหม
ตึกวิทยาศาสตร์ไปทางไหน
ตึกวิทยาศาสตร์ไปทางไหน
ตึกวิทยาศาสตร์ไปทางไหน
ตึกวิทยาศาสตร์ไปทางไหน
ตึกวิทยาศาสตร์ไปทางไหน
ตึกวิทยาศาสตร์ไปทางไหน
ตึกวิทยาศาสตร์ไปทางไหน
ตึกวิทยาศาสตร์ไปทางไหน
ตึกวิทยาศาสตร์ไปทางไหน
ตึกวิทยาศาสตร์ไปทางไหน
ตึกเครื่องกลไปทางไหน
ตึกเครื่องกลไปทางไหน
ตึกเครื่องกลไปทางไหน
ตึกเครื่องกลไปทางไหน
ตึกเครื่องกลไปทางไหน
ตึกเครื่องกลไปทางไหน
ตึกเครื่องกลไปทางไหน
ตึกเครื่องกลไปทางไหน
ตึกเครื่องกลไปทางไหน
ตึกเครื่องกลไปทางไหน
ตึกวิศวกรรมหล่อโลหะไปทางไหน
ตึกวิศวกรรมหล่อโลหะไปทางไหน
ตึกวิศวกรรมหล่อโลหะไปทางไหน
ตึกวิศวกรรมหล่อโลหะไปทางไหน
ตึกวิศวกรรมหล่อโลหะไปทางไหน
ตึกวิศวกรรมหล่อโลหะไปทางไหน
ตึกวิศวกรรมหล่อโลหะไปทางไหน
ตึกวิศวกรรมหล่อโลหะไปทางไหน
ตึกวิศวกรรมหล่อโลหะไปทางไหน
ตึกวิศวกรรมหล่อโลหะไปทางไหน
ห้องธุรการอยู่ที่ไหน
ห้องธุรการอยู่ที่ไหน
ห้องธุรการอยู่ที่ไหน
ห้องธุรการอยู่ที่ไหน
ห้องธุรการอยู่ที่ไหน
ห้องธุรการอยู่ที่ไหน
ห้องธุรการอยู่ที่ไหน
ห้องธุรการอยู่ที่ไหน
ห้องธุรการอยู่ที่ไหน
ห้องธุรการอยู่ที่ไหน
ตึกวิศวกรรมงานเชื่อมไปทางไหน
ตึกวิศวกรรมงานเชื่อมไปทางไหน
ตึกวิศวกรรมงานเชื่อมไปทางไหน
ตึกวิศวกรรมงานเชื่อมไปทางไหน
ตึกวิศวกรรมงานเชื่อมไปทางไหน
ตึกวิศวกรรมงานเชื่อมไปทางไหน
ตึกวิศวกรรมงานเชื่อมไปทางไหน
ตึกวิศวกรรมงานเชื่อมไปทางไหน
ตึกวิศวกรรมงานเชื่อมไปทางไหน
ตึกวิศวกรรมงานเชื่อมไปทางไหน
ตึกวิศวกรรมอุตสาหการไปทางไหน
ตึกวิศวกรรมอุตสาหการไปทางไหน
ตึกวิศวกรรมอุตสาหการไปทางไหน
ตึกวิศวกรรมอุตสาหการไปทางไหน
ตึกวิศวกรรมอุตสาหการไปทางไหน
ตึกวิศวกรรมอุตสาหการไปทางไหน
ตึกวิศวกรรมอุตสาหการไปทางไหน
ตึกวิศวกรรมอุตสาหการไปทางไหน
ตึกวิศวกรรมอุตสาหการไปทางไหน
ตึกวิศวกรรมอุตสาหการไปทางไหน
ตึกวิศวกรรมอิเล็กทรอนิกส์ไปทางไหน
ตึกวิศวกรรมอิเล็กทรอนิกส์ไปทางไหน
ตึกวิศวกรรมอิเล็กทรอนิกส์ไปทางไหน
ตึกวิศวกรรมอิเล็กทรอนิกส์ไปทางไหน
ตึกวิศวกรรมอิเล็กทรอนิกส์ไปทางไหน
ตึกวิศวกรรมอิเล็กทรอนิกส์ไปทางไหน
ตึกวิศวกรรมอิเล็กทรอนิกส์ไปทางไหน
ตึกวิศวกรรมอิเล็กทรอนิกส์ไปทางไหน
ตึกวิศวกรรมอิเล็กทรอนิกส์ไปทางไหน
ตึกวิศวกรรมอิเล็กทรอนิกส์ไปทางไหน
ตึกวิศวกรรมแม่พิมพ์ไปทางไหน
ตึกวิศวกรรมแม่พิมพ์ไปทางไหน
ตึกวิศวกรรมแม่พิมพ์ไปทางไหน
ตึกวิศวกรรมแม่พิมพ์ไปทางไหน
ตึกวิศวกรรมแม่พิมพ์ไปทางไหน
ตึกวิศวกรรมแม่พิมพ์ไปทางไหน
ตึกวิศวกรรมแม่พิมพ์ไปทางไหน
ตึกวิศวกรรมแม่พิมพ์ไปทางไหน
ตึกวิศวกรรมแม่พิมพ์ไปทางไหน
ตึกวิศวกรรมแม่พิมพ์ไปทางไหน
ตึกวิศวกรรมเมคคาทรอนิกส์ไปทางไหน
ตึกวิศวกรรมเมคคาทรอนิกส์ไปทางไหน
ตึกวิศวกรรมเมคคาทรอนิกส์ไปทางไหน
ตึกวิศวกรรมเมคคาทรอนิกส์ไปทางไหน
ตึกวิศวกรรมเมคคาทรอนิกส์ไปทางไหน
ตึกวิศวกรรมเมคคาทรอนิกส์ไปทางไหน
ตึกวิศวกรรมเมคคาทรอนิกส์ไปทางไหน
ตึกวิศวกรรมเมคคาทรอนิกส์ไปทางไหน
ตึกวิศวกรรมเมคคาทรอนิกส์ไปทางไหน
ตึกวิศวกรรมเมคคาทรอนิกส์ไปทางไหน
ตึกวิศวกรรมไฟฟ้าไปทางไหน
ตึกวิศวกรรมไฟฟ้าไปทางไหน
ตึกวิศวกรรมไฟฟ้าไปทางไหน
ตึกวิศวกรรมไฟฟ้าไปทางไหน
ตึกวิศวกรรมไฟฟ้าไปทางไหน
ตึกวิศวกรรมไฟฟ้าไปทางไหน
ตึกวิศวกรรมไฟฟ้าไปทางไหน
ตึกวิศวกรรมไฟฟ้าไปทางไหน
ตึกวิศวกรรมไฟฟ้าไปทางไหน
ตึกวิศวกรรมไฟฟ้าไปทางไหน
สนามฟุตบอลไปทางไหน
สนามฟุตบอลไปทางไหน
สนามฟุตบอลไปทางไหน
สนามฟุตบอลไปทางไหน
สนามฟุตบอลไปทางไหน
สนามฟุตบอลไปทางไหน
สนามฟุตบอลไปทางไหน
สนามฟุตบอลไปทางไหน
สนามฟุตบอลไปทางไหน
สนามฟุตบอลไปทางไหน
สนามบาสไปทางไหน
สนามบาสไปทางไหน
สนามบาสไปทางไหน
สนามบาสไปทางไหน
สนามบาสไปทางไหน
สนามบาสไปทางไหน
สนามบาสไปทางไหน
สนามบาสไปทางไหน
สนามบาสไปทางไหน
สนามบาสไปทางไหน
อาคาร36ไปทางไหน
อาคาร36ไปทางไหน
อาคาร36ไปทางไหน
อาคาร36ไปทางไหน
อาคาร36ไปทางไหน
อาคาร36ไปทางไหน
อาคาร36ไปทางไหน
อาคาร36ไปทางไหน
อาคาร36ไปทางไหน
อาคาร36ไปทางไหน
มหาลัยเปิดกี่โมง
มหาลัยเปิดกี่โมง
มหาลัยเปิดกี่โมง
มหาลัยเปิดกี่โมง
มหาลัยเปิดกี่โมง
มหาลัยเปิดกี่โมง
มหาลัยเปิดกี่โมง
มหาลัยเปิดกี่โมง
มหาลัยเปิดกี่โมง
มหาลัยเปิดกี่โมง
มหาลัยปิดกี่โมง
มหาลัยปิดกี่โมง
มหาลัยปิดกี่โมง
มหาลัยปิดกี่โมง
มหาลัยปิดกี่โมง
มหาลัยปิดกี่โมง
มหาลัยปิดกี่โมง
มหาลัยปิดกี่โมง
มหาลัยปิดกี่โมง
มหาลัยปิดกี่โมง
มหาลัยมีทุนการศึกษาอะไรบ้าง
มหาลัยมีทุนการศึกษาอะไรบ้าง
มหาลัยมีทุนการศึกษาอะไรบ้าง
มหาลัยมีทุนการศึกษาอะไรบ้าง
มหาลัยมีทุนการศึกษาอะไรบ้าง
มหาลัยมีทุนการศึกษาอะไรบ้าง
มหาลัยมีทุนการศึกษาอะไรบ้าง
มหาลัยมีทุนการศึกษาอะไรบ้าง
มหาลัยมีทุนการศึกษาอะไรบ้าง
มหาลัยมีทุนการศึกษาอะไรบ้าง
อยากลาออก
อยากลาออก
อยากลาออก
อยากลาออก
อยากลาออก
อยากลาออก
อยากลาออก
อยากลาออก
อยากลาออก
อยากลาออก
คณะวิศวกรรมไปทางไหน
คณะวิศวกรรมไปทางไหน
คณะวิศวกรรมไปทางไหน
คณะวิศวกรรมไปทางไหน
คณะวิศวกรรมไปทางไหน
คณะวิศวกรรมไปทางไหน
คณะวิศวกรรมไปทางไหน
คณะวิศวกรรมไปทางไหน
คณะวิศวกรรมไปทางไหน
คณะวิศวกรรมไปทางไหน
แก้สูนยังไง
แก้สูนยังไง
แก้สูนยังไง
แก้สูนยังไง
แก้สูนยังไง
แก้สูนยังไง
แก้สูนยังไง
แก้สูนยังไง
แก้สูนยังไง
แก้สูนยังไง
ลงทะเบียนเรียนยังไง
ลงทะเบียนเรียนยังไง
ลงทะเบียนเรียนยังไง
ลงทะเบียนเรียนยังไง
ลงทะเบียนเรียนยังไง
ลงทะเบียนเรียนยังไง
ลงทะเบียนเรียนยังไง
ลงทะเบียนเรียนยังไง
ลงทะเบียนเรียนยังไง
ลงทะเบียนเรียนยังไง
ลงทะเบียนเรียนไม่ทันทำยังไง
ลงทะเบียนเรียนไม่ทันทำยังไง
ลงทะเบียนเรียนไม่ทันทำยังไง
ลงทะเบียนเรียนไม่ทันทำยังไง
ลงทะเบียนเรียนไม่ทันทำยังไง
ลงทะเบียนเรียนไม่ทันทำยังไง
ลงทะเบียนเรียนไม่ทันทำยังไง
ลงทะเบียนเรียนไม่ทันทำยังไง
ลงทะเบียนเรียนไม่ทันทำยังไง
ลงทะเบียนเรียนไม่ทันทำยังไง
เกรดออกเมื่อไหร่
เกรดออกเมื่อไหร่
เกรดออกเมื่อไหร่
เกรดออกเมื่อไหร่
เกรดออกเมื่อไหร่
เกรดออกเมื่อไหร่
เกรดออกเมื่อไหร่
เกรดออกเมื่อไหร่
เกรดออกเมื่อไหร่
เกรดออกเมื่อไหร่
วิธีเข้าเว็ปไซต์มหาลัย
วิธีเข้าเว็ปไซต์มหาลัย
วิธีเข้าเว็ปไซต์มหาลัย
วิธีเข้าเว็ปไซต์มหาลัย
วิธีเข้าเว็ปไซต์มหาลัย
วิธีเข้าเว็ปไซต์มหาลัย
วิธีเข้าเว็ปไซต์มหาลัย
วิธีเข้าเว็ปไซต์มหาลัย
วิธีเข้าเว็ปไซต์มหาลัย
วิธีเข้าเว็ปไซต์มหาลัย
ยื่นกยศยังไง
ยื่นกยศยังไง
ยื่นกยศยังไง
ยื่นกยศยังไง
ยื่นกยศยังไง
ยื่นกยศยังไง
ยื่นกยศยังไง
ยื่นกยศยังไง
ยื่นกยศยังไง
ยื่นกยศยังไง
วิธีไปห้องกอยอสอ
วิธีไปห้องกอยอสอ
วิธีไปห้องกอยอสอ
วิธีไปห้องกอยอสอ
วิธีไปห้องกอยอสอ
วิธีไปห้องกอยอสอ
วิธีไปห้องกอยอสอ
วิธีไปห้องกอยอสอ
วิธีไปห้องกอยอสอ
วิธีไปห้องกอยอสอ
สามารถลงทะเบียนเรียนได้ถึงวันไหน
สามารถลงทะเบียนเรียนได้ถึงวันไหน
สามารถลงทะเบียนเรียนได้ถึงวันไหน
สามารถลงทะเบียนเรียนได้ถึงวันไหน
สามารถลงทะเบียนเรียนได้ถึงวันไหน
สามารถลงทะเบียนเรียนได้ถึงวันไหน
สามารถลงทะเบียนเรียนได้ถึงวันไหน
สามารถลงทะเบียนเรียนได้ถึงวันไหน
สามารถลงทะเบียนเรียนได้ถึงวันไหน
สามารถลงทะเบียนเรียนได้ถึงวันไหน
สามารถถอนรายวิชาได้ถึงเมื่อไหร่
สามารถถอนรายวิชาได้ถึงเมื่อไหร่
สามารถถอนรายวิชาได้ถึงเมื่อไหร่
สามารถถอนรายวิชาได้ถึงเมื่อไหร่
สามารถถอนรายวิชาได้ถึงเมื่อไหร่
สามารถถอนรายวิชาได้ถึงเมื่อไหร่
สามารถถอนรายวิชาได้ถึงเมื่อไหร่
สามารถถอนรายวิชาได้ถึงเมื่อไหร่
สามารถถอนรายวิชาได้ถึงเมื่อไหร่
สามารถถอนรายวิชาได้ถึงเมื่อไหร่
วันเปิดเรียน
วันเปิดเรียน
วันเปิดเรียน
วันเปิดเรียน
วันเปิดเรียน
วันเปิดเรียน
วันเปิดเรียน
วันเปิดเรียน
วันเปิดเรียน
วันเปิดเรียน
จ่ายค่าเทอมผ่านทางไหนได้บ้าง
จ่ายค่าเทอมผ่านทางไหนได้บ้าง
จ่ายค่าเทอมผ่านทางไหนได้บ้าง
จ่ายค่าเทอมผ่านทางไหนได้บ้าง
จ่ายค่าเทอมผ่านทางไหนได้บ้าง
จ่ายค่าเทอมผ่านทางไหนได้บ้าง
จ่ายค่าเทอมผ่านทางไหนได้บ้าง
จ่ายค่าเทอมผ่านทางไหนได้บ้าง
จ่ายค่าเทอมผ่านทางไหนได้บ้าง
จ่ายค่าเทอมผ่านทางไหนได้บ้าง
ที่นี่มีสาขาอะไรบ้าง
ที่นี่มีสาขาอะไรบ้าง
ที่นี่มีสาขาอะไรบ้าง
ที่นี่มีสาขาอะไรบ้าง
ที่นี่มีสาขาอะไรบ้าง
ที่นี่มีสาขาอะไรบ้าง
ที่นี่มีสาขาอะไรบ้าง
ที่นี่มีสาขาอะไรบ้าง
ที่นี่มีสาขาอะไรบ้าง
ที่นี่มีสาขาอะไรบ้าง
สามารถสมัครที่นี่เลยได้มั้ย
สามารถสมัครที่นี่เลยได้มั้ย
สามารถสมัครที่นี่เลยได้มั้ย
สามารถสมัครที่นี่เลยได้มั้ย
สามารถสมัครที่นี่เลยได้มั้ย
สามารถสมัครที่นี่เลยได้มั้ย
สามารถสมัครที่นี่เลยได้มั้ย
สามารถสมัครที่นี่เลยได้มั้ย
สามารถสมัครที่นี่เลยได้มั้ย
สามารถสมัครที่นี่เลยได้มั้ย
สาขาอื่นสมัครที่ไหน
สาขาอื่นสมัครที่ไหน
สาขาอื่นสมัครที่ไหน
สาขาอื่นสมัครที่ไหน
สาขาอื่นสมัครที่ไหน
สาขาอื่นสมัครที่ไหน
สาขาอื่นสมัครที่ไหน
สาขาอื่นสมัครที่ไหน
สาขาอื่นสมัครที่ไหน
สาขาอื่นสมัครที่ไหน
ขอเบอร์โทรคณะหน่อย
ขอเบอร์โทรคณะหน่อย
ขอเบอร์โทรคณะหน่อย
ขอเบอร์โทรคณะหน่อย
ขอเบอร์โทรคณะหน่อย
ขอเบอร์โทรคณะหน่อย
ขอเบอร์โทรคณะหน่อย
ขอเบอร์โทรคณะหน่อย
ขอเบอร์โทรคณะหน่อย
ขอเบอร์โทรคณะหน่อย
ติดต่องานบริหารไปที่ไหน
ติดต่องานบริหารไปที่ไหน
ติดต่องานบริหารไปที่ไหน
ติดต่องานบริหารไปที่ไหน
ติดต่องานบริหารไปที่ไหน
ติดต่องานบริหารไปที่ไหน
ติดต่องานบริหารไปที่ไหน
ติดต่องานบริหารไปที่ไหน
ติดต่องานบริหารไปที่ไหน
ติดต่องานบริหารไปที่ไหน
ห้องประชุมรีราวดีอยู่ไหน
ห้องประชุมรีราวดีอยู่ไหน
ห้องประชุมรีราวดีอยู่ไหน
ห้องประชุมรีราวดีอยู่ไหน
ห้องประชุมรีราวดีอยู่ไหน
ห้องประชุมรีราวดีอยู่ไหน
ห้องประชุมรีราวดีอยู่ไหน
ห้องประชุมรีราวดีอยู่ไหน
ห้องประชุมรีราวดีอยู่ไหน
ห้องประชุมรีราวดีอยู่ไหน
ห้องประชุมเจ้าพระยาหนึ่งอยู่ไหน
ห้องประชุมเจ้าพระยาหนึ่งอยู่ไหน
ห้องประชุมเจ้าพระยาหนึ่งอยู่ไหน
ห้องประชุมเจ้าพระยาหนึ่งอยู่ไหน
ห้องประชุมเจ้าพระยาหนึ่งอยู่ไหน
ห้องประชุมเจ้าพระยาหนึ่งอยู่ไหน
ห้องประชุมเจ้าพระยาหนึ่งอยู่ไหน
ห้องประชุมเจ้าพระยาหนึ่งอยู่ไหน
ห้องประชุมเจ้าพระยาหนึ่งอยู่ไหน
ห้องประชุมเจ้าพระยาหนึ่งอยู่ไหน
ห้องประชุมเจ้าพระยาสองอยู่ไหน
ห้องประชุมเจ้าพระยาสองอยู่ไหน
ห้องประชุมเจ้าพระยาสองอยู่ไหน
ห้องประชุมเจ้าพระยาสองอยู่ไหน
ห้องประชุมเจ้าพระยาสองอยู่ไหน
ห้องประชุมเจ้าพระยาสองอยู่ไหน
ห้องประชุมเจ้าพระยาสองอยู่ไหน
ห้องประชุมเจ้าพระยาสองอยู่ไหน
ห้องประชุมเจ้าพระยาสองอยู่ไหน
ห้องประชุมเจ้าพระยาสองอยู่ไหน
สามารถจ่ายค่าเทอมได้ที่ไหน
สามารถจ่ายค่าเทอมได้ที่ไหน
สามารถจ่ายค่าเทอมได้ที่ไหน
สามารถจ่ายค่าเทอมได้ที่ไหน
สามารถจ่ายค่าเทอมได้ที่ไหน
สามารถจ่ายค่าเทอมได้ที่ไหน
สามารถจ่ายค่าเทอมได้ที่ไหน
สามารถจ่ายค่าเทอมได้ที่ไหน
สามารถจ่ายค่าเทอมได้ที่ไหน
สามารถจ่ายค่าเทอมได้ที่ไหน
มีช่องทางการติดต่อ กอ ยอ สอ ไหม
มีช่องทางการติดต่อ กอ ยอ สอ ไหม
มีช่องทางการติดต่อ กอ ยอ สอ ไหม
มีช่องทางการติดต่อ กอ ยอ สอ ไหม
มีช่องทางการติดต่อ กอ ยอ สอ ไหม
มีช่องทางการติดต่อ กอ ยอ สอ ไหม
มีช่องทางการติดต่อ กอ ยอ สอ ไหม
มีช่องทางการติดต่อ กอ ยอ สอ ไหม
มีช่องทางการติดต่อ กอ ยอ สอ ไหม
มีช่องทางการติดต่อ กอ ยอ สอ ไหม
ตึกวิทยาศาสตร์ไปทางไหน
ตึกวิทยาศาสตร์ไปทางไหน
ตึกวิทยาศาสตร์ไปทางไหน
ตึกวิทยาศาสตร์ไปทางไหน
ตึกวิทยาศาสตร์ไปทางไหน
ตึกวิทยาศาสตร์ไปทางไหน
ตึกวิทยาศาสตร์ไปทางไหน
ตึกวิทยาศาสตร์ไปทางไหน
ตึกวิทยาศาสตร์ไปทางไหน
ตึกวิทยาศาสตร์ไปทางไหน
ตึกเครื่องกลไปทางไหน
ตึกเครื่องกลไปทางไหน
ตึกเครื่องกลไปทางไหน
ตึกเครื่องกลไปทางไหน
ตึกเครื่องกลไปทางไหน
ตึกเครื่องกลไปทางไหน
ตึกเครื่องกลไปทางไหน
ตึกเครื่องกลไปทางไหน
ตึกเครื่องกลไปทางไหน
ตึกเครื่องกลไปทางไหน
ตึกวิศวกรรมหล่อโลหะไปทางไหน
ตึกวิศวกรรมหล่อโลหะไปทางไหน
ตึกวิศวกรรมหล่อโลหะไปทางไหน
ตึกวิศวกรรมหล่อโลหะไปทางไหน
ตึกวิศวกรรมหล่อโลหะไปทางไหน
ตึกวิศวกรรมหล่อโลหะไปทางไหน
ตึกวิศวกรรมหล่อโลหะไปทางไหน
ตึกวิศวกรรมหล่อโลหะไปทางไหน
ตึกวิศวกรรมหล่อโลหะไปทางไหน
ตึกวิศวกรรมหล่อโลหะไปทางไหน
ห้องธุรการอยู่ที่ไหน
ห้องธุรการอยู่ที่ไหน
ห้องธุรการอยู่ที่ไหน
ห้องธุรการอยู่ที่ไหน
ห้องธุรการอยู่ที่ไหน
ห้องธุรการอยู่ที่ไหน
ห้องธุรการอยู่ที่ไหน
ห้องธุรการอยู่ที่ไหน
ห้องธุรการอยู่ที่ไหน
ห้องธุรการอยู่ที่ไหน
ตึกวิศวกรรมงานเชื่อมไปทางไหน
ตึกวิศวกรรมงานเชื่อมไปทางไหน
ตึกวิศวกรรมงานเชื่อมไปทางไหน
ตึกวิศวกรรมงานเชื่อมไปทางไหน
ตึกวิศวกรรมงานเชื่อมไปทางไหน
ตึกวิศวกรรมงานเชื่อมไปทางไหน
ตึกวิศวกรรมงานเชื่อมไปทางไหน
ตึกวิศวกรรมงานเชื่อมไปทางไหน
ตึกวิศวกรรมงานเชื่อมไปทางไหน
ตึกวิศวกรรมงานเชื่อมไปทางไหน
ตึกวิศวกรรมอุตสาหการไปทางไหน
ตึกวิศวกรรมอุตสาหการไปทางไหน
ตึกวิศวกรรมอุตสาหการไปทางไหน
ตึกวิศวกรรมอุตสาหการไปทางไหน
ตึกวิศวกรรมอุตสาหการไปทางไหน
ตึกวิศวกรรมอุตสาหการไปทางไหน
ตึกวิศวกรรมอุตสาหการไปทางไหน
ตึกวิศวกรรมอุตสาหการไปทางไหน
ตึกวิศวกรรมอุตสาหการไปทางไหน
ตึกวิศวกรรมอุตสาหการไปทางไหน
ตึกวิศวกรรมอิเล็กทรอนิกส์ไปทางไหน
ตึกวิศวกรรมอิเล็กทรอนิกส์ไปทางไหน
ตึกวิศวกรรมอิเล็กทรอนิกส์ไปทางไหน
ตึกวิศวกรรมอิเล็กทรอนิกส์ไปทางไหน
ตึกวิศวกรรมอิเล็กทรอนิกส์ไปทางไหน
ตึกวิศวกรรมอิเล็กทรอนิกส์ไปทางไหน
ตึกวิศวกรรมอิเล็กทรอนิกส์ไปทางไหน
ตึกวิศวกรรมอิเล็กทรอนิกส์ไปทางไหน
ตึกวิศวกรรมอิเล็กทรอนิกส์ไปทางไหน
ตึกวิศวกรรมอิเล็กทรอนิกส์ไปทางไหน
ตึกวิศวกรรมแม่พิมพ์ไปทางไหน
ตึกวิศวกรรมแม่พิมพ์ไปทางไหน
ตึกวิศวกรรมแม่พิมพ์ไปทางไหน
ตึกวิศวกรรมแม่พิมพ์ไปทางไหน
ตึกวิศวกรรมแม่พิมพ์ไปทางไหน
ตึกวิศวกรรมแม่พิมพ์ไปทางไหน
ตึกวิศวกรรมแม่พิมพ์ไปทางไหน
ตึกวิศวกรรมแม่พิมพ์ไปทางไหน
ตึกวิศวกรรมแม่พิมพ์ไปทางไหน
ตึกวิศวกรรมแม่พิมพ์ไปทางไหน
ตึกวิศวกรรมเมคคาทรอนิกส์ไปทางไหน
ตึกวิศวกรรมเมคคาทรอนิกส์ไปทางไหน
ตึกวิศวกรรมเมคคาทรอนิกส์ไปทางไหน
ตึกวิศวกรรมเมคคาทรอนิกส์ไปทางไหน
ตึกวิศวกรรมเมคคาทรอนิกส์ไปทางไหน
ตึกวิศวกรรมเมคคาทรอนิกส์ไปทางไหน
ตึกวิศวกรรมเมคคาทรอนิกส์ไปทางไหน
ตึกวิศวกรรมเมคคาทรอนิกส์ไปทางไหน
ตึกวิศวกรรมเมคคาทรอนิกส์ไปทางไหน
ตึกวิศวกรรมเมคคาทรอนิกส์ไปทางไหน
ตึกวิศวกรรมไฟฟ้าไปทางไหน
ตึกวิศวกรรมไฟฟ้าไปทางไหน
ตึกวิศวกรรมไฟฟ้าไปทางไหน
ตึกวิศวกรรมไฟฟ้าไปทางไหน
ตึกวิศวกรรมไฟฟ้าไปทางไหน
ตึกวิศวกรรมไฟฟ้าไปทางไหน
ตึกวิศวกรรมไฟฟ้าไปทางไหน
ตึกวิศวกรรมไฟฟ้าไปทางไหน
ตึกวิศวกรรมไฟฟ้าไปทางไหน
ตึกวิศวกรรมไฟฟ้าไปทางไหน
สนามฟุตบอลไปทางไหน
สนามฟุตบอลไปทางไหน
สนามฟุตบอลไปทางไหน
สนามฟุตบอลไปทางไหน
สนามฟุตบอลไปทางไหน
สนามฟุตบอลไปทางไหน
สนามฟุตบอลไปทางไหน
สนามฟุตบอลไปทางไหน
สนามฟุตบอลไปทางไหน
สนามฟุตบอลไปทางไหน
สนามบาสไปทางไหน
สนามบาสไปทางไหน
สนามบาสไปทางไหน
สนามบาสไปทางไหน
สนามบาสไปทางไหน
สนามบาสไปทางไหน
สนามบาสไปทางไหน
สนามบาสไปทางไหน
สนามบาสไปทางไหน
สนามบาสไปทางไหน
อาคาร36ไปทางไหน
อาคาร36ไปทางไหน
อาคาร36ไปทางไหน
อาคาร36ไปทางไหน
อาคาร36ไปทางไหน
อาคาร36ไปทางไหน
อาคาร36ไปทางไหน
อาคาร36ไปทางไหน
อาคาร36ไปทางไหน
อาคาร36ไปทางไหน
มหาลัยเปิดกี่โมง
มหาลัยเปิดกี่โมง
มหาลัยเปิดกี่โมง
มหาลัยเปิดกี่โมง
มหาลัยเปิดกี่โมง
มหาลัยเปิดกี่โมง
มหาลัยเปิดกี่โมง
มหาลัยเปิดกี่โมง
มหาลัยเปิดกี่โมง
มหาลัยเปิดกี่โมง
มหาลัยปิดกี่โมง
มหาลัยปิดกี่โมง
มหาลัยปิดกี่โมง
มหาลัยปิดกี่โมง
มหาลัยปิดกี่โมง
มหาลัยปิดกี่โมง
มหาลัยปิดกี่โมง
มหาลัยปิดกี่โมง
มหาลัยปิดกี่โมง
มหาลัยปิดกี่โมง
มหาลัยมีทุนการศึกษาอะไรบ้าง
มหาลัยมีทุนการศึกษาอะไรบ้าง
มหาลัยมีทุนการศึกษาอะไรบ้าง
มหาลัยมีทุนการศึกษาอะไรบ้าง
มหาลัยมีทุนการศึกษาอะไรบ้าง
มหาลัยมีทุนการศึกษาอะไรบ้าง
มหาลัยมีทุนการศึกษาอะไรบ้าง
มหาลัยมีทุนการศึกษาอะไรบ้าง
มหาลัยมีทุนการศึกษาอะไรบ้าง
มหาลัยมีทุนการศึกษาอะไรบ้าง
อยากลาออก
อยากลาออก
อยากลาออก
อยากลาออก
อยากลาออก
อยากลาออก
อยากลาออก
อยากลาออก
อยากลาออก
อยากลาออก
คณะวิศวกรรมไปทางไหน
คณะวิศวกรรมไปทางไหน
คณะวิศวกรรมไปทางไหน
คณะวิศวกรรมไปทางไหน
คณะวิศวกรรมไปทางไหน
คณะวิศวกรรมไปทางไหน
คณะวิศวกรรมไปทางไหน
คณะวิศวกรรมไปทางไหน
คณะวิศวกรรมไปทางไหน
คณะวิศวกรรมไปทางไหน
แก้สูนยังไง
แก้สูนยังไง
แก้สูนยังไง
แก้สูนยังไง
แก้สูนยังไง
แก้สูนยังไง
แก้สูนยังไง
แก้สูนยังไง
แก้สูนยังไง
แก้สูนยังไง
ลงทะเบียนเรียนยังไง
ลงทะเบียนเรียนยังไง
ลงทะเบียนเรียนยังไง
ลงทะเบียนเรียนยังไง
ลงทะเบียนเรียนยังไง
ลงทะเบียนเรียนยังไง
ลงทะเบียนเรียนยังไง
ลงทะเบียนเรียนยังไง
ลงทะเบียนเรียนยังไง
ลงทะเบียนเรียนยังไง
ลงทะเบียนเรียนไม่ทันทำยังไง
ลงทะเบียนเรียนไม่ทันทำยังไง
ลงทะเบียนเรียนไม่ทันทำยังไง
ลงทะเบียนเรียนไม่ทันทำยังไง
ลงทะเบียนเรียนไม่ทันทำยังไง
ลงทะเบียนเรียนไม่ทันทำยังไง
ลงทะเบียนเรียนไม่ทันทำยังไง
ลงทะเบียนเรียนไม่ทันทำยังไง
ลงทะเบียนเรียนไม่ทันทำยังไง
ลงทะเบียนเรียนไม่ทันทำยังไง
เกรดออกเมื่อไหร่
เกรดออกเมื่อไหร่
เกรดออกเมื่อไหร่
เกรดออกเมื่อไหร่
เกรดออกเมื่อไหร่
เกรดออกเมื่อไหร่
เกรดออกเมื่อไหร่
เกรดออกเมื่อไหร่
เกรดออกเมื่อไหร่
เกรดออกเมื่อไหร่
วิธีเข้าเว็ปไซต์มหาลัย
วิธีเข้าเว็ปไซต์มหาลัย
วิธีเข้าเว็ปไซต์มหาลัย
วิธีเข้าเว็ปไซต์มหาลัย
วิธีเข้าเว็ปไซต์มหาลัย
วิธีเข้าเว็ปไซต์มหาลัย
วิธีเข้าเว็ปไซต์มหาลัย
วิธีเข้าเว็ปไซต์มหาลัย
วิธีเข้าเว็ปไซต์มหาลัย
วิธีเข้าเว็ปไซต์มหาลัย
ยื่นกยศยังไง
ยื่นกยศยังไง
ยื่นกยศยังไง
ยื่นกยศยังไง
ยื่นกยศยังไง
ยื่นกยศยังไง
ยื่นกยศยังไง
ยื่นกยศยังไง
ยื่นกยศยังไง
ยื่นกยศยังไง
วิธีไปห้องกอยอสอ
วิธีไปห้องกอยอสอ
วิธีไปห้องกอยอสอ
วิธีไปห้องกอยอสอ
วิธีไปห้องกอยอสอ
วิธีไปห้องกอยอสอ
วิธีไปห้องกอยอสอ
วิธีไปห้องกอยอสอ
วิธีไปห้องกอยอสอ
วิธีไปห้องกอยอสอ
สามารถลงทะเบียนเรียนได้ถึงวันไหน
สามารถลงทะเบียนเรียนได้ถึงวันไหน
สามารถลงทะเบียนเรียนได้ถึงวันไหน
สามารถลงทะเบียนเรียนได้ถึงวันไหน
สามารถลงทะเบียนเรียนได้ถึงวันไหน
สามารถลงทะเบียนเรียนได้ถึงวันไหน
สามารถลงทะเบียนเรียนได้ถึงวันไหน
สามารถลงทะเบียนเรียนได้ถึงวันไหน
สามารถลงทะเบียนเรียนได้ถึงวันไหน
สามารถลงทะเบียนเรียนได้ถึงวันไหน
สามารถถอนรายวิชาได้ถึงเมื่อไหร่
สามารถถอนรายวิชาได้ถึงเมื่อไหร่
สามารถถอนรายวิชาได้ถึงเมื่อไหร่
สามารถถอนรายวิชาได้ถึงเมื่อไหร่
สามารถถอนรายวิชาได้ถึงเมื่อไหร่
สามารถถอนรายวิชาได้ถึงเมื่อไหร่
สามารถถอนรายวิชาได้ถึงเมื่อไหร่
สามารถถอนรายวิชาได้ถึงเมื่อไหร่
สามารถถอนรายวิชาได้ถึงเมื่อไหร่
สามารถถอนรายวิชาได้ถึงเมื่อไหร่
วันเปิดเรียน
วันเปิดเรียน
วันเปิดเรียน
วันเปิดเรียน
วันเปิดเรียน
วันเปิดเรียน
วันเปิดเรียน
วันเปิดเรียน
วันเปิดเรียน
วันเปิดเรียน
จ่ายค่าเทอมผ่านทางไหนได้บ้าง
จ่ายค่าเทอมผ่านทางไหนได้บ้าง
จ่ายค่าเทอมผ่านทางไหนได้บ้าง
จ่ายค่าเทอมผ่านทางไหนได้บ้าง
จ่ายค่าเทอมผ่านทางไหนได้บ้าง
จ่ายค่าเทอมผ่านทางไหนได้บ้าง
จ่ายค่าเทอมผ่านทางไหนได้บ้าง
จ่ายค่าเทอมผ่านทางไหนได้บ้าง
จ่ายค่าเทอมผ่านทางไหนได้บ้าง
จ่ายค่าเทอมผ่านทางไหนได้บ้าง
ที่นี่มีสาขาอะไรบ้าง
ที่นี่มีสาขาอะไรบ้าง
ที่นี่มีสาขาอะไรบ้าง
ที่นี่มีสาขาอะไรบ้าง
ที่นี่มีสาขาอะไรบ้าง
ที่นี่มีสาขาอะไรบ้าง
ที่นี่มีสาขาอะไรบ้าง
ที่นี่มีสาขาอะไรบ้าง
ที่นี่มีสาขาอะไรบ้าง
ที่นี่มีสาขาอะไรบ้าง
สามารถสมัครที่นี่เลยได้มั้ย
สามารถสมัครที่นี่เลยได้มั้ย
สามารถสมัครที่นี่เลยได้มั้ย
สามารถสมัครที่นี่เลยได้มั้ย
สามารถสมัครที่นี่เลยได้มั้ย
สามารถสมัครที่นี่เลยได้มั้ย
สามารถสมัครที่นี่เลยได้มั้ย
สามารถสมัครที่นี่เลยได้มั้ย
สามารถสมัครที่นี่เลยได้มั้ย
สามารถสมัครที่นี่เลยได้มั้ย
สาขาอื่นสมัครที่ไหน
สาขาอื่นสมัครที่ไหน
สาขาอื่นสมัครที่ไหน
สาขาอื่นสมัครที่ไหน
สาขาอื่นสมัครที่ไหน
สาขาอื่นสมัครที่ไหน
สาขาอื่นสมัครที่ไหน
สาขาอื่นสมัครที่ไหน
สาขาอื่นสมัครที่ไหน
สาขาอื่นสมัครที่ไหน
ขอเบอร์โทรคณะหน่อย
ขอเบอร์โทรคณะหน่อย
ขอเบอร์โทรคณะหน่อย
ขอเบอร์โทรคณะหน่อย
ขอเบอร์โทรคณะหน่อย
ขอเบอร์โทรคณะหน่อย
ขอเบอร์โทรคณะหน่อย
ขอเบอร์โทรคณะหน่อย
ขอเบอร์โทรคณะหน่อย
ขอเบอร์โทรคณะหน่อย
ติดต่องานบริหารไปที่ไหน
ติดต่องานบริหารไปที่ไหน
ติดต่องานบริหารไปที่ไหน
ติดต่องานบริหารไปที่ไหน
ติดต่องานบริหารไปที่ไหน
ติดต่องานบริหารไปที่ไหน
ติดต่องานบริหารไปที่ไหน
ติดต่องานบริหารไปที่ไหน
ติดต่องานบริหารไปที่ไหน
ติดต่องานบริหารไปที่ไหน
ห้องประชุมรีราวดีอยู่ไหน
ห้องประชุมรีราวดีอยู่ไหน
ห้องประชุมรีราวดีอยู่ไหน
ห้องประชุมรีราวดีอยู่ไหน
ห้องประชุมรีราวดีอยู่ไหน
ห้องประชุมรีราวดีอยู่ไหน
ห้องประชุมรีราวดีอยู่ไหน
ห้องประชุมรีราวดีอยู่ไหน
ห้องประชุมรีราวดีอยู่ไหน
ห้องประชุมรีราวดีอยู่ไหน
ห้องประชุมเจ้าพระยาหนึ่งอยู่ไหน
ห้องประชุมเจ้าพระยาหนึ่งอยู่ไหน
ห้องประชุมเจ้าพระยาหนึ่งอยู่ไหน
ห้องประชุมเจ้าพระยาหนึ่งอยู่ไหน
ห้องประชุมเจ้าพระยาหนึ่งอยู่ไหน
ห้องประชุมเจ้าพระยาหนึ่งอยู่ไหน
ห้องประชุมเจ้าพระยาหนึ่งอยู่ไหน
ห้องประชุมเจ้าพระยาหนึ่งอยู่ไหน
ห้องประชุมเจ้าพระยาหนึ่งอยู่ไหน
ห้องประชุมเจ้าพระยาหนึ่งอยู่ไหน
ห้องประชุมเจ้าพระยาสองอยู่ไหน
ห้องประชุมเจ้าพระยาสองอยู่ไหน
ห้องประชุมเจ้าพระยาสองอยู่ไหน
ห้องประชุมเจ้าพระยาสองอยู่ไหน
ห้องประชุมเจ้าพระยาสองอยู่ไหน
ห้องประชุมเจ้าพระยาสองอยู่ไหน
ห้องประชุมเจ้าพระยาสองอยู่ไหน
ห้องประชุมเจ้าพระยาสองอยู่ไหน
ห้องประชุมเจ้าพระยาสองอยู่ไหน
ห้องประชุมเจ้าพระยาสองอยู่ไหน
iMac ขายยังไง
ไปตึก mechatronic ยังไง
ฝนตกหนักเลย
ฝนตกหนักเลย
ฝนตกหนักเลย
ฝนตกหนักเลย
ฝนตกหนักเลย
ฝนตกหนักเลย
ฝนตกหนักเลย
ฝนตกหนักเลย
ฝนตกหนักเลย
ฝนตกหนักเลย
หวัดดี
หวัดดี
หวัดดี
หวัดดี
หวัดดี
หวัดดี
หวัดดี
หวัดดี
หวัดดี
หวัดดี
ไง
ไง
ไง
ไง
ไง
ไง
ไง
ไง
ไง
ไง
ดีจ้า
ดีจ้า
ดีจ้า
ดีจ้า
ดีจ้า
ดีจ้า
ดีจ้า
ดีจ้า
ดีจ้า
ดีจ้า
มีใครอยู่ไหม
มีใครอยู่ไหม
มีใครอยู่ไหม
มีใครอยู่ไหม
มีใครอยู่ไหม
มีใครอยู่ไหม
มีใครอยู่ไหม
มีใครอยู่ไหม
มีใครอยู่ไหม
มีใครอยู่ไหม
โอเคไหม
โอเคไหม
โอเคไหม
โอเคไหม
โอเคไหม
โอเคไหม
โอเคไหม
โอเคไหม
โอเคไหม
โอเคไหม
เฮ้
เฮ้
เฮ้
เฮ้
เฮ้
เฮ้
เฮ้
เฮ้
เฮ้
เฮ้
ทักครับ
ทักครับ
ทักครับ
ทักครับ
ทักครับ
ทักครับ
ทักครับ
ทักครับ
ทักครับ
ทักครับ
หวัดดี
หวัดดี
หวัดดี
หวัดดี
หวัดดี
หวัดดี
หวัดดี
หวัดดี
หวัดดี
หวัดดี
ไง
ไง
ไง
ไง
ไง
ไง
ไง
ไง
ไง
ไง
ดีจ้า
ดีจ้า
ดีจ้า
ดีจ้า
ดีจ้า
ดีจ้า
ดีจ้า
ดีจ้า
ดีจ้า
ดีจ้า
มีใครอยู่ไหม
มีใครอยู่ไหม
มีใครอยู่ไหม
มีใครอยู่ไหม
มีใครอยู่ไหม
มีใครอยู่ไหม
มีใครอยู่ไหม
มีใครอยู่ไหม
มีใครอยู่ไหม
มีใครอยู่ไหม
โอเคไหม
โอเคไหม
โอเคไหม
โอเคไหม
โอเคไหม
โอเคไหม
โอเคไหม
โอเคไหม
โอเคไหม
โอเคไหม
เฮ้
เฮ้
เฮ้
เฮ้
เฮ้
เฮ้
เฮ้
เฮ้
เฮ้
เฮ้
ทักครับ
ทักครับ
ทักครับ
ทักครับ
ทักครับ
ทักครับ
ทักครับ
ทักครับ
ทักครับ
ทักครับ
ขอบใจจ้า
ขอบใจจ้า
ขอบใจจ้า
ขอบใจจ้า
ขอบใจจ้า
ขอบใจจ้า
ขอบใจจ้า
ขอบใจจ้า
ขอบใจจ้า
ขอบใจจ้า
ซึ้งใจเลย
ซึ้งใจเลย
ซึ้งใจเลย
ซึ้งใจเลย
ซึ้งใจเลย
ซึ้งใจเลย
ซึ้งใจเลย
ซึ้งใจเลย
ซึ้งใจเลย
ซึ้งใจเลย
ขอบพระคุณ
ขอบพระคุณ
ขอบพระคุณ
ขอบพระคุณ
ขอบพระคุณ
ขอบพระคุณ
ขอบพระคุณ
ขอบพระคุณ
ขอบพระคุณ
ขอบพระคุณ
บอกชื่อหน่อย
บอกชื่อหน่อย
บอกชื่อหน่อย
บอกชื่อหน่อย
บอกชื่อหน่อย
บอกชื่อหน่อย
บอกชื่อหน่อย
บอกชื่อหน่อย
บอกชื่อหน่อย
บอกชื่อหน่อย
ใครครับ
ใครครับ
ใครครับ
ใครครับ
ใครครับ
ใครครับ
ใครครับ
ใครครับ
ใครครับ
ใครครับ
มีชื่อไหม
มีชื่อไหม
มีชื่อไหม
มีชื่อไหม
มีชื่อไหม
มีชื่อไหม
มีชื่อไหม
มีชื่อไหม
มีชื่อไหม
มีชื่อไหม
เรียกว่าอะไรดี
เรียกว่าอะไรดี
เรียกว่าอะไรดี
เรียกว่าอะไรดี
เรียกว่าอะไรดี
เรียกว่าอะไรดี
เรียกว่าอะไรดี
เรียกว่าอะไรดี
เรียกว่าอะไรดี
เรียกว่าอะไรดี
ชื่อคุณคือ
ชื่อคุณคือ
ชื่อคุณคือ
ชื่อคุณคือ
ชื่อคุณคือ
ชื่อคุณคือ
ชื่อคุณคือ
ชื่อคุณคือ
ชื่อคุณคือ
ชื่อคุณคือ
ขอชื่อหน่อย
ขอชื่อหน่อย
ขอชื่อหน่อย
ขอชื่อหน่อย
ขอชื่อหน่อย
ขอชื่อหน่อย
ขอชื่อหน่อย
ขอชื่อหน่อย
ขอชื่อหน่อย
ขอชื่อหน่อย
หวัดดี
หวัดดี
หวัดดี
หวัดดี
หวัดดี
หวัดดี
หวัดดี
หวัดดี
หวัดดี
หวัดดี
ไง
ไง
ไง
ไง
ไง
ไง
ไง
ไง
ไง
ไง
ดีจ้า
ดีจ้า
ดีจ้า
ดีจ้า
ดีจ้า
ดีจ้า
ดีจ้า
ดีจ้า
ดีจ้า
ดีจ้า
มีใครอยู่ไหม
มีใครอยู่ไหม
มีใครอยู่ไหม
มีใครอยู่ไหม
มีใครอยู่ไหม
มีใครอยู่ไหม
มีใครอยู่ไหม
มีใครอยู่ไหม
มีใครอยู่ไหม
มีใครอยู่ไหม
โอเคไหม
โอเคไหม
โอเคไหม
โอเคไหม
โอเคไหม
โอเคไหม
โอเคไหม
โอเคไหม
โอเคไหม
โอเคไหม
เฮ้
เฮ้
เฮ้
เฮ้
เฮ้
เฮ้
เฮ้
เฮ้
เฮ้
เฮ้
ทักครับ
ทักครับ
ทักครับ
ทักครับ
ทักครับ
ทักครับ
ทักครับ
ทักครับ
ทักครับ
ทักครับ
ขอบใจจ้า
ขอบใจจ้า
ขอบใจจ้า
ขอบใจจ้า
ขอบใจจ้า
ขอบใจจ้า
ขอบใจจ้า
ขอบใจจ้า
ขอบใจจ้า
ขอบใจจ้า
ซึ้งใจเลย
ซึ้งใจเลย
ซึ้งใจเลย
ซึ้งใจเลย
ซึ้งใจเลย
ซึ้งใจเลย
ซึ้งใจเลย
ซึ้งใจเลย
ซึ้งใจเลย
ซึ้งใจเลย
ขอบพระคุณ
ขอบพระคุณ
ขอบพระคุณ
ขอบพระคุณ
ขอบพระคุณ
ขอบพระคุณ
ขอบพระคุณ
ขอบพระคุณ
ขอบพระคุณ
ขอบพระคุณ
บอกชื่อหน่อย
บอกชื่อหน่อย
บอกชื่อหน่อย
บอกชื่อหน่อย
บอกชื่อหน่อย
บอกชื่อหน่อย
บอกชื่อหน่อย
บอกชื่อหน่อย
บอกชื่อหน่อย
บอกชื่อหน่อย
ใครครับ
ใครครับ
ใครครับ
ใครครับ
ใครครับ
ใครครับ
ใครครับ
ใครครับ
ใครครับ
ใครครับ
มีชื่อไหม
มีชื่อไหม
มีชื่อไหม
มีชื่อไหม
มีชื่อไหม
มีชื่อไหม
มีชื่อไหม
มีชื่อไหม
มีชื่อไหม
มีชื่อไหม
เรียกว่าอะไรดี
เรียกว่าอะไรดี
เรียกว่าอะไรดี
เรียกว่าอะไรดี
เรียกว่าอะไรดี
เรียกว่าอะไรดี
เรียกว่าอะไรดี
เรียกว่าอะไรดี
เรียกว่าอะไรดี
เรียกว่าอะไรดี
ชื่อคุณคือ
ชื่อคุณคือ
ชื่อคุณคือ
ชื่อคุณคือ
ชื่อคุณคือ
ชื่อคุณคือ
ชื่อคุณคือ
ชื่อคุณคือ
ชื่อคุณคือ
ชื่อคุณคือ
ขอชื่อหน่อย
ขอชื่อหน่อย
ขอชื่อหน่อย
ขอชื่อหน่อย
ขอชื่อหน่อย
ขอชื่อหน่อย
ขอชื่อหน่อย
ขอชื่อหน่อย
ขอชื่อหน่อย
ขอชื่อหน่อย
ลาก่อน
ลาก่อน
ลาก่อน
ลาก่อน
ลาก่อน
ลาก่อน
ลาก่อน
ลาก่อน
ลาก่อน
ลาก่อน
ไปละครับ
ไปละครับ
ไปละครับ
ไปละครับ
ไปละครับ
ไปละครับ
ไปละครับ
ไปละครับ
ไปละครับ
ไปละครับ
คุณโอเคไหม
คุณโอเคไหม
คุณโอเคไหม
คุณโอเคไหม
คุณโอเคไหม
คุณโอเคไหม
คุณโอเคไหม
คุณโอเคไหม
คุณโอเคไหม
คุณโอเคไหม
เป็นไงครับ
เป็นไงครับ
เป็นไงครับ
เป็นไงครับ
เป็นไงครับ
เป็นไงครับ
เป็นไงครับ
เป็นไงครับ
เป็นไงครับ
เป็นไงครับ
เป็นไงจ๊ะ
เป็นไงจ๊ะ
เป็นไงจ๊ะ
เป็นไงจ๊ะ
เป็นไงจ๊ะ
เป็นไงจ๊ะ
เป็นไงจ๊ะ
เป็นไงจ๊ะ
เป็นไงจ๊ะ
เป็นไงจ๊ะ
ช่วงนี้โอเคไหม
ช่วงนี้โอเคไหม
ช่วงนี้โอเคไหม
ช่วงนี้โอเคไหม
ช่วงนี้โอเคไหม
ช่วงนี้โอเคไหม
ช่วงนี้โอเคไหม
ช่วงนี้โอเคไหม
ช่วงนี้โอเคไหม
ช่วงนี้โอเคไหม
วันนี้เป็นไง
วันนี้เป็นไง
วันนี้เป็นไง
วันนี้เป็นไง
วันนี้เป็นไง
วันนี้เป็นไง
วันนี้เป็นไง
วันนี้เป็นไง
วันนี้เป็นไง
วันนี้เป็นไง
สุขภาพดีไหม
สุขภาพดีไหม
สุขภาพดีไหม
สุขภาพดีไหม
สุขภาพดีไหม
สุขภาพดีไหม
สุขภาพดีไหม
สุขภาพดีไหม
สุขภาพดีไหม
สุขภาพดีไหม
สบายดีนะ
สบายดีนะ
สบายดีนะ
สบายดีนะ
สบายดีนะ
สบายดีนะ
สบายดีนะ
สบายดีนะ
สบายดีนะ
สบายดีนะ
หวัดดี
หวัดดี
หวัดดี
หวัดดี
หวัดดี
หวัดดี
หวัดดี
หวัดดี
หวัดดี
หวัดดี
ไง
ไง
ไง
ไง
ไง
ไง
ไง
ไง
ไง
ไง
ดีจ้า
ดีจ้า
ดีจ้า
ดีจ้า
ดีจ้า
ดีจ้า
ดีจ้า
ดีจ้า
ดีจ้า
ดีจ้า
มีใครอยู่ไหม
มีใครอยู่ไหม
มีใครอยู่ไหม
มีใครอยู่ไหม
มีใครอยู่ไหม
มีใครอยู่ไหม
มีใครอยู่ไหม
มีใครอยู่ไหม
มีใครอยู่ไหม
มีใครอยู่ไหม
โอเคไหม
โอเคไหม
โอเคไหม
โอเคไหม
โอเคไหม
โอเคไหม
โอเคไหม
โอเคไหม
โอเคไหม
โอเคไหม
เฮ้
เฮ้
เฮ้
เฮ้
เฮ้
เฮ้
เฮ้
เฮ้
เฮ้
เฮ้
ทักครับ
ทักครับ
ทักครับ
ทักครับ
ทักครับ
ทักครับ
ทักครับ
ทักครับ
ทักครับ
ทักครับ
ขอบใจจ้า
ขอบใจจ้า
ขอบใจจ้า
ขอบใจจ้า
ขอบใจจ้า
ขอบใจจ้า
ขอบใจจ้า
ขอบใจจ้า
ขอบใจจ้า
ขอบใจจ้า
ซึ้งใจเลย
ซึ้งใจเลย
ซึ้งใจเลย
ซึ้งใจเลย
ซึ้งใจเลย
ซึ้งใจเลย
ซึ้งใจเลย
ซึ้งใจเลย
ซึ้งใจเลย
ซึ้งใจเลย
ขอบพระคุณ
ขอบพระคุณ
ขอบพระคุณ
ขอบพระคุณ
ขอบพระคุณ
ขอบพระคุณ
ขอบพระคุณ
ขอบพระคุณ
ขอบพระคุณ
ขอบพระคุณ
บอกชื่อหน่อย
บอกชื่อหน่อย
บอกชื่อหน่อย
บอกชื่อหน่อย
บอกชื่อหน่อย
บอกชื่อหน่อย
บอกชื่อหน่อย
บอกชื่อหน่อย
บอกชื่อหน่อย
บอกชื่อหน่อย
ใครครับ
ใครครับ
ใครครับ
ใครครับ
ใครครับ
ใครครับ
ใครครับ
ใครครับ
ใครครับ
ใครครับ
มีชื่อไหม
มีชื่อไหม
มีชื่อไหม
มีชื่อไหม
มีชื่อไหม
มีชื่อไหม
มีชื่อไหม
มีชื่อไหม
มีชื่อไหม
มีชื่อไหม
เรียกว่าอะไรดี
เรียกว่าอะไรดี
เรียกว่าอะไรดี
เรียกว่าอะไรดี
เรียกว่าอะไรดี
เรียกว่าอะไรดี
เรียกว่าอะไรดี
เรียกว่าอะไรดี
เรียกว่าอะไรดี
เรียกว่าอะไรดี
ชื่อคุณคือ
ชื่อคุณคือ
ชื่อคุณคือ
ชื่อคุณคือ
ชื่อคุณคือ
ชื่อคุณคือ
ชื่อคุณคือ
ชื่อคุณคือ
ชื่อคุณคือ
ชื่อคุณคือ
ขอชื่อหน่อย
ขอชื่อหน่อย
ขอชื่อหน่อย
ขอชื่อหน่อย
ขอชื่อหน่อย
ขอชื่อหน่อย
ขอชื่อหน่อย
ขอชื่อหน่อย
ขอชื่อหน่อย
ขอชื่อหน่อย
ลาก่อน
ลาก่อน
ลาก่อน
ลาก่อน
ลาก่อน
ลาก่อน
ลาก่อน
ลาก่อน
ลาก่อน
ลาก่อน
ไปละครับ
ไปละครับ
ไปละครับ
ไปละครับ
ไปละครับ
ไปละครับ
ไปละครับ
ไปละครับ
ไปละครับ
ไปละครับ
คุณโอเคไหม
คุณโอเคไหม
คุณโอเคไหม
คุณโอเคไหม
คุณโอเคไหม
คุณโอเคไหม
คุณโอเคไหม
คุณโอเคไหม
คุณโอเคไหม
คุณโอเคไหม
เป็นไงครับ
เป็นไงครับ
เป็นไงครับ
เป็นไงครับ
เป็นไงครับ
เป็นไงครับ
เป็นไงครับ
เป็นไงครับ
เป็นไงครับ
เป็นไงครับ
เป็นไงจ๊ะ
เป็นไงจ๊ะ
เป็นไงจ๊ะ
เป็นไงจ๊ะ
เป็นไงจ๊ะ
เป็นไงจ๊ะ
เป็นไงจ๊ะ
เป็นไงจ๊ะ
เป็นไงจ๊ะ
เป็นไงจ๊ะ
ช่วงนี้โอเคไหม
ช่วงนี้โอเคไหม
ช่วงนี้โอเคไหม
ช่วงนี้โอเคไหม
ช่วงนี้โอเคไหม
ช่วงนี้โอเคไหม
ช่วงนี้โอเคไหม
ช่วงนี้โอเคไหม
ช่วงนี้โอเคไหม
ช่วงนี้โอเคไหม
วันนี้เป็นไง
วันนี้เป็นไง
วันนี้เป็นไง
วันนี้เป็นไง
วันนี้เป็นไง
วันนี้เป็นไง
วันนี้เป็นไง
วันนี้เป็นไง
วันนี้เป็นไง
วันนี้เป็นไง
สุขภาพดีไหม
สุขภาพดีไหม
สุขภาพดีไหม
สุขภาพดีไหม
สุขภาพดีไหม
สุขภาพดีไหม
สุขภาพดีไหม
สุขภาพดีไหม
สุขภาพดีไหม
สุขภาพดีไหม
สบายดีนะ
สบายดีนะ
สบายดีนะ
สบายดีนะ
สบายดีนะ
สบายดีนะ
สบายดีนะ
สบายดีนะ
สบายดีนะ
สบายดีนะ
คุณคือหุ่นยนต์หรือเปล่า
คุณคือหุ่นยนต์หรือเปล่า
คุณคือหุ่นยนต์หรือเปล่า
คุณคือหุ่นยนต์หรือเปล่า
คุณคือหุ่นยนต์หรือเปล่า
คุณคือหุ่นยนต์หรือเปล่า
คุณคือหุ่นยนต์หรือเปล่า
คุณคือหุ่นยนต์หรือเปล่า
คุณคือหุ่นยนต์หรือเปล่า
คุณคือหุ่นยนต์หรือเปล่า
คุณเป็นหุ่นยนต์ใช่ไหม
คุณเป็นหุ่นยนต์ใช่ไหม
คุณเป็นหุ่นยนต์ใช่ไหม
คุณเป็นหุ่นยนต์ใช่ไหม
คุณเป็นหุ่นยนต์ใช่ไหม
คุณเป็นหุ่นยนต์ใช่ไหม
คุณเป็นหุ่นยนต์ใช่ไหม
คุณเป็นหุ่นยนต์ใช่ไหม
คุณเป็นหุ่นยนต์ใช่ไหม
คุณเป็นหุ่นยนต์ใช่ไหม
นี่คือหุ่นยนต์หรือเปล่า
นี่คือหุ่นยนต์หรือเปล่า
นี่คือหุ่นยนต์หรือเปล่า
นี่คือหุ่นยนต์หรือเปล่า
นี่คือหุ่นยนต์หรือเปล่า
นี่คือหุ่นยนต์หรือเปล่า
นี่คือหุ่นยนต์หรือเปล่า
นี่คือหุ่นยนต์หรือเปล่า
นี่คือหุ่นยนต์หรือเปล่า
นี่คือหุ่นยนต์หรือเปล่า
คุณเป็น AI ไหม
คุณเป็น AI ไหม
คุณเป็น AI ไหม
คุณเป็น AI ไหม
คุณเป็น AI ไหม
คุณเป็น AI ไหม
คุณเป็น AI ไหม
คุณเป็น AI ไหม
คุณเป็น AI ไหม
คุณเป็น AI ไหม
คุณคือเครื่องจักรใช่ไหม
คุณคือเครื่องจักรใช่ไหม
คุณคือเครื่องจักรใช่ไหม
คุณคือเครื่องจักรใช่ไหม
คุณคือเครื่องจักรใช่ไหม
คุณคือเครื่องจักรใช่ไหม
คุณคือเครื่องจักรใช่ไหม
คุณคือเครื่องจักรใช่ไหม
คุณคือเครื่องจักรใช่ไหม
คุณคือเครื่องจักรใช่ไหม
คุณเป็นโปรแกรมหรือเปล่า
คุณเป็นโปรแกรมหรือเปล่า
คุณเป็นโปรแกรมหรือเปล่า
คุณเป็นโปรแกรมหรือเปล่า
คุณเป็นโปรแกรมหรือเปล่า
คุณเป็นโปรแกรมหรือเปล่า
คุณเป็นโปรแกรมหรือเปล่า
คุณเป็นโปรแกรมหรือเปล่า
คุณเป็นโปรแกรมหรือเปล่า
คุณเป็นโปรแกรมหรือเปล่า
คุณคือโรบอทใช่ไหม
คุณคือโรบอทใช่ไหม
คุณคือโรบอทใช่ไหม
คุณคือโรบอทใช่ไหม
คุณคือโรบอทใช่ไหม
คุณคือโรบอทใช่ไหม
คุณคือโรบอทใช่ไหม
คุณคือโรบอทใช่ไหม
คุณคือโรบอทใช่ไหม
คุณคือโรบอทใช่ไหม
บอกความสามารถหน่อย
บอกความสามารถหน่อย
บอกความสามารถหน่อย
บอกความสามารถหน่อย
บอกความสามารถหน่อย
บอกความสามารถหน่อย
บอกความสามารถหน่อย
บอกความสามารถหน่อย
บอกความสามารถหน่อย
บอกความสามารถหน่อย
คุณช่วยอะไรได้
คุณช่วยอะไรได้
คุณช่วยอะไรได้
คุณช่วยอะไรได้
คุณช่วยอะไรได้
คุณช่วยอะไรได้
คุณช่วยอะไรได้
คุณช่วยอะไรได้
คุณช่วยอะไรได้
คุณช่วยอะไรได้
คุณเก่งเรื่องอะไร
คุณเก่งเรื่องอะไร
คุณเก่งเรื่องอะไร
คุณเก่งเรื่องอะไร
คุณเก่งเรื่องอะไร
คุณเก่งเรื่องอะไร
คุณเก่งเรื่องอะไร
คุณเก่งเรื่องอะไร
คุณเก่งเรื่องอะไร
คุณเก่งเรื่องอะไร
คุณทำงานยังไง
คุณทำงานยังไง
คุณทำงานยังไง
คุณทำงานยังไง
คุณทำงานยังไง
คุณทำงานยังไง
คุณทำงานยังไง
คุณทำงานยังไง
คุณทำงานยังไง
คุณทำงานยังไง
คุณทำอะไรเป็น
คุณทำอะไรเป็น
คุณทำอะไรเป็น
คุณทำอะไรเป็น
คุณทำอะไรเป็น
คุณทำอะไรเป็น
คุณทำอะไรเป็น
คุณทำอะไรเป็น
คุณทำอะไรเป็น
คุณทำอะไรเป็น
ช่วยเล่าความสามารถ
ช่วยเล่าความสามารถ
ช่วยเล่าความสามารถ
ช่วยเล่าความสามารถ
ช่วยเล่าความสามารถ
ช่วยเล่าความสามารถ
ช่วยเล่าความสามารถ
ช่วยเล่าความสามารถ
ช่วยเล่าความสามารถ
ช่วยเล่าความสามารถ
คุณช่วยฉันได้ไหม
คุณช่วยฉันได้ไหม
คุณช่วยฉันได้ไหม
คุณช่วยฉันได้ไหม
คุณช่วยฉันได้ไหม
คุณช่วยฉันได้ไหม
คุณช่วยฉันได้ไหม
คุณช่วยฉันได้ไหม
คุณช่วยฉันได้ไหม
คุณช่วยฉันได้ไหม
คุณตอบคำถามได้ไหม
คุณตอบคำถามได้ไหม
คุณตอบคำถามได้ไหม
คุณตอบคำถามได้ไหม
คุณตอบคำถามได้ไหม
คุณตอบคำถามได้ไหม
คุณตอบคำถามได้ไหม
คุณตอบคำถามได้ไหม
คุณตอบคำถามได้ไหม
คุณตอบคำถามได้ไหม
คุณทำงานแบบไหน
คุณทำงานแบบไหน
คุณทำงานแบบไหน
คุณทำงานแบบไหน
คุณทำงานแบบไหน
คุณทำงานแบบไหน
คุณทำงานแบบไหน
คุณทำงานแบบไหน
คุณทำงานแบบไหน
คุณทำงานแบบไหน
คุณมีฟีเจอร์อะไร
คุณมีฟีเจอร์อะไร
คุณมีฟีเจอร์อะไร
คุณมีฟีเจอร์อะไร
คุณมีฟีเจอร์อะไร
คุณมีฟีเจอร์อะไร
คุณมีฟีเจอร์อะไร
คุณมีฟีเจอร์อะไร
คุณมีฟีเจอร์อะไร
คุณมีฟีเจอร์อะไร
เล่าเกี่ยวกับคุณสิ
เล่าเกี่ยวกับคุณสิ
เล่าเกี่ยวกับคุณสิ
เล่าเกี่ยวกับคุณสิ
เล่าเกี่ยวกับคุณสิ
เล่าเกี่ยวกับคุณสิ
เล่าเกี่ยวกับคุณสิ
เล่าเกี่ยวกับคุณสิ
เล่าเกี่ยวกับคุณสิ
เล่าเกี่ยวกับคุณสิ
คุณมีความสามารถพิเศษไหม
คุณมีความสามารถพิเศษไหม
คุณมีความสามารถพิเศษไหม
คุณมีความสามารถพิเศษไหม
คุณมีความสามารถพิเศษไหม
คุณมีความสามารถพิเศษไหม
คุณมีความสามารถพิเศษไหม
คุณมีความสามารถพิเศษไหม
คุณมีความสามารถพิเศษไหม
คุณมีความสามารถพิเศษไหม
คุณทำได้กี่อย่าง
คุณทำได้กี่อย่าง
คุณทำได้กี่อย่าง
คุณทำได้กี่อย่าง
คุณทำได้กี่อย่าง
คุณทำได้กี่อย่าง
คุณทำได้กี่อย่าง
คุณทำได้กี่อย่าง
คุณทำได้กี่อย่าง
คุณทำได้กี่อย่าง
บอกสิว่าทำอะไรได้
บอกสิว่าทำอะไรได้
บอกสิว่าทำอะไรได้
บอกสิว่าทำอะไรได้
บอกสิว่าทำอะไรได้
บอกสิว่าทำอะไรได้
บอกสิว่าทำอะไรได้
บอกสิว่าทำอะไรได้
บอกสิว่าทำอะไรได้
บอกสิว่าทำอะไรได้
คุณมีความรู้ด้านไหน
คุณมีความรู้ด้านไหน
คุณมีความรู้ด้านไหน
คุณมีความรู้ด้านไหน
คุณมีความรู้ด้านไหน
คุณมีความรู้ด้านไหน
คุณมีความรู้ด้านไหน
คุณมีความรู้ด้านไหน
คุณมีความรู้ด้านไหน
คุณมีความรู้ด้านไหน
คุณทำหน้าที่อะไร
คุณทำหน้าที่อะไร
คุณทำหน้าที่อะไร
คุณทำหน้าที่อะไร
คุณทำหน้าที่อะไร
คุณทำหน้าที่อะไร
คุณทำหน้าที่อะไร
คุณทำหน้าที่อะไร
คุณทำหน้าที่อะไร
คุณทำหน้าที่อะไร
คุณทำอะไรเก่ง
คุณทำอะไรเก่ง
คุณทำอะไรเก่ง
คุณทำอะไรเก่ง
คุณทำอะไรเก่ง
คุณทำอะไรเก่ง
คุณทำอะไรเก่ง
คุณทำอะไรเก่ง
คุณทำอะไรเก่ง
คุณทำอะไรเก่ง
คุณช่วยอะไรบ้าง
คุณช่วยอะไรบ้าง
คุณช่วยอะไรบ้าง
คุณช่วยอะไรบ้าง
คุณช่วยอะไรบ้าง
คุณช่วยอะไรบ้าง
คุณช่วยอะไรบ้าง
คุณช่วยอะไรบ้าง
คุณช่วยอะไรบ้าง
คุณช่วยอะไรบ้าง
คุณมีประโยชน์ยังไง
คุณมีประโยชน์ยังไง
คุณมีประโยชน์ยังไง
คุณมีประโยชน์ยังไง
คุณมีประโยชน์ยังไง
คุณมีประโยชน์ยังไง
คุณมีประโยชน์ยังไง
คุณมีประโยชน์ยังไง
คุณมีประโยชน์ยังไง
คุณมีประโยชน์ยังไง
อากาศไม่ไหวเลย
อากาศไม่ไหวเลย
อากาศไม่ไหวเลย
อากาศไม่ไหวเลย
อากาศไม่ไหวเลย
อากาศไม่ไหวเลย
อากาศไม่ไหวเลย
อากาศไม่ไหวเลย
อากาศไม่ไหวเลย
อากาศไม่ไหวเลย
แดดร้อนแรงมาก
แดดร้อนแรงมาก
แดดร้อนแรงมาก
แดดร้อนแรงมาก
แดดร้อนแรงมาก
แดดร้อนแรงมาก
แดดร้อนแรงมาก
แดดร้อนแรงมาก
แดดร้อนแรงมาก
แดดร้อนแรงมาก
ฝนตกแล้ว
ฝนตกแล้ว
ฝนตกแล้ว
ฝนตกแล้ว
ฝนตกแล้ว
ฝนตกแล้ว
ฝนตกแล้ว
ฝนตกแล้ว
ฝนตกแล้ว
ฝนตกแล้ว
ฝนตกหนักเลย
ฝนตกหนักเลย
ฝนตกหนักเลย
ฝนตกหนักเลย
ฝนตกหนักเลย
ฝนตกหนักเลย
ฝนตกหนักเลย
ฝนตกหนักเลย
ฝนตกหนักเลย
ฝนตกหนักเลย
ฝนโปรยมาแล้ว
ฝนโปรยมาแล้ว
ฝนโปรยมาแล้ว
ฝนโปรยมาแล้ว
ฝนโปรยมาแล้ว
ฝนโปรยมาแล้ว
ฝนโปรยมาแล้ว
ฝนโปรยมาแล้ว
ฝนโปรยมาแล้ว
ฝนโปรยมาแล้ว
อยากเข้าห้องน้ำ
อยากเข้าห้องน้ำ
อยากเข้าห้องน้ำ
อยากเข้าห้องน้ำ
อยากเข้าห้องน้ำ
อยากเข้าห้องน้ำ
อยากเข้าห้องน้ำ
อยากเข้าห้องน้ำ
อยากเข้าห้องน้ำ
อยากเข้าห้องน้ำ
ขอเข้าห้องน้ำ
ขอเข้าห้องน้ำ
ขอเข้าห้องน้ำ
ขอเข้าห้องน้ำ
ขอเข้าห้องน้ำ
ขอเข้าห้องน้ำ
ขอเข้าห้องน้ำ
ขอเข้าห้องน้ำ
ขอเข้าห้องน้ำ
ขอเข้าห้องน้ำ
หิวแล้ว
หิวแล้ว
หิวแล้ว
หิวแล้ว
หิวแล้ว
หิวแล้ว
หิวแล้ว
หิวแล้ว
หิวแล้ว
หิวแล้ว
อยากกินข้าว
อยากกินข้าว
อยากกินข้าว
อยากกินข้าว
อยากกินข้าว
อยากกินข้าว
อยากกินข้าว
อยากกินข้าว
อยากกินข้าว
อยากกินข้าว
ท้องร้องแล้ว
ท้องร้องแล้ว
ท้องร้องแล้ว
ท้องร้องแล้ว
ท้องร้องแล้ว
ท้องร้องแล้ว
ท้องร้องแล้ว
ท้องร้องแล้ว
ท้องร้องแล้ว
ท้องร้องแล้ว
อยากทานข้าว
อยากทานข้าว
อยากทานข้าว
อยากทานข้าว
อยากทานข้าว
อยากทานข้าว
อยากทานข้าว
อยากทานข้าว
อยากทานข้าว
อยากทานข้าว
อยากกินอาหาร
อยากกินอาหาร
อยากกินอาหาร
อยากกินอาหาร
อยากกินอาหาร
อยากกินอาหาร
อยากกินอาหาร
อยากกินอาหาร
อยากกินอาหาร
อยากกินอาหาร
มีอะไรให้กินไหม
มีอะไรให้กินไหม
มีอะไรให้กินไหม
มีอะไรให้กินไหม
มีอะไรให้กินไหม
มีอะไรให้กินไหม
มีอะไรให้กินไหม
มีอะไรให้กินไหม
มีอะไรให้กินไหม
มีอะไรให้กินไหม
หิวจะตายแล้ว
หิวจะตายแล้ว
หิวจะตายแล้ว
หิวจะตายแล้ว
หิวจะตายแล้ว
หิวจะตายแล้ว
หิวจะตายแล้ว
หิวจะตายแล้ว
หิวจะตายแล้ว
หิวจะตายแล้ว
ตอนนี้หิว
ตอนนี้หิว
ตอนนี้หิว
ตอนนี้หิว
ตอนนี้หิว
ตอนนี้หิว
ตอนนี้หิว
ตอนนี้หิว
ตอนนี้หิว
ตอนนี้หิว
อยากกินซุปอุ่นๆ
อยากกินซุปอุ่นๆ
อยากกินซุปอุ่นๆ
อยากกินซุปอุ่นๆ
อยากกินซุปอุ่นๆ
อยากกินซุปอุ่นๆ
อยากกินซุปอุ่นๆ
อยากกินซุปอุ่นๆ
อยากกินซุปอุ่นๆ
อยากกินซุปอุ่นๆ
อยากทานของร้อนๆ
อยากทานของร้อนๆ
อยากทานของร้อนๆ
อยากทานของร้อนๆ
อยากทานของร้อนๆ
อยากทานของร้อนๆ
อยากทานของร้อนๆ
อยากทานของร้อนๆ
อยากทานของร้อนๆ
อยากทานของร้อนๆ
นี่คือการทดสอบ
นี่คือการทดสอบ
นี่คือการทดสอบ
นี่คือการทดสอบ
นี่คือการทดสอบ
นี่คือการทดสอบ
นี่คือการทดสอบ
นี่คือการทดสอบ
นี่คือการทดสอบ
นี่คือการทดสอบ
ทดสอบเสียง
ทดสอบเสียง
ทดสอบเสียง
ทดสอบเสียง
ทดสอบเสียง
ทดสอบเสียง
ทดสอบเสียง
ทดสอบเสียง
ทดสอบเสียง
ทดสอบเสียง
เทสต์
เทสต์
เทสต์
เทสต์
เทสต์
เทสต์
เทสต์
เทสต์
เทสต์
เทสต์
ขอลองทดสอบ
ขอลองทดสอบ
ขอลองทดสอบ
ขอลองทดสอบ
ขอลองทดสอบ
ขอลองทดสอบ
ขอลองทดสอบ
ขอลองทดสอบ
ขอลองทดสอบ
ขอลองทดสอบ
ทดสอบอีกครั้ง
ทดสอบอีกครั้ง
ทดสอบอีกครั้ง
ทดสอบอีกครั้ง
ทดสอบอีกครั้ง
ทดสอบอีกครั้ง
ทดสอบอีกครั้ง
ทดสอบอีกครั้ง
ทดสอบอีกครั้ง
ทดสอบอีกครั้ง
ขอลองดู
ขอลองดู
ขอลองดู
ขอลองดู
ขอลองดู
ขอลองดู
ขอลองดู
ขอลองดู
ขอลองดู
ขอลองดู
ลองใช้งาน
ลองใช้งาน
ลองใช้งาน
ลองใช้งาน
ลองใช้งาน
ลองใช้งาน
ลองใช้งาน
ลองใช้งาน
ลองใช้งาน
ลองใช้งาน
ทดสอบการตอบ
ทดสอบการตอบ
ทดสอบการตอบ
ทดสอบการตอบ
ทดสอบการตอบ
ทดสอบการตอบ
ทดสอบการตอบ
ทดสอบการตอบ
ทดสอบการตอบ
ทดสอบการตอบ
เหงาจัง
เหงาจัง
เหงาจัง
เหงาจัง
เหงาจัง
เหงาจัง
เหงาจัง
เหงาจัง
เหงาจัง
เหงาจัง
รู้สึกเหงา
รู้สึกเหงา
รู้สึกเหงา
รู้สึกเหงา
รู้สึกเหงา
รู้สึกเหงา
รู้สึกเหงา
รู้สึกเหงา
รู้สึกเหงา
รู้สึกเหงา
เหงามากเลย
เหงามากเลย
เหงามากเลย
เหงามากเลย
เหงามากเลย
เหงามากเลย
เหงามากเลย
เหงามากเลย
เหงามากเลย
เหงามากเลย
ไม่มีใครคุยด้วย
ไม่มีใครคุยด้วย
ไม่มีใครคุยด้วย
ไม่มีใครคุยด้วย
ไม่มีใครคุยด้วย
ไม่มีใครคุยด้วย
ไม่มีใครคุยด้วย
ไม่มีใครคุยด้วย
ไม่มีใครคุยด้วย
ไม่มีใครคุยด้วย
เหงาๆ
เหงาๆ
เหงาๆ
เหงาๆ
เหงาๆ
เหงาๆ
เหงาๆ
เหงาๆ
เหงาๆ
เหงาๆ
เหงาอยู่คนเดียว
เหงาอยู่คนเดียว
เหงาอยู่คนเดียว
เหงาอยู่คนเดียว
เหงาอยู่คนเดียว
เหงาอยู่คนเดียว
เหงาอยู่คนเดียว
เหงาอยู่คนเดียว
เหงาอยู่คนเดียว
เหงาอยู่คนเดียว
รู้สึกโดดเดี่ยว
รู้สึกโดดเดี่ยว
รู้สึกโดดเดี่ยว
รู้สึกโดดเดี่ยว
รู้สึกโดดเดี่ยว
รู้สึกโดดเดี่ยว
รู้สึกโดดเดี่ยว
รู้สึกโดดเดี่ยว
รู้สึกโดดเดี่ยว
รู้สึกโดดเดี่ยว
ไม่มีเพื่อน
ไม่มีเพื่อน
ไม่มีเพื่อน
ไม่มีเพื่อน
ไม่มีเพื่อน
ไม่มีเพื่อน
ไม่มีเพื่อน
ไม่มีเพื่อน
ไม่มีเพื่อน
ไม่มีเพื่อน
เบื่อและเหงา
เบื่อและเหงา
เบื่อและเหงา
เบื่อและเหงา
เบื่อและเหงา
เบื่อและเหงา
เบื่อและเหงา
เบื่อและเหงา
เบื่อและเหงา
เบื่อและเหงา
มีแฟนหรือยัง
มีแฟนหรือยัง
มีแฟนหรือยัง
มีแฟนหรือยัง
มีแฟนหรือยัง
มีแฟนหรือยัง
มีแฟนหรือยัง
มีแฟนหรือยัง
มีแฟนหรือยัง
มีแฟนหรือยัง
คุณมีแฟนไหม
คุณมีแฟนไหม
คุณมีแฟนไหม
คุณมีแฟนไหม
คุณมีแฟนไหม
คุณมีแฟนไหม
คุณมีแฟนไหม
คุณมีแฟนไหม
คุณมีแฟนไหม
คุณมีแฟนไหม
อยากรู้เรื่องแฟน
อยากรู้เรื่องแฟน
อยากรู้เรื่องแฟน
อยากรู้เรื่องแฟน
อยากรู้เรื่องแฟน
อยากรู้เรื่องแฟน
อยากรู้เรื่องแฟน
อยากรู้เรื่องแฟน
อยากรู้เรื่องแฟน
อยากรู้เรื่องแฟน
เล่าเรื่องแฟนหน่อย
เล่าเรื่องแฟนหน่อย
เล่าเรื่องแฟนหน่อย
เล่าเรื่องแฟนหน่อย
เล่าเรื่องแฟนหน่อย
เล่าเรื่องแฟนหน่อย
เล่าเรื่องแฟนหน่อย
เล่าเรื่องแฟนหน่อย
เล่าเรื่องแฟนหน่อย
เล่าเรื่องแฟนหน่อย
คุณมีแฟนรึเปล่า
คุณมีแฟนรึเปล่า
คุณมีแฟนรึเปล่า
คุณมีแฟนรึเปล่า
คุณมีแฟนรึเปล่า
คุณมีแฟนรึเปล่า
คุณมีแฟนรึเปล่า
คุณมีแฟนรึเปล่า
คุณมีแฟนรึเปล่า
คุณมีแฟนรึเปล่า
คุณโสดไหม
คุณโสดไหม
คุณโสดไหม
คุณโสดไหม
คุณโสดไหม
คุณโสดไหม
คุณโสดไหม
คุณโสดไหม
คุณโสดไหม
คุณโสดไหม
คุณมีคนรักหรือยัง
คุณมีคนรักหรือยัง
คุณมีคนรักหรือยัง
คุณมีคนรักหรือยัง
คุณมีคนรักหรือยัง
คุณมีคนรักหรือยัง
คุณมีคนรักหรือยัง
คุณมีคนรักหรือยัง
คุณมีคนรักหรือยัง
คุณมีคนรักหรือยัง
คุณมีแฟนหรือเปล่า
คุณมีแฟนหรือเปล่า
คุณมีแฟนหรือเปล่า
คุณมีแฟนหรือเปล่า
คุณมีแฟนหรือเปล่า
คุณมีแฟนหรือเปล่า
คุณมีแฟนหรือเปล่า
คุณมีแฟนหรือเปล่า
คุณมีแฟนหรือเปล่า
คุณมีแฟนหรือเปล่า
คุณกำลังคบใครอยู่
คุณกำลังคบใครอยู่
คุณกำลังคบใครอยู่
คุณกำลังคบใครอยู่
คุณกำลังคบใครอยู่
คุณกำลังคบใครอยู่
คุณกำลังคบใครอยู่
คุณกำลังคบใครอยู่
คุณกำลังคบใครอยู่
คุณกำลังคบใครอยู่
คุณรู้จักฉันไหม
คุณรู้จักฉันไหม
คุณรู้จักฉันไหม
คุณรู้จักฉันไหม
คุณรู้จักฉันไหม
คุณรู้จักฉันไหม
คุณรู้จักฉันไหม
คุณรู้จักฉันไหม
คุณรู้จักฉันไหม
คุณรู้จักฉันไหม
คุณรู้จักฉันไหมครับ
คุณรู้จักฉันไหมครับ
คุณรู้จักฉันไหมครับ
คุณรู้จักฉันไหมครับ
คุณรู้จักฉันไหมครับ
คุณรู้จักฉันไหมครับ
คุณรู้จักฉันไหมครับ
คุณรู้จักฉันไหมครับ
คุณรู้จักฉันไหมครับ
คุณรู้จักฉันไหมครับ
คุณรู้จักตัวฉันไหม
คุณรู้จักตัวฉันไหม
คุณรู้จักตัวฉันไหม
คุณรู้จักตัวฉันไหม
คุณรู้จักตัวฉันไหม
คุณรู้จักตัวฉันไหม
คุณรู้จักตัวฉันไหม
คุณรู้จักตัวฉันไหม
คุณรู้จักตัวฉันไหม
คุณรู้จักตัวฉันไหม
วันนี้เป็นยังไง
วันนี้เป็นยังไง
วันนี้เป็นยังไง
วันนี้เป็นยังไง
วันนี้เป็นยังไง
วันนี้เป็นยังไง
วันนี้เป็นยังไง
วันนี้เป็นยังไง
วันนี้เป็นยังไง
วันนี้เป็นยังไง
วันนี้เป็นไงครับ
วันนี้เป็นไงครับ
วันนี้เป็นไงครับ
วันนี้เป็นไงครับ
วันนี้เป็นไงครับ
วันนี้เป็นไงครับ
วันนี้เป็นไงครับ
วันนี้เป็นไงครับ
วันนี้เป็นไงครับ
วันนี้เป็นไงครับ
วันนี้เป็นไงค่ะ
วันนี้เป็นไงค่ะ
วันนี้เป็นไงค่ะ
วันนี้เป็นไงค่ะ
วันนี้เป็นไงค่ะ
วันนี้เป็นไงค่ะ
วันนี้เป็นไงค่ะ
วันนี้เป็นไงค่ะ
วันนี้เป็นไงค่ะ
วันนี้เป็นไงค่ะ
วันนี้โอเคไหม
วันนี้โอเคไหม
วันนี้โอเคไหม
วันนี้โอเคไหม
วันนี้โอเคไหม
วันนี้โอเคไหม
วันนี้โอเคไหม
วันนี้โอเคไหม
วันนี้โอเคไหม
วันนี้โอเคไหม
วันนี้ดีไหม
วันนี้ดีไหม
วันนี้ดีไหม
วันนี้ดีไหม
วันนี้ดีไหม
วันนี้ดีไหม
วันนี้ดีไหม
วันนี้ดีไหม
วันนี้ดีไหม
วันนี้ดีไหม
วันนี้คุณโอเคไหม
วันนี้คุณโอเคไหม
วันนี้คุณโอเคไหม
วันนี้คุณโอเคไหม
วันนี้คุณโอเคไหม
วันนี้คุณโอเคไหม
วันนี้คุณโอเคไหม
วันนี้คุณโอเคไหม
วันนี้คุณโอเคไหม
วันนี้คุณโอเคไหม
วันนี่รู้สึกยังไง
วันนี่รู้สึกยังไง
วันนี่รู้สึกยังไง
วันนี่รู้สึกยังไง
วันนี่รู้สึกยังไง
วันนี่รู้สึกยังไง
วันนี่รู้สึกยังไง
วันนี่รู้สึกยังไง
วันนี่รู้สึกยังไง
วันนี่รู้สึกยังไง
บอกอายุหน่อย
บอกอายุหน่อย
บอกอายุหน่อย
บอกอายุหน่อย
บอกอายุหน่อย
บอกอายุหน่อย
บอกอายุหน่อย
บอกอายุหน่อย
บอกอายุหน่อย
บอกอายุหน่อย
คุณแก่แค่ไหน
คุณแก่แค่ไหน
คุณแก่แค่ไหน
คุณแก่แค่ไหน
คุณแก่แค่ไหน
คุณแก่แค่ไหน
คุณแก่แค่ไหน
คุณแก่แค่ไหน
คุณแก่แค่ไหน
คุณแก่แค่ไหน
กี่ปีแล้ว
กี่ปีแล้ว
กี่ปีแล้ว
กี่ปีแล้ว
กี่ปีแล้ว
กี่ปีแล้ว
กี่ปีแล้ว
กี่ปีแล้ว
กี่ปีแล้ว
กี่ปีแล้ว
อายุคุณเท่าไร
อายุคุณเท่าไร
อายุคุณเท่าไร
อายุคุณเท่าไร
อายุคุณเท่าไร
อายุคุณเท่าไร
อายุคุณเท่าไร
อายุคุณเท่าไร
อายุคุณเท่าไร
อายุคุณเท่าไร
คุณเกิดปีไหน
คุณเกิดปีไหน
คุณเกิดปีไหน
คุณเกิดปีไหน
คุณเกิดปีไหน
คุณเกิดปีไหน
คุณเกิดปีไหน
คุณเกิดปีไหน
คุณเกิดปีไหน
คุณเกิดปีไหน
ตอนนี้อายุเท่าไร
ตอนนี้อายุเท่าไร
ตอนนี้อายุเท่าไร
ตอนนี้อายุเท่าไร
ตอนนี้อายุเท่าไร
ตอนนี้อายุเท่าไร
ตอนนี้อายุเท่าไร
ตอนนี้อายุเท่าไร
ตอนนี้อายุเท่าไร
ตอนนี้อายุเท่าไร
คุณอายุกี่ปี
คุณอายุกี่ปี
คุณอายุกี่ปี
คุณอายุกี่ปี
คุณอายุกี่ปี
คุณอายุกี่ปี
คุณอายุกี่ปี
คุณอายุกี่ปี
คุณอายุกี่ปี
คุณอายุกี่ปี
ค่าเทอมเท่าไร
ค่าเทอมเท่าไร
ค่าเทอมเท่าไร
ค่าเทอมเท่าไร
ค่าเทอมเท่าไร
ค่าเทอมเท่าไร
ค่าเทอมเท่าไร
ค่าเทอมเท่าไร
ค่าเทอมเท่าไร
ค่าเทอมเท่าไร
ต้องจ่ายค่าเทอมกี่บาท
ต้องจ่ายค่าเทอมกี่บาท
ต้องจ่ายค่าเทอมกี่บาท
ต้องจ่ายค่าเทอมกี่บาท
ต้องจ่ายค่าเทอมกี่บาท
ต้องจ่ายค่าเทอมกี่บาท
ต้องจ่ายค่าเทอมกี่บาท
ต้องจ่ายค่าเทอมกี่บาท
ต้องจ่ายค่าเทอมกี่บาท
ต้องจ่ายค่าเทอมกี่บาท
ค่าเรียนเท่าไร
ค่าเรียนเท่าไร
ค่าเรียนเท่าไร
ค่าเรียนเท่าไร
ค่าเรียนเท่าไร
ค่าเรียนเท่าไร
ค่าเรียนเท่าไร
ค่าเรียนเท่าไร
ค่าเรียนเท่าไร
ค่าเรียนเท่าไร
บอกค่าเทอมหน่อย
บอกค่าเทอมหน่อย
บอกค่าเทอมหน่อย
บอกค่าเทอมหน่อย
บอกค่าเทอมหน่อย
บอกค่าเทอมหน่อย
บอกค่าเทอมหน่อย
บอกค่าเทอมหน่อย
บอกค่าเทอมหน่อย
บอกค่าเทอมหน่อย
ค่าใช้จ่ายการเรียนเท่าไร
ค่าใช้จ่ายการเรียนเท่าไร
ค่าใช้จ่ายการเรียนเท่าไร
ค่าใช้จ่ายการเรียนเท่าไร
ค่าใช้จ่ายการเรียนเท่าไร
ค่าใช้จ่ายการเรียนเท่าไร
ค่าใช้จ่ายการเรียนเท่าไร
ค่าใช้จ่ายการเรียนเท่าไร
ค่าใช้จ่ายการเรียนเท่าไร
ค่าใช้จ่ายการเรียนเท่าไร
ค่าเทอมภาคนี้กี่บาท
ค่าเทอมภาคนี้กี่บาท
ค่าเทอมภาคนี้กี่บาท
ค่าเทอมภาคนี้กี่บาท
ค่าเทอมภาคนี้กี่บาท
ค่าเทอมภาคนี้กี่บาท
ค่าเทอมภาคนี้กี่บาท
ค่าเทอมภาคนี้กี่บาท
ค่าเทอมภาคนี้กี่บาท
ค่าเทอมภาคนี้กี่บาท
ค่าเรียนทั้งหมดเท่าไร
ค่าเรียนทั้งหมดเท่าไร
ค่าเรียนทั้งหมดเท่าไร
ค่าเรียนทั้งหมดเท่าไร
ค่าเรียนทั้งหมดเท่าไร
ค่าเรียนทั้งหมดเท่าไร
ค่าเรียนทั้งหมดเท่าไร
ค่าเรียนทั้งหมดเท่าไร
ค่าเรียนทั้งหมดเท่าไร
ค่าเรียนทั้งหมดเท่าไร
ค่าเทอมต้องจ่ายตอนไหน
ค่าเทอมต้องจ่ายตอนไหน
ค่าเทอมต้องจ่ายตอนไหน
ค่าเทอมต้องจ่ายตอนไหน
ค่าเทอมต้องจ่ายตอนไหน
ค่าเทอมต้องจ่ายตอนไหน
ค่าเทอมต้องจ่ายตอนไหน
ค่าเทอมต้องจ่ายตอนไหน
ค่าเทอมต้องจ่ายตอนไหน
ค่าเทอมต้องจ่ายตอนไหน
ค่าเทอมของคณะนี้เท่าไร
ค่าเทอมของคณะนี้เท่าไร
ค่าเทอมของคณะนี้เท่าไร
ค่าเทอมของคณะนี้เท่าไร
ค่าเทอมของคณะนี้เท่าไร
ค่าเทอมของคณะนี้เท่าไร
ค่าเทอมของคณะนี้เท่าไร
ค่าเทอมของคณะนี้เท่าไร
ค่าเทอมของคณะนี้เท่าไร
ค่าเทอมของคณะนี้เท่าไร
ค่าเทอมมหาลัยนี้เท่าไร
ค่าเทอมมหาลัยนี้เท่าไร
ค่าเทอมมหาลัยนี้เท่าไร
ค่าเทอมมหาลัยนี้เท่าไร
ค่าเทอมมหาลัยนี้เท่าไร
ค่าเทอมมหาลัยนี้เท่าไร
ค่าเทอมมหาลัยนี้เท่าไร
ค่าเทอมมหาลัยนี้เท่าไร
ค่าเทอมมหาลัยนี้เท่าไร
ค่าเทอมมหาลัยนี้เท่าไร
กยศ คืออะไร
กยศ คืออะไร
กยศ คืออะไร
กยศ คืออะไร
กยศ คืออะไร
กยศ คืออะไร
กยศ คืออะไร
กยศ คืออะไร
กยศ คืออะไร
กยศ คืออะไร
กู้กยศได้ไหม
กู้กยศได้ไหม
กู้กยศได้ไหม
กู้กยศได้ไหม
กู้กยศได้ไหม
กู้กยศได้ไหม
กู้กยศได้ไหม
กู้กยศได้ไหม
กู้กยศได้ไหม
กู้กยศได้ไหม
กยศทำอย่างไร
กยศทำอย่างไร
กยศทำอย่างไร
กยศทำอย่างไร
กยศทำอย่างไร
กยศทำอย่างไร
กยศทำอย่างไร
กยศทำอย่างไร
กยศทำอย่างไร
กยศทำอย่างไร
วิธีการกยศ
วิธีการกยศ
วิธีการกยศ
วิธีการกยศ
วิธีการกยศ
วิธีการกยศ
วิธีการกยศ
วิธีการกยศ
วิธีการกยศ
วิธีการกยศ
กยศต้องทำไง
กยศต้องทำไง
กยศต้องทำไง
กยศต้องทำไง
กยศต้องทำไง
กยศต้องทำไง
กยศต้องทำไง
กยศต้องทำไง
กยศต้องทำไง
กยศต้องทำไง
ขอรายละเอียดกยศ
ขอรายละเอียดกยศ
ขอรายละเอียดกยศ
ขอรายละเอียดกยศ
ขอรายละเอียดกยศ
ขอรายละเอียดกยศ
ขอรายละเอียดกยศ
ขอรายละเอียดกยศ
ขอรายละเอียดกยศ
ขอรายละเอียดกยศ
ขั้นตอนกยศคืออะไร
ขั้นตอนกยศคืออะไร
ขั้นตอนกยศคืออะไร
ขั้นตอนกยศคืออะไร
ขั้นตอนกยศคืออะไร
ขั้นตอนกยศคืออะไร
ขั้นตอนกยศคืออะไร
ขั้นตอนกยศคืออะไร
ขั้นตอนกยศคืออะไร
ขั้นตอนกยศคืออะไร
ตึกวิทยาศาสตร์อยู่ตรงไหน
ตึกวิทยาศาสตร์อยู่ตรงไหน
ตึกวิทยาศาสตร์อยู่ตรงไหน
ตึกวิทยาศาสตร์อยู่ตรงไหน
ตึกวิทยาศาสตร์อยู่ตรงไหน
ตึกวิทยาศาสตร์อยู่ตรงไหน
ตึกวิทยาศาสตร์อยู่ตรงไหน
ตึกวิทยาศาสตร์อยู่ตรงไหน
ตึกวิทยาศาสตร์อยู่ตรงไหน
ตึกวิทยาศาสตร์อยู่ตรงไหน
ไปตึกวิทย์ยังไง
ไปตึกวิทย์ยังไง
ไปตึกวิทย์ยังไง
ไปตึกวิทย์ยังไง
ไปตึกวิทย์ยังไง
ไปตึกวิทย์ยังไง
ไปตึกวิทย์ยังไง
ไปตึกวิทย์ยังไง
ไปตึกวิทย์ยังไง
ไปตึกวิทย์ยังไง
ช่วยบอกทางตึกวิทยาศาสตร์
ช่วยบอกทางตึกวิทยาศาสตร์
ช่วยบอกทางตึกวิทยาศาสตร์
ช่วยบอกทางตึกวิทยาศาสตร์
ช่วยบอกทางตึกวิทยาศาสตร์
ช่วยบอกทางตึกวิทยาศาสตร์
ช่วยบอกทางตึกวิทยาศาสตร์
ช่วยบอกทางตึกวิทยาศาสตร์
ช่วยบอกทางตึกวิทยาศาสตร์
ช่วยบอกทางตึกวิทยาศาสตร์
ตึกวิทย์คือที่ไหน
ตึกวิทย์คือที่ไหน
ตึกวิทย์คือที่ไหน
ตึกวิทย์คือที่ไหน
ตึกวิทย์คือที่ไหน
ตึกวิทย์คือที่ไหน
ตึกวิทย์คือที่ไหน
ตึกวิทย์คือที่ไหน
ตึกวิทย์คือที่ไหน
ตึกวิทย์คือที่ไหน
หาตึกวิทยาศาสตร์ได้ยังไง
หาตึกวิทยาศาสตร์ได้ยังไง
หาตึกวิทยาศาสตร์ได้ยังไง
หาตึกวิทยาศาสตร์ได้ยังไง
หาตึกวิทยาศาสตร์ได้ยังไง
หาตึกวิทยาศาสตร์ได้ยังไง
หาตึกวิทยาศาสตร์ได้ยังไง
หาตึกวิทยาศาสตร์ได้ยังไง
หาตึกวิทยาศาสตร์ได้ยังไง
หาตึกวิทยาศาสตร์ได้ยังไง
ตึกวิทย์อยู่ชั้นไหน
ตึกวิทย์อยู่ชั้นไหน
ตึกวิทย์อยู่ชั้นไหน
ตึกวิทย์อยู่ชั้นไหน
ตึกวิทย์อยู่ชั้นไหน
ตึกวิทย์อยู่ชั้นไหน
ตึกวิทย์อยู่ชั้นไหน
ตึกวิทย์อยู่ชั้นไหน
ตึกวิทย์อยู่ชั้นไหน
ตึกวิทย์อยู่ชั้นไหน
ตึกวิทยาศาสตร์อยู่ที่ไหน
ตึกวิทยาศาสตร์อยู่ที่ไหน
ตึกวิทยาศาสตร์อยู่ที่ไหน
ตึกวิทยาศาสตร์อยู่ที่ไหน
ตึกวิทยาศาสตร์อยู่ที่ไหน
ตึกวิทยาศาสตร์อยู่ที่ไหน
ตึกวิทยาศาสตร์อยู่ที่ไหน
ตึกวิทยาศาสตร์อยู่ที่ไหน
ตึกวิทยาศาสตร์อยู่ที่ไหน
ตึกวิทยาศาสตร์อยู่ที่ไหน
คณะเครื่องกลอยู่ตรงไหน
คณะเครื่องกลอยู่ตรงไหน
คณะเครื่องกลอยู่ตรงไหน
คณะเครื่องกลอยู่ตรงไหน
คณะเครื่องกลอยู่ตรงไหน
คณะเครื่องกลอยู่ตรงไหน
คณะเครื่องกลอยู่ตรงไหน
คณะเครื่องกลอยู่ตรงไหน
คณะเครื่องกลอยู่ตรงไหน
คณะเครื่องกลอยู่ตรงไหน
สาขาเครื่องกลเรียนอะไร
สาขาเครื่องกลเรียนอะไร
สาขาเครื่องกลเรียนอะไร
สาขาเครื่องกลเรียนอะไร
สาขาเครื่องกลเรียนอะไร
สาขาเครื่องกลเรียนอะไร
สาขาเครื่องกลเรียนอะไร
สาขาเครื่องกลเรียนอะไร
สาขาเครื่องกลเรียนอะไร
สาขาเครื่องกลเรียนอะไร
เรียนเครื่องกลยากไหม
เรียนเครื่องกลยากไหม
เรียนเครื่องกลยากไหม
เรียนเครื่องกลยากไหม
เรียนเครื่องกลยากไหม
เรียนเครื่องกลยากไหม
เรียนเครื่องกลยากไหม
เรียนเครื่องกลยากไหม
เรียนเครื่องกลยากไหม
เรียนเครื่องกลยากไหม
รายละเอียดคณะเครื่องกล
รายละเอียดคณะเครื่องกล
รายละเอียดคณะเครื่องกล
รายละเอียดคณะเครื่องกล
รายละเอียดคณะเครื่องกล
รายละเอียดคณะเครื่องกล
รายละเอียดคณะเครื่องกล
รายละเอียดคณะเครื่องกล
รายละเอียดคณะเครื่องกล
รายละเอียดคณะเครื่องกล
สาขาเครื่องกลทำงานอะไร
สาขาเครื่องกลทำงานอะไร
สาขาเครื่องกลทำงานอะไร
สาขาเครื่องกลทำงานอะไร
สาขาเครื่องกลทำงานอะไร
สาขาเครื่องกลทำงานอะไร
สาขาเครื่องกลทำงานอะไร
สาขาเครื่องกลทำงานอะไร
สาขาเครื่องกลทำงานอะไร
สาขาเครื่องกลทำงานอะไร
วิชาเครื่องกลเรียนอะไร
วิชาเครื่องกลเรียนอะไร
วิชาเครื่องกลเรียนอะไร
วิชาเครื่องกลเรียนอะไร
วิชาเครื่องกลเรียนอะไร
วิชาเครื่องกลเรียนอะไร
วิชาเครื่องกลเรียนอะไร
วิชาเครื่องกลเรียนอะไร
วิชาเครื่องกลเรียนอะไร
วิชาเครื่องกลเรียนอะไร
เครื่องกลคืออะไร
เครื่องกลคืออะไร
เครื่องกลคืออะไร
เครื่องกลคืออะไร
เครื่องกลคืออะไร
เครื่องกลคืออะไร
เครื่องกลคืออะไร
เครื่องกลคืออะไร
เครื่องกลคืออะไร
เครื่องกลคืออะไร
วิศวกรรมหล่อโลหะคืออะไร
วิศวกรรมหล่อโลหะคืออะไร
วิศวกรรมหล่อโลหะคืออะไร
วิศวกรรมหล่อโลหะคืออะไร
วิศวกรรมหล่อโลหะคืออะไร
วิศวกรรมหล่อโลหะคืออะไร
วิศวกรรมหล่อโลหะคืออะไร
วิศวกรรมหล่อโลหะคืออะไร
วิศวกรรมหล่อโลหะคืออะไร
วิศวกรรมหล่อโลหะคืออะไร
เรียนหล่อโลหะยากไหม
เรียนหล่อโลหะยากไหม
เรียนหล่อโลหะยากไหม
เรียนหล่อโลหะยากไหม
เรียนหล่อโลหะยากไหม
เรียนหล่อโลหะยากไหม
เรียนหล่อโลหะยากไหม
เรียนหล่อโลหะยากไหม
เรียนหล่อโลหะยากไหม
เรียนหล่อโลหะยากไหม
หล่อโลหะเรียนอะไร
หล่อโลหะเรียนอะไร
หล่อโลหะเรียนอะไร
หล่อโลหะเรียนอะไร
หล่อโลหะเรียนอะไร
หล่อโลหะเรียนอะไร
หล่อโลหะเรียนอะไร
หล่อโลหะเรียนอะไร
หล่อโลหะเรียนอะไร
หล่อโลหะเรียนอะไร
หล่อโลหะทำงานอะไร
หล่อโลหะทำงานอะไร
หล่อโลหะทำงานอะไร
หล่อโลหะทำงานอะไร
หล่อโลหะทำงานอะไร
หล่อโลหะทำงานอะไร
หล่อโลหะทำงานอะไร
หล่อโลหะทำงานอะไร
หล่อโลหะทำงานอะไร
หล่อโลหะทำงานอะไร
วิชาหล่อโลหะเรียนอะไร
วิชาหล่อโลหะเรียนอะไร
วิชาหล่อโลหะเรียนอะไร
วิชาหล่อโลหะเรียนอะไร
วิชาหล่อโลหะเรียนอะไร
วิชาหล่อโลหะเรียนอะไร
วิชาหล่อโลหะเรียนอะไร
วิชาหล่อโลหะเรียนอะไร
วิชาหล่อโลหะเรียนอะไร
วิชาหล่อโลหะเรียนอะไร
หล่อโลหะคืออะไร
หล่อโลหะคืออะไร
หล่อโลหะคืออะไร
หล่อโลหะคืออะไร
หล่อโลหะคืออะไร
หล่อโลหะคืออะไร
หล่อโลหะคืออะไร
หล่อโลหะคืออะไร
หล่อโลหะคืออะไร
หล่อโลหะคืออะไร
สาขานี้ยากไหม
สาขานี้ยากไหม
สาขานี้ยากไหม
สาขานี้ยากไหม
สาขานี้ยากไหม
สาขานี้ยากไหม
สาขานี้ยากไหม
สาขานี้ยากไหม
สาขานี้ยากไหม
สาขานี้ยากไหม
หล่อโลหะน่าสนใจไหม
หล่อโลหะน่าสนใจไหม
หล่อโลหะน่าสนใจไหม
หล่อโลหะน่าสนใจไหม
หล่อโลหะน่าสนใจไหม
หล่อโลหะน่าสนใจไหม
หล่อโลหะน่าสนใจไหม
หล่อโลหะน่าสนใจไหม
หล่อโลหะน่าสนใจไหม
หล่อโลหะน่าสนใจไหม
กิจกรรมวันนี้คืออะไร
กิจกรรมวันนี้คืออะไร
กิจกรรมวันนี้คืออะไร
กิจกรรมวันนี้คืออะไร
กิจกรรมวันนี้คืออะไร
กิจกรรมวันนี้คืออะไร
กิจกรรมวันนี้คืออะไร
กิจกรรมวันนี้คืออะไร
กิจกรรมวันนี้คืออะไร
กิจกรรมวันนี้คืออะไร
กิจกรรมพิเศษมีไหม
กิจกรรมพิเศษมีไหม
กิจกรรมพิเศษมีไหม
กิจกรรมพิเศษมีไหม
กิจกรรมพิเศษมีไหม
กิจกรรมพิเศษมีไหม
กิจกรรมพิเศษมีไหม
กิจกรรมพิเศษมีไหม
กิจกรรมพิเศษมีไหม
กิจกรรมพิเศษมีไหม
กิจกรรมที่น่าสนใจคืออะไร
กิจกรรมที่น่าสนใจคืออะไร
กิจกรรมที่น่าสนใจคืออะไร
กิจกรรมที่น่าสนใจคืออะไร
กิจกรรมที่น่าสนใจคืออะไร
กิจกรรมที่น่าสนใจคืออะไร
กิจกรรมที่น่าสนใจคืออะไร
กิจกรรมที่น่าสนใจคืออะไร
กิจกรรมที่น่าสนใจคืออะไร
กิจกรรมที่น่าสนใจคืออะไร
มีกิจกรรมชมรมไหม
มีกิจกรรมชมรมไหม
มีกิจกรรมชมรมไหม
มีกิจกรรมชมรมไหม
มีกิจกรรมชมรมไหม
มีกิจกรรมชมรมไหม
มีกิจกรรมชมรมไหม
มีกิจกรรมชมรมไหม
มีกิจกรรมชมรมไหม
มีกิจกรรมชมรมไหม
กิจกรรมที่จัดขึ้นคืออะไร
กิจกรรมที่จัดขึ้นคืออะไร
กิจกรรมที่จัดขึ้นคืออะไร
กิจกรรมที่จัดขึ้นคืออะไร
กิจกรรมที่จัดขึ้นคืออะไร
กิจกรรมที่จัดขึ้นคืออะไร
กิจกรรมที่จัดขึ้นคืออะไร
กิจกรรมที่จัดขึ้นคืออะไร
กิจกรรมที่จัดขึ้นคืออะไร
กิจกรรมที่จัดขึ้นคืออะไร
กิจกรรมวันนี้จัดที่ไหน
กิจกรรมวันนี้จัดที่ไหน
กิจกรรมวันนี้จัดที่ไหน
กิจกรรมวันนี้จัดที่ไหน
กิจกรรมวันนี้จัดที่ไหน
กิจกรรมวันนี้จัดที่ไหน
กิจกรรมวันนี้จัดที่ไหน
กิจกรรมวันนี้จัดที่ไหน
กิจกรรมวันนี้จัดที่ไหน
กิจกรรมวันนี้จัดที่ไหน
อยากร่วมกิจกรรม
อยากร่วมกิจกรรม
อยากร่วมกิจกรรม
อยากร่วมกิจกรรม
อยากร่วมกิจกรรม
อยากร่วมกิจกรรม
อยากร่วมกิจกรรม
อยากร่วมกิจกรรม
อยากร่วมกิจกรรม
อยากร่วมกิจกรรม
ขอกิจกรรมเพิ่มเติม
ขอกิจกรรมเพิ่มเติม
ขอกิจกรรมเพิ่มเติม
ขอกิจกรรมเพิ่มเติม
ขอกิจกรรมเพิ่มเติม
ขอกิจกรรมเพิ่มเติม
ขอกิจกรรมเพิ่มเติม
ขอกิจกรรมเพิ่มเติม
ขอกิจกรรมเพิ่มเติม
ขอกิจกรรมเพิ่มเติม
กิจกรรมในมหาลัยคืออะไร
กิจกรรมในมหาลัยคืออะไร
กิจกรรมในมหาลัยคืออะไร
กิจกรรมในมหาลัยคืออะไร
กิจกรรมในมหาลัยคืออะไร
กิจกรรมในมหาลัยคืออะไร
กิจกรรมในมหาลัยคืออะไร
กิจกรรมในมหาลัยคืออะไร
กิจกรรมในมหาลัยคืออะไร
กิจกรรมในมหาลัยคืออะไร
ไปห้องธุรการทางไหน
ไปห้องธุรการทางไหน
ไปห้องธุรการทางไหน
ไปห้องธุรการทางไหน
ไปห้องธุรการทางไหน
ไปห้องธุรการทางไหน
ไปห้องธุรการทางไหน
ไปห้องธุรการทางไหน
ไปห้องธุรการทางไหน
ไปห้องธุรการทางไหน
ห้องธุรการอยู่ตึกไหน
ห้องธุรการอยู่ตึกไหน
ห้องธุรการอยู่ตึกไหน
ห้องธุรการอยู่ตึกไหน
ห้องธุรการอยู่ตึกไหน
ห้องธุรการอยู่ตึกไหน
ห้องธุรการอยู่ตึกไหน
ห้องธุรการอยู่ตึกไหน
ห้องธุรการอยู่ตึกไหน
ห้องธุรการอยู่ตึกไหน
สอบถามที่ห้องธุรการ
สอบถามที่ห้องธุรการ
สอบถามที่ห้องธุรการ
สอบถามที่ห้องธุรการ
สอบถามที่ห้องธุรการ
สอบถามที่ห้องธุรการ
สอบถามที่ห้องธุรการ
สอบถามที่ห้องธุรการ
สอบถามที่ห้องธุรการ
สอบถามที่ห้องธุรการ
อยากเจอเจ้าหน้าที่ธุรการ
อยากเจอเจ้าหน้าที่ธุรการ
อยากเจอเจ้าหน้าที่ธุรการ
อยากเจอเจ้าหน้าที่ธุรการ
อยากเจอเจ้าหน้าที่ธุรการ
อยากเจอเจ้าหน้าที่ธุรการ
อยากเจอเจ้าหน้าที่ธุรการ
อยากเจอเจ้าหน้าที่ธุรการ
อยากเจอเจ้าหน้าที่ธุรการ
อยากเจอเจ้าหน้าที่ธุรการ
ไปติดต่อธุรการ
ไปติดต่อธุรการ
ไปติดต่อธุรการ
ไปติดต่อธุรการ
ไปติดต่อธุรการ
ไปติดต่อธุรการ
ไปติดต่อธุรการ
ไปติดต่อธุรการ
ไปติดต่อธุรการ
ไปติดต่อธุรการ
อยากไปห้องธุรการ
อยากไปห้องธุรการ
อยากไปห้องธุรการ
อยากไปห้องธุรการ
อยากไปห้องธุรการ
อยากไปห้องธุรการ
อยากไปห้องธุรการ
อยากไปห้องธุรการ
อยากไปห้องธุรการ
อยากไปห้องธุรการ
งานเชื่อมเรียนอะไร
งานเชื่อมเรียนอะไร
งานเชื่อมเรียนอะไร
งานเชื่อมเรียนอะไร
งานเชื่อมเรียนอะไร
งานเชื่อมเรียนอะไร
งานเชื่อมเรียนอะไร
งานเชื่อมเรียนอะไร
งานเชื่อมเรียนอะไร
งานเชื่อมเรียนอะไร
เชื่อมเหล็กยากไหม
เชื่อมเหล็กยากไหม
เชื่อมเหล็กยากไหม
เชื่อมเหล็กยากไหม
เชื่อมเหล็กยากไหม
เชื่อมเหล็กยากไหม
เชื่อมเหล็กยากไหม
เชื่อมเหล็กยากไหม
เชื่อมเหล็กยากไหม
เชื่อมเหล็กยากไหม
สาขานี้ทำอะไรได้บ้าง
สาขานี้ทำอะไรได้บ้าง
สาขานี้ทำอะไรได้บ้าง
สาขานี้ทำอะไรได้บ้าง
สาขานี้ทำอะไรได้บ้าง
สาขานี้ทำอะไรได้บ้าง
สาขานี้ทำอะไรได้บ้าง
สาขานี้ทำอะไรได้บ้าง
สาขานี้ทำอะไรได้บ้าง
สาขานี้ทำอะไรได้บ้าง
เรียนเชื่อมทำงานอะไร
เรียนเชื่อมทำงานอะไร
เรียนเชื่อมทำงานอะไร
เรียนเชื่อมทำงานอะไร
เรียนเชื่อมทำงานอะไร
เรียนเชื่อมทำงานอะไร
เรียนเชื่อมทำงานอะไร
เรียนเชื่อมทำงานอะไร
เรียนเชื่อมทำงานอะไร
เรียนเชื่อมทำงานอะไร
งานเชื่อมเรียนกี่ปี
งานเชื่อมเรียนกี่ปี
งานเชื่อมเรียนกี่ปี
งานเชื่อมเรียนกี่ปี
งานเชื่อมเรียนกี่ปี
งานเชื่อมเรียนกี่ปี
งานเชื่อมเรียนกี่ปี
งานเชื่อมเรียนกี่ปี
งานเชื่อมเรียนกี่ปี
งานเชื่อมเรียนกี่ปี
เรียนเชื่อมอยู่ตึกไหน
เรียนเชื่อมอยู่ตึกไหน
เรียนเชื่อมอยู่ตึกไหน
เรียนเชื่อมอยู่ตึกไหน
เรียนเชื่อมอยู่ตึกไหน
เรียนเชื่อมอยู่ตึกไหน
เรียนเชื่อมอยู่ตึกไหน
เรียนเชื่อมอยู่ตึกไหน
เรียนเชื่อมอยู่ตึกไหน
เรียนเชื่อมอยู่ตึกไหน
งานเชื่อมคืออะไร
งานเชื่อมคืออะไร
งานเชื่อมคืออะไร
งานเชื่อมคืออะไร
งานเชื่อมคืออะไร
งานเชื่อมคืออะไร
งานเชื่อมคืออะไร
งานเชื่อมคืออะไร
งานเชื่อมคืออะไร
งานเชื่อมคืออะไร
วิศวกรรมอุตสาหการเรียนอะไร
วิศวกรรมอุตสาหการเรียนอะไร
วิศวกรรมอุตสาหการเรียนอะไร
วิศวกรรมอุตสาหการเรียนอะไร
วิศวกรรมอุตสาหการเรียนอะไร
วิศวกรรมอุตสาหการเรียนอะไร
วิศวกรรมอุตสาหการเรียนอะไร
วิศวกรรมอุตสาหการเรียนอะไร
วิศวกรรมอุตสาหการเรียนอะไร
วิศวกรรมอุตสาหการเรียนอะไร
สาขาอุตสาหการคืออะไร
สาขาอุตสาหการคืออะไร
สาขาอุตสาหการคืออะไร
สาขาอุตสาหการคืออะไร
สาขาอุตสาหการคืออะไร
สาขาอุตสาหการคืออะไร
สาขาอุตสาหการคืออะไร
สาขาอุตสาหการคืออะไร
สาขาอุตสาหการคืออะไร
สาขาอุตสาหการคืออะไร
อุตสาหการทำงานอะไร
อุตสาหการทำงานอะไร
อุตสาหการทำงานอะไร
อุตสาหการทำงานอะไร
อุตสาหการทำงานอะไร
อุตสาหการทำงานอะไร
อุตสาหการทำงานอะไร
อุตสาหการทำงานอะไร
อุตสาหการทำงานอะไร
อุตสาหการทำงานอะไร
เรียนอุตสาหการยากไหม
เรียนอุตสาหการยากไหม
เรียนอุตสาหการยากไหม
เรียนอุตสาหการยากไหม
เรียนอุตสาหการยากไหม
เรียนอุตสาหการยากไหม
เรียนอุตสาหการยากไหม
เรียนอุตสาหการยากไหม
เรียนอุตสาหการยากไหม
เรียนอุตสาหการยากไหม
คณะอุตสาหการอยู่ตึกไหน
คณะอุตสาหการอยู่ตึกไหน
คณะอุตสาหการอยู่ตึกไหน
คณะอุตสาหการอยู่ตึกไหน
คณะอุตสาหการอยู่ตึกไหน
คณะอุตสาหการอยู่ตึกไหน
คณะอุตสาหการอยู่ตึกไหน
คณะอุตสาหการอยู่ตึกไหน
คณะอุตสาหการอยู่ตึกไหน
คณะอุตสาหการอยู่ตึกไหน
อุตสาหการทำอะไรได้
อุตสาหการทำอะไรได้
อุตสาหการทำอะไรได้
อุตสาหการทำอะไรได้
อุตสาหการทำอะไรได้
อุตสาหการทำอะไรได้
อุตสาหการทำอะไรได้
อุตสาหการทำอะไรได้
อุตสาหการทำอะไรได้
อุตสาหการทำอะไรได้
เรียนอุตสาหการทำงานที่ไหน
เรียนอุตสาหการทำงานที่ไหน
เรียนอุตสาหการทำงานที่ไหน
เรียนอุตสาหการทำงานที่ไหน
เรียนอุตสาหการทำงานที่ไหน
เรียนอุตสาหการทำงานที่ไหน
เรียนอุตสาหการทำงานที่ไหน
เรียนอุตสาหการทำงานที่ไหน
เรียนอุตสาหการทำงานที่ไหน
เรียนอุตสาหการทำงานที่ไหน
อุตสาหการคืออะไร
อุตสาหการคืออะไร
อุตสาหการคืออะไร
อุตสาหการคืออะไร
อุตสาหการคืออะไร
อุตสาหการคืออะไร
อุตสาหการคืออะไร
อุตสาหการคืออะไร
อุตสาหการคืออะไร
อุตสาหการคืออะไร
อุตสาหการมีวิชาอะไร
อุตสาหการมีวิชาอะไร
อุตสาหการมีวิชาอะไร
อุตสาหการมีวิชาอะไร
อุตสาหการมีวิชาอะไร
อุตสาหการมีวิชาอะไร
อุตสาหการมีวิชาอะไร
อุตสาหการมีวิชาอะไร
อุตสาหการมีวิชาอะไร
อุตสาหการมีวิชาอะไร
วิศวกรรมอิเล็กทรอนิกส์คืออะไร
วิศวกรรมอิเล็กทรอนิกส์คืออะไร
วิศวกรรมอิเล็กทรอนิกส์คืออะไร
วิศวกรรมอิเล็กทรอนิกส์คืออะไร
วิศวกรรมอิเล็กทรอนิกส์คืออะไร
วิศวกรรมอิเล็กทรอนิกส์คืออะไร
วิศวกรรมอิเล็กทรอนิกส์คืออะไร
วิศวกรรมอิเล็กทรอนิกส์คืออะไร
วิศวกรรมอิเล็กทรอนิกส์คืออะไร
วิศวกรรมอิเล็กทรอนิกส์คืออะไร
เรียนอิเล็กทรอนิกส์ทำอะไร
เรียนอิเล็กทรอนิกส์ทำอะไร
เรียนอิเล็กทรอนิกส์ทำอะไร
เรียนอิเล็กทรอนิกส์ทำอะไร
เรียนอิเล็กทรอนิกส์ทำอะไร
เรียนอิเล็กทรอนิกส์ทำอะไร
เรียนอิเล็กทรอนิกส์ทำอะไร
เรียนอิเล็กทรอนิกส์ทำอะไร
เรียนอิเล็กทรอนิกส์ทำอะไร
เรียนอิเล็กทรอนิกส์ทำอะไร
อิเล็กทรอนิกส์อยู่ตึกไหน
อิเล็กทรอนิกส์อยู่ตึกไหน
อิเล็กทรอนิกส์อยู่ตึกไหน
อิเล็กทรอนิกส์อยู่ตึกไหน
อิเล็กทรอนิกส์อยู่ตึกไหน
อิเล็กทรอนิกส์อยู่ตึกไหน
อิเล็กทรอนิกส์อยู่ตึกไหน
อิเล็กทรอนิกส์อยู่ตึกไหน
อิเล็กทรอนิกส์อยู่ตึกไหน
อิเล็กทรอนิกส์อยู่ตึกไหน
สาขานี้ยากไหม
สาขานี้ยากไหม
สาขานี้ยากไหม
สาขานี้ยากไหม
สาขานี้ยากไหม
สาขานี้ยากไหม
สาขานี้ยากไหม
สาขานี้ยากไหม
สาขานี้ยากไหม
สาขานี้ยากไหม
อิเล็กทรอนิกส์ทำงานอะไร
อิเล็กทรอนิกส์ทำงานอะไร
อิเล็กทรอนิกส์ทำงานอะไร
อิเล็กทรอนิกส์ทำงานอะไร
อิเล็กทรอนิกส์ทำงานอะไร
อิเล็กทรอนิกส์ทำงานอะไร
อิเล็กทรอนิกส์ทำงานอะไร
อิเล็กทรอนิกส์ทำงานอะไร
อิเล็กทรอนิกส์ทำงานอะไร
อิเล็กทรอนิกส์ทำงานอะไร
เรียนอิเล็กทรอนิกส์ที่ไหน
เรียนอิเล็กทรอนิกส์ที่ไหน
เรียนอิเล็กทรอนิกส์ที่ไหน
เรียนอิเล็กทรอนิกส์ที่ไหน
เรียนอิเล็กทรอนิกส์ที่ไหน
เรียนอิเล็กทรอนิกส์ที่ไหน
เรียนอิเล็กทรอนิกส์ที่ไหน
เรียนอิเล็กทรอนิกส์ที่ไหน
เรียนอิเล็กทรอนิกส์ที่ไหน
เรียนอิเล็กทรอนิกส์ที่ไหน
อิเล็กทรอนิกส์เรียนกี่ปี
อิเล็กทรอนิกส์เรียนกี่ปี
อิเล็กทรอนิกส์เรียนกี่ปี
อิเล็กทรอนิกส์เรียนกี่ปี
อิเล็กทรอนิกส์เรียนกี่ปี
อิเล็กทรอนิกส์เรียนกี่ปี
อิเล็กทรอนิกส์เรียนกี่ปี
อิเล็กทรอนิกส์เรียนกี่ปี
อิเล็กทรอนิกส์เรียนกี่ปี
อิเล็กทรอนิกส์เรียนกี่ปี
อิเล็กทรอนิกส์คือสาขาอะไร
อิเล็กทรอนิกส์คือสาขาอะไร
อิเล็กทรอนิกส์คือสาขาอะไร
อิเล็กทรอนิกส์คือสาขาอะไร
อิเล็กทรอนิกส์คือสาขาอะไร
อิเล็กทรอนิกส์คือสาขาอะไร
อิเล็กทรอนิกส์คือสาขาอะไร
อิเล็กทรอนิกส์คือสาขาอะไร
อิเล็กทรอนิกส์คือสาขาอะไร
อิเล็กทรอนิกส์คือสาขาอะไร
อิเล็กทรอนิกส์น่าสนใจไหม
อิเล็กทรอนิกส์น่าสนใจไหม
อิเล็กทรอนิกส์น่าสนใจไหม
อิเล็กทรอนิกส์น่าสนใจไหม
อิเล็กทรอนิกส์น่าสนใจไหม
อิเล็กทรอนิกส์น่าสนใจไหม
อิเล็กทรอนิกส์น่าสนใจไหม
อิเล็กทรอนิกส์น่าสนใจไหม
อิเล็กทรอนิกส์น่าสนใจไหม
อิเล็กทรอนิกส์น่าสนใจไหม
สาขาแม่พิมพ์คืออะไร
สาขาแม่พิมพ์คืออะไร
สาขาแม่พิมพ์คืออะไร
สาขาแม่พิมพ์คืออะไร
สาขาแม่พิมพ์คืออะไร
สาขาแม่พิมพ์คืออะไร
สาขาแม่พิมพ์คืออะไร
สาขาแม่พิมพ์คืออะไร
สาขาแม่พิมพ์คืออะไร
สาขาแม่พิมพ์คืออะไร
แม่พิมพ์เรียนอะไร
แม่พิมพ์เรียนอะไร
แม่พิมพ์เรียนอะไร
แม่พิมพ์เรียนอะไร
แม่พิมพ์เรียนอะไร
แม่พิมพ์เรียนอะไร
แม่พิมพ์เรียนอะไร
แม่พิมพ์เรียนอะไร
แม่พิมพ์เรียนอะไร
แม่พิมพ์เรียนอะไร
เรียนแม่พิมพ์อยู่ตึกไหน
เรียนแม่พิมพ์อยู่ตึกไหน
เรียนแม่พิมพ์อยู่ตึกไหน
เรียนแม่พิมพ์อยู่ตึกไหน
เรียนแม่พิมพ์อยู่ตึกไหน
เรียนแม่พิมพ์อยู่ตึกไหน
เรียนแม่พิมพ์อยู่ตึกไหน
เรียนแม่พิมพ์อยู่ตึกไหน
เรียนแม่พิมพ์อยู่ตึกไหน
เรียนแม่พิมพ์อยู่ตึกไหน
แม่พิมพ์ทำงานอะไร
แม่พิมพ์ทำงานอะไร
แม่พิมพ์ทำงานอะไร
แม่พิมพ์ทำงานอะไร
แม่พิมพ์ทำงานอะไร
แม่พิมพ์ทำงานอะไร
แม่พิมพ์ทำงานอะไร
แม่พิมพ์ทำงานอะไร
แม่พิมพ์ทำงานอะไร
แม่พิมพ์ทำงานอะไร
เรียนแม่พิมพ์ยากไหม
เรียนแม่พิมพ์ยากไหม
เรียนแม่พิมพ์ยากไหม
เรียนแม่พิมพ์ยากไหม
เรียนแม่พิมพ์ยากไหม
เรียนแม่พิมพ์ยากไหม
เรียนแม่พิมพ์ยากไหม
เรียนแม่พิมพ์ยากไหม
เรียนแม่พิมพ์ยากไหม
เรียนแม่พิมพ์ยากไหม
คณะนี้เรียนกี่ปี
คณะนี้เรียนกี่ปี
คณะนี้เรียนกี่ปี
คณะนี้เรียนกี่ปี
คณะนี้เรียนกี่ปี
คณะนี้เรียนกี่ปี
คณะนี้เรียนกี่ปี
คณะนี้เรียนกี่ปี
คณะนี้เรียนกี่ปี
คณะนี้เรียนกี่ปี
แม่พิมพ์คือสาขาอะไร
แม่พิมพ์คือสาขาอะไร
แม่พิมพ์คือสาขาอะไร
แม่พิมพ์คือสาขาอะไร
แม่พิมพ์คือสาขาอะไร
แม่พิมพ์คือสาขาอะไร
แม่พิมพ์คือสาขาอะไร
แม่พิมพ์คือสาขาอะไร
แม่พิมพ์คือสาขาอะไร
แม่พิมพ์คือสาขาอะไร
สาขาแม่พิมพ์เรียนอะไรบ้าง
สาขาแม่พิมพ์เรียนอะไรบ้าง
สาขาแม่พิมพ์เรียนอะไรบ้าง
สาขาแม่พิมพ์เรียนอะไรบ้าง
สาขาแม่พิมพ์เรียนอะไรบ้าง
สาขาแม่พิมพ์เรียนอะไรบ้าง
สาขาแม่พิมพ์เรียนอะไรบ้าง
สาขาแม่พิมพ์เรียนอะไรบ้าง
สาขาแม่พิมพ์เรียนอะไรบ้าง
สาขาแม่พิมพ์เรียนอะไรบ้าง
วิศวกรรมแม่พิมพ์คืออะไร
วิศวกรรมแม่พิมพ์คืออะไร
วิศวกรรมแม่พิมพ์คืออะไร
วิศวกรรมแม่พิมพ์คืออะไร
วิศวกรรมแม่พิมพ์คืออะไร
วิศวกรรมแม่พิมพ์คืออะไร
วิศวกรรมแม่พิมพ์คืออะไร
วิศวกรรมแม่พิมพ์คืออะไร
วิศวกรรมแม่พิมพ์คืออะไร
วิศวกรรมแม่พิมพ์คืออะไร
สาขานี้เรียนอะไร
สาขานี้เรียนอะไร
สาขานี้เรียนอะไร
สาขานี้เรียนอะไร
สาขานี้เรียนอะไร
สาขานี้เรียนอะไร
สาขานี้เรียนอะไร
สาขานี้เรียนอะไร
สาขานี้เรียนอะไร
สาขานี้เรียนอะไร
สาขานี้น่าสนใจไหม
สาขานี้น่าสนใจไหม
สาขานี้น่าสนใจไหม
สาขานี้น่าสนใจไหม
สาขานี้น่าสนใจไหม
สาขานี้น่าสนใจไหม
สาขานี้น่าสนใจไหม
สาขานี้น่าสนใจไหม
สาขานี้น่าสนใจไหม
สาขานี้น่าสนใจไหม
เรียนเมคคาทรอนิกส์ทำอะไร
เรียนเมคคาทรอนิกส์ทำอะไร
เรียนเมคคาทรอนิกส์ทำอะไร
เรียนเมคคาทรอนิกส์ทำอะไร
เรียนเมคคาทรอนิกส์ทำอะไร
เรียนเมคคาทรอนิกส์ทำอะไร
เรียนเมคคาทรอนิกส์ทำอะไร
เรียนเมคคาทรอนิกส์ทำอะไร
เรียนเมคคาทรอนิกส์ทำอะไร
เรียนเมคคาทรอนิกส์ทำอะไร
สาขาไฟฟ้าเรียนอะไร
สาขาไฟฟ้าเรียนอะไร
สาขาไฟฟ้าเรียนอะไร
สาขาไฟฟ้าเรียนอะไร
สาขาไฟฟ้าเรียนอะไร
สาขาไฟฟ้าเรียนอะไร
สาขาไฟฟ้าเรียนอะไร
สาขาไฟฟ้าเรียนอะไร
สาขาไฟฟ้าเรียนอะไร
สาขาไฟฟ้าเรียนอะไร
ไฟฟ้าคืออะไร
ไฟฟ้าคืออะไร
ไฟฟ้าคืออะไร
ไฟฟ้าคืออะไร
ไฟฟ้าคืออะไร
ไฟฟ้าคืออะไร
ไฟฟ้าคืออะไร
ไฟฟ้าคืออะไร
ไฟฟ้าคืออะไร
ไฟฟ้าคืออะไร
เรียนไฟฟ้ายากไหม
เรียนไฟฟ้ายากไหม
เรียนไฟฟ้ายากไหม
เรียนไฟฟ้ายากไหม
เรียนไฟฟ้ายากไหม
เรียนไฟฟ้ายากไหม
เรียนไฟฟ้ายากไหม
เรียนไฟฟ้ายากไหม
เรียนไฟฟ้ายากไหม
เรียนไฟฟ้ายากไหม
ไฟฟ้าทำงานอะไร
ไฟฟ้าทำงานอะไร
ไฟฟ้าทำงานอะไร
ไฟฟ้าทำงานอะไร
ไฟฟ้าทำงานอะไร
ไฟฟ้าทำงานอะไร
ไฟฟ้าทำงานอะไร
ไฟฟ้าทำงานอะไร
ไฟฟ้าทำงานอะไร
ไฟฟ้าทำงานอะไร
คณะไฟฟ้าอยู่ที่ไหน
คณะไฟฟ้าอยู่ที่ไหน
คณะไฟฟ้าอยู่ที่ไหน
คณะไฟฟ้าอยู่ที่ไหน
คณะไฟฟ้าอยู่ที่ไหน
คณะไฟฟ้าอยู่ที่ไหน
คณะไฟฟ้าอยู่ที่ไหน
คณะไฟฟ้าอยู่ที่ไหน
คณะไฟฟ้าอยู่ที่ไหน
คณะไฟฟ้าอยู่ที่ไหน
เรียนไฟฟ้ากี่ปี
เรียนไฟฟ้ากี่ปี
เรียนไฟฟ้ากี่ปี
เรียนไฟฟ้ากี่ปี
เรียนไฟฟ้ากี่ปี
เรียนไฟฟ้ากี่ปี
เรียนไฟฟ้ากี่ปี
เรียนไฟฟ้ากี่ปี
เรียนไฟฟ้ากี่ปี
เรียนไฟฟ้ากี่ปี
สาขาไฟฟ้าทำอะไรได้บ้าง
สาขาไฟฟ้าทำอะไรได้บ้าง
สาขาไฟฟ้าทำอะไรได้บ้าง
สาขาไฟฟ้าทำอะไรได้บ้าง
สาขาไฟฟ้าทำอะไรได้บ้าง
สาขาไฟฟ้าทำอะไรได้บ้าง
สาขาไฟฟ้าทำอะไรได้บ้าง
สาขาไฟฟ้าทำอะไรได้บ้าง
สาขาไฟฟ้าทำอะไรได้บ้าง
สาขาไฟฟ้าทำอะไรได้บ้าง
ไฟฟ้าคือสาขาอะไร
ไฟฟ้าคือสาขาอะไร
ไฟฟ้าคือสาขาอะไร
ไฟฟ้าคือสาขาอะไร
ไฟฟ้าคือสาขาอะไร
ไฟฟ้าคือสาขาอะไร
ไฟฟ้าคือสาขาอะไร
ไฟฟ้าคือสาขาอะไร
ไฟฟ้าคือสาขาอะไร
ไฟฟ้าคือสาขาอะไร
ไฟฟ้ามีวิชาอะไร
ไฟฟ้ามีวิชาอะไร
ไฟฟ้ามีวิชาอะไร
ไฟฟ้ามีวิชาอะไร
ไฟฟ้ามีวิชาอะไร
ไฟฟ้ามีวิชาอะไร
ไฟฟ้ามีวิชาอะไร
ไฟฟ้ามีวิชาอะไร
ไฟฟ้ามีวิชาอะไร
ไฟฟ้ามีวิชาอะไร
เรียนไฟฟ้าที่ไหน
เรียนไฟฟ้าที่ไหน
เรียนไฟฟ้าที่ไหน
เรียนไฟฟ้าที่ไหน
เรียนไฟฟ้าที่ไหน
เรียนไฟฟ้าที่ไหน
เรียนไฟฟ้าที่ไหน
เรียนไฟฟ้าที่ไหน
เรียนไฟฟ้าที่ไหน
เรียนไฟฟ้าที่ไหน
สนามฟุตบอลอยู่ไหน
สนามฟุตบอลอยู่ไหน
สนามฟุตบอลอยู่ไหน
สนามฟุตบอลอยู่ไหน
สนามฟุตบอลอยู่ไหน
สนามฟุตบอลอยู่ไหน
สนามฟุตบอลอยู่ไหน
สนามฟุตบอลอยู่ไหน
สนามฟุตบอลอยู่ไหน
สนามฟุตบอลอยู่ไหน
สนามฟุตบอลอยู่ตึกไหน
สนามฟุตบอลอยู่ตึกไหน
สนามฟุตบอลอยู่ตึกไหน
สนามฟุตบอลอยู่ตึกไหน
สนามฟุตบอลอยู่ตึกไหน
สนามฟุตบอลอยู่ตึกไหน
สนามฟุตบอลอยู่ตึกไหน
สนามฟุตบอลอยู่ตึกไหน
สนามฟุตบอลอยู่ตึกไหน
สนามฟุตบอลอยู่ตึกไหน
สนามบอลเล่นได้ไหม
สนามบอลเล่นได้ไหม
สนามบอลเล่นได้ไหม
สนามบอลเล่นได้ไหม
สนามบอลเล่นได้ไหม
สนามบอลเล่นได้ไหม
สนามบอลเล่นได้ไหม
สนามบอลเล่นได้ไหม
สนามบอลเล่นได้ไหม
สนามบอลเล่นได้ไหม
สนามฟุตบอลอยู่ที่ใด
สนามฟุตบอลอยู่ที่ใด
สนามฟุตบอลอยู่ที่ใด
สนามฟุตบอลอยู่ที่ใด
สนามฟุตบอลอยู่ที่ใด
สนามฟุตบอลอยู่ที่ใด
สนามฟุตบอลอยู่ที่ใด
สนามฟุตบอลอยู่ที่ใด
สนามฟุตบอลอยู่ที่ใด
สนามฟุตบอลอยู่ที่ใด
สนามฟุตบอลคืออะไร
สนามฟุตบอลคืออะไร
สนามฟุตบอลคืออะไร
สนามฟุตบอลคืออะไร
สนามฟุตบอลคืออะไร
สนามฟุตบอลคืออะไร
สนามฟุตบอลคืออะไร
สนามฟุตบอลคืออะไร
สนามฟุตบอลคืออะไร
สนามฟุตบอลคืออะไร
สนามบอลอยู่ตรงไหน
สนามบอลอยู่ตรงไหน
สนามบอลอยู่ตรงไหน
สนามบอลอยู่ตรงไหน
สนามบอลอยู่ตรงไหน
สนามบอลอยู่ตรงไหน
สนามบอลอยู่ตรงไหน
สนามบอลอยู่ตรงไหน
สนามบอลอยู่ตรงไหน
สนามบอลอยู่ตรงไหน
สนามบาสปิดกี่โมง
สนามบาสปิดกี่โมง
สนามบาสปิดกี่โมง
สนามบาสปิดกี่โมง
สนามบาสปิดกี่โมง
สนามบาสปิดกี่โมง
สนามบาสปิดกี่โมง
สนามบาสปิดกี่โมง
สนามบาสปิดกี่โมง
สนามบาสปิดกี่โมง
สนามบาสอยู่ตึกอะไร
สนามบาสอยู่ตึกอะไร
สนามบาสอยู่ตึกอะไร
สนามบาสอยู่ตึกอะไร
สนามบาสอยู่ตึกอะไร
สนามบาสอยู่ตึกอะไร
สนามบาสอยู่ตึกอะไร
สนามบาสอยู่ตึกอะไร
สนามบาสอยู่ตึกอะไร
สนามบาสอยู่ตึกอะไร
สนามบาสคืออะไร
สนามบาสคืออะไร
สนามบาสคืออะไร
สนามบาสคืออะไร
สนามบาสคืออะไร
สนามบาสคืออะไร
สนามบาสคืออะไร
สนามบาสคืออะไร
สนามบาสคืออะไร
สนามบาสคืออะไร
อยากเล่นบาส
อยากเล่นบาส
อยากเล่นบาส
อยากเล่นบาส
อยากเล่นบาส
อยากเล่นบาส
อยากเล่นบาส
อยากเล่นบาส
อยากเล่นบาส
อยากเล่นบาส
สนามบาสมีที่ไหน
สนามบาสมีที่ไหน
สนามบาสมีที่ไหน
สนามบาสมีที่ไหน
สนามบาสมีที่ไหน
สนามบาสมีที่ไหน
สนามบาสมีที่ไหน
สนามบาสมีที่ไหน
สนามบาสมีที่ไหน
สนามบาสมีที่ไหน
อาคาร36 คืออะไร
อาคาร36 คืออะไร
อาคาร36 คืออะไร
อาคาร36 คืออะไร
อาคาร36 คืออะไร
อาคาร36 คืออะไร
อาคาร36 คืออะไร
อาคาร36 คืออะไร
อาคาร36 คืออะไร
อาคาร36 คืออะไร
อาคาร36 อยู่ตึกอะไร
อาคาร36 อยู่ตึกอะไร
อาคาร36 อยู่ตึกอะไร
อาคาร36 อยู่ตึกอะไร
อาคาร36 อยู่ตึกอะไร
อาคาร36 อยู่ตึกอะไร
อาคาร36 อยู่ตึกอะไร
อาคาร36 อยู่ตึกอะไร
อาคาร36 อยู่ตึกอะไร
อาคาร36 อยู่ตึกอะไร
อาคาร36 อยู่ตรงไหน
อาคาร36 อยู่ตรงไหน
อาคาร36 อยู่ตรงไหน
อาคาร36 อยู่ตรงไหน
อาคาร36 อยู่ตรงไหน
อาคาร36 อยู่ตรงไหน
อาคาร36 อยู่ตรงไหน
อาคาร36 อยู่ตรงไหน
อาคาร36 อยู่ตรงไหน
อาคาร36 อยู่ตรงไหน
อาคาร36 มีอะไรบ้าง
อาคาร36 มีอะไรบ้าง
อาคาร36 มีอะไรบ้าง
อาคาร36 มีอะไรบ้าง
อาคาร36 มีอะไรบ้าง
อาคาร36 มีอะไรบ้าง
อาคาร36 มีอะไรบ้าง
อาคาร36 มีอะไรบ้าง
อาคาร36 มีอะไรบ้าง
อาคาร36 มีอะไรบ้าง
อาคาร36 ใช่ตึกเรียนไหม
อาคาร36 ใช่ตึกเรียนไหม
อาคาร36 ใช่ตึกเรียนไหม
อาคาร36 ใช่ตึกเรียนไหม
อาคาร36 ใช่ตึกเรียนไหม
อาคาร36 ใช่ตึกเรียนไหม
อาคาร36 ใช่ตึกเรียนไหม
อาคาร36 ใช่ตึกเรียนไหม
อาคาร36 ใช่ตึกเรียนไหม
อาคาร36 ใช่ตึกเรียนไหม
ร้านอาหารอยู่ที่ไหน
ร้านอาหารอยู่ที่ไหน
ร้านอาหารอยู่ที่ไหน
ร้านอาหารอยู่ที่ไหน
ร้านอาหารอยู่ที่ไหน
ร้านอาหารอยู่ที่ไหน
ร้านอาหารอยู่ที่ไหน
ร้านอาหารอยู่ที่ไหน
ร้านอาหารอยู่ที่ไหน
ร้านอาหารอยู่ที่ไหน
ร้านอาหารปิดกี่โมง
ร้านอาหารปิดกี่โมง
ร้านอาหารปิดกี่โมง
ร้านอาหารปิดกี่โมง
ร้านอาหารปิดกี่โมง
ร้านอาหารปิดกี่โมง
ร้านอาหารปิดกี่โมง
ร้านอาหารปิดกี่โมง
ร้านอาหารปิดกี่โมง
ร้านอาหารปิดกี่โมง
ร้านอาหารอยู่ตึกไหน
ร้านอาหารอยู่ตึกไหน
ร้านอาหารอยู่ตึกไหน
ร้านอาหารอยู่ตึกไหน
ร้านอาหารอยู่ตึกไหน
ร้านอาหารอยู่ตึกไหน
ร้านอาหารอยู่ตึกไหน
ร้านอาหารอยู่ตึกไหน
ร้านอาหารอยู่ตึกไหน
ร้านอาหารอยู่ตึกไหน
ร้านอาหารตรงไหน
ร้านอาหารตรงไหน
ร้านอาหารตรงไหน
ร้านอาหารตรงไหน
ร้านอาหารตรงไหน
ร้านอาหารตรงไหน
ร้านอาหารตรงไหน
ร้านอาหารตรงไหน
ร้านอาหารตรงไหน
ร้านอาหารตรงไหน
ร้านอาหารคืออะไร
ร้านอาหารคืออะไร
ร้านอาหารคืออะไร
ร้านอาหารคืออะไร
ร้านอาหารคืออะไร
ร้านอาหารคืออะไร
ร้านอาหารคืออะไร
ร้านอาหารคืออะไร
ร้านอาหารคืออะไร
ร้านอาหารคืออะไร
เวลาเปิดคือกี่โมง
เวลาเปิดคือกี่โมง
เวลาเปิดคือกี่โมง
เวลาเปิดคือกี่โมง
เวลาเปิดคือกี่โมง
เวลาเปิดคือกี่โมง
เวลาเปิดคือกี่โมง
เวลาเปิดคือกี่โมง
เวลาเปิดคือกี่โมง
เวลาเปิดคือกี่โมง
เปิดมหาลัยตอนไหน
เปิดมหาลัยตอนไหน
เปิดมหาลัยตอนไหน
เปิดมหาลัยตอนไหน
เปิดมหาลัยตอนไหน
เปิดมหาลัยตอนไหน
เปิดมหาลัยตอนไหน
เปิดมหาลัยตอนไหน
เปิดมหาลัยตอนไหน
เปิดมหาลัยตอนไหน
เวลาเริ่มเปิด
เวลาเริ่มเปิด
เวลาเริ่มเปิด
เวลาเริ่มเปิด
เวลาเริ่มเปิด
เวลาเริ่มเปิด
เวลาเริ่มเปิด
เวลาเริ่มเปิด
เวลาเริ่มเปิด
เวลาเริ่มเปิด
มหาลัยเริ่มเปิดเมื่อไหร่
มหาลัยเริ่มเปิดเมื่อไหร่
มหาลัยเริ่มเปิดเมื่อไหร่
มหาลัยเริ่มเปิดเมื่อไหร่
มหาลัยเริ่มเปิดเมื่อไหร่
มหาลัยเริ่มเปิดเมื่อไหร่
มหาลัยเริ่มเปิดเมื่อไหร่
มหาลัยเริ่มเปิดเมื่อไหร่
มหาลัยเริ่มเปิดเมื่อไหร่
มหาลัยเริ่มเปิดเมื่อไหร่
เวลาปิดคือกี่โมง
เวลาปิดคือกี่โมง
เวลาปิดคือกี่โมง
เวลาปิดคือกี่โมง
เวลาปิดคือกี่โมง
เวลาปิดคือกี่โมง
เวลาปิดคือกี่โมง
เวลาปิดคือกี่โมง
เวลาปิดคือกี่โมง
เวลาปิดคือกี่โมง
มหาลัยปิดเมื่อไหร่
มหาลัยปิดเมื่อไหร่
มหาลัยปิดเมื่อไหร่
มหาลัยปิดเมื่อไหร่
มหาลัยปิดเมื่อไหร่
มหาลัยปิดเมื่อไหร่
มหาลัยปิดเมื่อไหร่
มหาลัยปิดเมื่อไหร่
มหาลัยปิดเมื่อไหร่
มหาลัยปิดเมื่อไหร่
เวลาเลิกคือกี่โมง
เวลาเลิกคือกี่โมง
เวลาเลิกคือกี่โมง
เวลาเลิกคือกี่โมง
เวลาเลิกคือกี่โมง
เวลาเลิกคือกี่โมง
เวลาเลิกคือกี่โมง
เวลาเลิกคือกี่โมง
เวลาเลิกคือกี่โมง
เวลาเลิกคือกี่โมง
มหาลัยเลิกกี่โมง
มหาลัยเลิกกี่โมง
มหาลัยเลิกกี่โมง
มหาลัยเลิกกี่โมง
มหาลัยเลิกกี่โมง
มหาลัยเลิกกี่โมง
มหาลัยเลิกกี่โมง
มหาลัยเลิกกี่โมง
มหาลัยเลิกกี่โมง
มหาลัยเลิกกี่โมง
เวลาปิดคือเมื่อไร
เวลาปิดคือเมื่อไร
เวลาปิดคือเมื่อไร
เวลาปิดคือเมื่อไร
เวลาปิดคือเมื่อไร
เวลาปิดคือเมื่อไร
เวลาปิดคือเมื่อไร
เวลาปิดคือเมื่อไร
เวลาปิดคือเมื่อไร
เวลาปิดคือเมื่อไร
ขอทุนได้ยังไง
ขอทุนได้ยังไง
ขอทุนได้ยังไง
ขอทุนได้ยังไง
ขอทุนได้ยังไง
ขอทุนได้ยังไง
ขอทุนได้ยังไง
ขอทุนได้ยังไง
ขอทุนได้ยังไง
ขอทุนได้ยังไง
ทุนกยศใช้ได้ไหม
ทุนกยศใช้ได้ไหม
ทุนกยศใช้ได้ไหม
ทุนกยศใช้ได้ไหม
ทุนกยศใช้ได้ไหม
ทุนกยศใช้ได้ไหม
ทุนกยศใช้ได้ไหม
ทุนกยศใช้ได้ไหม
ทุนกยศใช้ได้ไหม
ทุนกยศใช้ได้ไหม
ทุนเรียนดีคืออะไร
ทุนเรียนดีคืออะไร
ทุนเรียนดีคืออะไร
ทุนเรียนดีคืออะไร
ทุนเรียนดีคืออะไร
ทุนเรียนดีคืออะไร
ทุนเรียนดีคืออะไร
ทุนเรียนดีคืออะไร
ทุนเรียนดีคืออะไร
ทุนเรียนดีคืออะไร
ทุนการศึกษาทำอย่างไร
ทุนการศึกษาทำอย่างไร
ทุนการศึกษาทำอย่างไร
ทุนการศึกษาทำอย่างไร
ทุนการศึกษาทำอย่างไร
ทุนการศึกษาทำอย่างไร
ทุนการศึกษาทำอย่างไร
ทุนการศึกษาทำอย่างไร
ทุนการศึกษาทำอย่างไร
ทุนการศึกษาทำอย่างไร
ขอสมัครทุนการศึกษา
ขอสมัครทุนการศึกษา
ขอสมัครทุนการศึกษา
ขอสมัครทุนการศึกษา
ขอสมัครทุนการศึกษา
ขอสมัครทุนการศึกษา
ขอสมัครทุนการศึกษา
ขอสมัครทุนการศึกษา
ขอสมัครทุนการศึกษา
ขอสมัครทุนการศึกษา
ขั้นตอนการลาออกคืออะไร
ขั้นตอนการลาออกคืออะไร
ขั้นตอนการลาออกคืออะไร
ขั้นตอนการลาออกคืออะไร
ขั้นตอนการลาออกคืออะไร
ขั้นตอนการลาออกคืออะไร
ขั้นตอนการลาออกคืออะไร
ขั้นตอนการลาออกคืออะไร
ขั้นตอนการลาออกคืออะไร
ขั้นตอนการลาออกคืออะไร
ลาออกจากมหาลัยต้องทำยังไง
ลาออกจากมหาลัยต้องทำยังไง
ลาออกจากมหาลัยต้องทำยังไง
ลาออกจากมหาลัยต้องทำยังไง
ลาออกจากมหาลัยต้องทำยังไง
ลาออกจากมหาลัยต้องทำยังไง
ลาออกจากมหาลัยต้องทำยังไง
ลาออกจากมหาลัยต้องทำยังไง
ลาออกจากมหาลัยต้องทำยังไง
ลาออกจากมหาลัยต้องทำยังไง
ลาออกต้องยื่นเอกสารอะไร
ลาออกต้องยื่นเอกสารอะไร
ลาออกต้องยื่นเอกสารอะไร
ลาออกต้องยื่นเอกสารอะไร
ลาออกต้องยื่นเอกสารอะไร
ลาออกต้องยื่นเอกสารอะไร
ลาออกต้องยื่นเอกสารอะไร
ลาออกต้องยื่นเอกสารอะไร
ลาออกต้องยื่นเอกสารอะไร
ลาออกต้องยื่นเอกสารอะไร
อยากลาออกจากคณะ
อยากลาออกจากคณะ
อยากลาออกจากคณะ
อยากลาออกจากคณะ
อยากลาออกจากคณะ
อยากลาออกจากคณะ
อยากลาออกจากคณะ
อยากลาออกจากคณะ
อยากลาออกจากคณะ
อยากลาออกจากคณะ
ขั้นตอนลาออกคืออะไร
ขั้นตอนลาออกคืออะไร
ขั้นตอนลาออกคืออะไร
ขั้นตอนลาออกคืออะไร
ขั้นตอนลาออกคืออะไร
ขั้นตอนลาออกคืออะไร
ขั้นตอนลาออกคืออะไร
ขั้นตอนลาออกคืออะไร
ขั้นตอนลาออกคืออะไร
ขั้นตอนลาออกคืออะไร
คณะเปิดสอนกี่สาขา
คณะเปิดสอนกี่สาขา
คณะเปิดสอนกี่สาขา
คณะเปิดสอนกี่สาขา
คณะเปิดสอนกี่สาขา
คณะเปิดสอนกี่สาขา
คณะเปิดสอนกี่สาขา
คณะเปิดสอนกี่สาขา
คณะเปิดสอนกี่สาขา
คณะเปิดสอนกี่สาขา
คณะอะไรที่น่าสนใจ
คณะอะไรที่น่าสนใจ
คณะอะไรที่น่าสนใจ
คณะอะไรที่น่าสนใจ
คณะอะไรที่น่าสนใจ
คณะอะไรที่น่าสนใจ
คณะอะไรที่น่าสนใจ
คณะอะไรที่น่าสนใจ
คณะอะไรที่น่าสนใจ
คณะอะไรที่น่าสนใจ
คณะนี้เรียนกี่ปี
คณะนี้เรียนกี่ปี
คณะนี้เรียนกี่ปี
คณะนี้เรียนกี่ปี
คณะนี้เรียนกี่ปี
คณะนี้เรียนกี่ปี
คณะนี้เรียนกี่ปี
คณะนี้เรียนกี่ปี
คณะนี้เรียนกี่ปี
คณะนี้เรียนกี่ปี
คณะมีหลักสูตรอินเตอร์ไหม
คณะมีหลักสูตรอินเตอร์ไหม
คณะมีหลักสูตรอินเตอร์ไหม
คณะมีหลักสูตรอินเตอร์ไหม
คณะมีหลักสูตรอินเตอร์ไหม
คณะมีหลักสูตรอินเตอร์ไหม
คณะมีหลักสูตรอินเตอร์ไหม
คณะมีหลักสูตรอินเตอร์ไหม
คณะมีหลักสูตรอินเตอร์ไหม
คณะมีหลักสูตรอินเตอร์ไหม
อยากรู้ข้อมูลคณะ
อยากรู้ข้อมูลคณะ
อยากรู้ข้อมูลคณะ
อยากรู้ข้อมูลคณะ
อยากรู้ข้อมูลคณะ
อยากรู้ข้อมูลคณะ
อยากรู้ข้อมูลคณะ
อยากรู้ข้อมูลคณะ
อยากรู้ข้อมูลคณะ
อยากรู้ข้อมูลคณะ
คณะมีที่ตั้งตรงไหน
คณะมีที่ตั้งตรงไหน
คณะมีที่ตั้งตรงไหน
คณะมีที่ตั้งตรงไหน
คณะมีที่ตั้งตรงไหน
คณะมีที่ตั้งตรงไหน
คณะมีที่ตั้งตรงไหน
คณะมีที่ตั้งตรงไหน
คณะมีที่ตั้งตรงไหน
คณะมีที่ตั้งตรงไหน
คณะนี้มีชื่อเสียงด้านไหน
คณะนี้มีชื่อเสียงด้านไหน
คณะนี้มีชื่อเสียงด้านไหน
คณะนี้มีชื่อเสียงด้านไหน
คณะนี้มีชื่อเสียงด้านไหน
คณะนี้มีชื่อเสียงด้านไหน
คณะนี้มีชื่อเสียงด้านไหน
คณะนี้มีชื่อเสียงด้านไหน
คณะนี้มีชื่อเสียงด้านไหน
คณะนี้มีชื่อเสียงด้านไหน
คณะเปิดรับกี่คน
คณะเปิดรับกี่คน
คณะเปิดรับกี่คน
คณะเปิดรับกี่คน
คณะเปิดรับกี่คน
คณะเปิดรับกี่คน
คณะเปิดรับกี่คน
คณะเปิดรับกี่คน
คณะเปิดรับกี่คน
คณะเปิดรับกี่คน
คณะนี้เหมาะกับใคร
คณะนี้เหมาะกับใคร
คณะนี้เหมาะกับใคร
คณะนี้เหมาะกับใคร
คณะนี้เหมาะกับใคร
คณะนี้เหมาะกับใคร
คณะนี้เหมาะกับใคร
คณะนี้เหมาะกับใคร
คณะนี้เหมาะกับใคร
คณะนี้เหมาะกับใคร
ช่วยแก้ปัญหาให้หน่อย
ช่วยแก้ปัญหาให้หน่อย
ช่วยแก้ปัญหาให้หน่อย
ช่วยแก้ปัญหาให้หน่อย
ช่วยแก้ปัญหาให้หน่อย
ช่วยแก้ปัญหาให้หน่อย
ช่วยแก้ปัญหาให้หน่อย
ช่วยแก้ปัญหาให้หน่อย
ช่วยแก้ปัญหาให้หน่อย
ช่วยแก้ปัญหาให้หน่อย
แก้ไขข้อมูลไม่ได้
แก้ไขข้อมูลไม่ได้
แก้ไขข้อมูลไม่ได้
แก้ไขข้อมูลไม่ได้
แก้ไขข้อมูลไม่ได้
แก้ไขข้อมูลไม่ได้
แก้ไขข้อมูลไม่ได้
แก้ไขข้อมูลไม่ได้
แก้ไขข้อมูลไม่ได้
แก้ไขข้อมูลไม่ได้
ต้องการแก้เอกสาร
ต้องการแก้เอกสาร
ต้องการแก้เอกสาร
ต้องการแก้เอกสาร
ต้องการแก้เอกสาร
ต้องการแก้เอกสาร
ต้องการแก้เอกสาร
ต้องการแก้เอกสาร
ต้องการแก้เอกสาร
ต้องการแก้เอกสาร
แก้ยังไงดี
แก้ยังไงดี
แก้ยังไงดี
แก้ยังไงดี
แก้ยังไงดี
แก้ยังไงดี
แก้ยังไงดี
แก้ยังไงดี
แก้ยังไงดี
แก้ยังไงดี
แก้ไขผลการเรียน
แก้ไขผลการเรียน
แก้ไขผลการเรียน
แก้ไขผลการเรียน
แก้ไขผลการเรียน
แก้ไขผลการเรียน
แก้ไขผลการเรียน
แก้ไขผลการเรียน
แก้ไขผลการเรียน
แก้ไขผลการเรียน
ต้องการแก้ไขคำตอบ
ต้องการแก้ไขคำตอบ
ต้องการแก้ไขคำตอบ
ต้องการแก้ไขคำตอบ
ต้องการแก้ไขคำตอบ
ต้องการแก้ไขคำตอบ
ต้องการแก้ไขคำตอบ
ต้องการแก้ไขคำตอบ
ต้องการแก้ไขคำตอบ
ต้องการแก้ไขคำตอบ
แก้ชื่อผิด
แก้ชื่อผิด
แก้ชื่อผิด
แก้ชื่อผิด
แก้ชื่อผิด
แก้ชื่อผิด
แก้ชื่อผิด
แก้ชื่อผิด
แก้ชื่อผิด
แก้ชื่อผิด
แก้ข้อมูลนักศึกษา
แก้ข้อมูลนักศึกษา
แก้ข้อมูลนักศึกษา
แก้ข้อมูลนักศึกษา
แก้ข้อมูลนักศึกษา
แก้ข้อมูลนักศึกษา
แก้ข้อมูลนักศึกษา
แก้ข้อมูลนักศึกษา
แก้ข้อมูลนักศึกษา
แก้ข้อมูลนักศึกษา
แก้ไขระบบล้มเหลว
แก้ไขระบบล้มเหลว
แก้ไขระบบล้มเหลว
แก้ไขระบบล้มเหลว
แก้ไขระบบล้มเหลว
แก้ไขระบบล้มเหลว
แก้ไขระบบล้มเหลว
แก้ไขระบบล้มเหลว
แก้ไขระบบล้มเหลว
แก้ไขระบบล้มเหลว
ช่วยลงทะเบียนให้หน่อย
ช่วยลงทะเบียนให้หน่อย
ช่วยลงทะเบียนให้หน่อย
ช่วยลงทะเบียนให้หน่อย
ช่วยลงทะเบียนให้หน่อย
ช่วยลงทะเบียนให้หน่อย
ช่วยลงทะเบียนให้หน่อย
ช่วยลงทะเบียนให้หน่อย
ช่วยลงทะเบียนให้หน่อย
ช่วยลงทะเบียนให้หน่อย
ลงทะเบียนวิชายังไง
ลงทะเบียนวิชายังไง
ลงทะเบียนวิชายังไง
ลงทะเบียนวิชายังไง
ลงทะเบียนวิชายังไง
ลงทะเบียนวิชายังไง
ลงทะเบียนวิชายังไง
ลงทะเบียนวิชายังไง
ลงทะเบียนวิชายังไง
ลงทะเบียนวิชายังไง
ขั้นตอนการลงทะเบียนคืออะไร
ขั้นตอนการลงทะเบียนคืออะไร
ขั้นตอนการลงทะเบียนคืออะไร
ขั้นตอนการลงทะเบียนคืออะไร
ขั้นตอนการลงทะเบียนคืออะไร
ขั้นตอนการลงทะเบียนคืออะไร
ขั้นตอนการลงทะเบียนคืออะไร
ขั้นตอนการลงทะเบียนคืออะไร
ขั้นตอนการลงทะเบียนคืออะไร
ขั้นตอนการลงทะเบียนคืออะไร
อยากสมัครเรียนวิชานี้
อยากสมัครเรียนวิชานี้
อยากสมัครเรียนวิชานี้
อยากสมัครเรียนวิชานี้
อยากสมัครเรียนวิชานี้
อยากสมัครเรียนวิชานี้
อยากสมัครเรียนวิชานี้
อยากสมัครเรียนวิชานี้
อยากสมัครเรียนวิชานี้
อยากสมัครเรียนวิชานี้
ลงทะเบียนผ่านเว็บได้ไหม
ลงทะเบียนผ่านเว็บได้ไหม
ลงทะเบียนผ่านเว็บได้ไหม
ลงทะเบียนผ่านเว็บได้ไหม
ลงทะเบียนผ่านเว็บได้ไหม
ลงทะเบียนผ่านเว็บได้ไหม
ลงทะเบียนผ่านเว็บได้ไหม
ลงทะเบียนผ่านเว็บได้ไหม
ลงทะเบียนผ่านเว็บได้ไหม
ลงทะเบียนผ่านเว็บได้ไหม
มีปัญหาการลงทะเบียน
มีปัญหาการลงทะเบียน
มีปัญหาการลงทะเบียน
มีปัญหาการลงทะเบียน
มีปัญหาการลงทะเบียน
มีปัญหาการลงทะเบียน
มีปัญหาการลงทะเบียน
มีปัญหาการลงทะเบียน
มีปัญหาการลงทะเบียน
มีปัญหาการลงทะเบียน
ขอลงทะเบียนเพิ่ม
ขอลงทะเบียนเพิ่ม
ขอลงทะเบียนเพิ่ม
ขอลงทะเบียนเพิ่ม
ขอลงทะเบียนเพิ่ม
ขอลงทะเบียนเพิ่ม
ขอลงทะเบียนเพิ่ม
ขอลงทะเบียนเพิ่ม
ขอลงทะเบียนเพิ่ม
ขอลงทะเบียนเพิ่ม
ลงทะเบียนที่ไหน
ลงทะเบียนที่ไหน
ลงทะเบียนที่ไหน
ลงทะเบียนที่ไหน
ลงทะเบียนที่ไหน
ลงทะเบียนที่ไหน
ลงทะเบียนที่ไหน
ลงทะเบียนที่ไหน
ลงทะเบียนที่ไหน
ลงทะเบียนที่ไหน
วิธีลงทะเบียนทำอย่างไร
วิธีลงทะเบียนทำอย่างไร
วิธีลงทะเบียนทำอย่างไร
วิธีลงทะเบียนทำอย่างไร
วิธีลงทะเบียนทำอย่างไร
วิธีลงทะเบียนทำอย่างไร
วิธีลงทะเบียนทำอย่างไร
วิธีลงทะเบียนทำอย่างไร
วิธีลงทะเบียนทำอย่างไร
วิธีลงทะเบียนทำอย่างไร
ทำไมลงทะเบียนไม่ทัน
ทำไมลงทะเบียนไม่ทัน
ทำไมลงทะเบียนไม่ทัน
ทำไมลงทะเบียนไม่ทัน
ทำไมลงทะเบียนไม่ทัน
ทำไมลงทะเบียนไม่ทัน
ทำไมลงทะเบียนไม่ทัน
ทำไมลงทะเบียนไม่ทัน
ทำไมลงทะเบียนไม่ทัน
ทำไมลงทะเบียนไม่ทัน
ถ้าลงทะเบียนไม่ทันทำยังไง
ถ้าลงทะเบียนไม่ทันทำยังไง
ถ้าลงทะเบียนไม่ทันทำยังไง
ถ้าลงทะเบียนไม่ทันทำยังไง
ถ้าลงทะเบียนไม่ทันทำยังไง
ถ้าลงทะเบียนไม่ทันทำยังไง
ถ้าลงทะเบียนไม่ทันทำยังไง
ถ้าลงทะเบียนไม่ทันทำยังไง
ถ้าลงทะเบียนไม่ทันทำยังไง
ถ้าลงทะเบียนไม่ทันทำยังไง
ลงทะเบียนไม่ทันต้องแก้ปัญหายังไง
ลงทะเบียนไม่ทันต้องแก้ปัญหายังไง
ลงทะเบียนไม่ทันต้องแก้ปัญหายังไง
ลงทะเบียนไม่ทันต้องแก้ปัญหายังไง
ลงทะเบียนไม่ทันต้องแก้ปัญหายังไง
ลงทะเบียนไม่ทันต้องแก้ปัญหายังไง
ลงทะเบียนไม่ทันต้องแก้ปัญหายังไง
ลงทะเบียนไม่ทันต้องแก้ปัญหายังไง
ลงทะเบียนไม่ทันต้องแก้ปัญหายังไง
ลงทะเบียนไม่ทันต้องแก้ปัญหายังไง
มีสิทธิ์ลงเพิ่มไหม
มีสิทธิ์ลงเพิ่มไหม
มีสิทธิ์ลงเพิ่มไหม
มีสิทธิ์ลงเพิ่มไหม
มีสิทธิ์ลงเพิ่มไหม
มีสิทธิ์ลงเพิ่มไหม
มีสิทธิ์ลงเพิ่มไหม
มีสิทธิ์ลงเพิ่มไหม
มีสิทธิ์ลงเพิ่มไหม
มีสิทธิ์ลงเพิ่มไหม
ทำเรื่องชี้แจงได้ไหม
ทำเรื่องชี้แจงได้ไหม
ทำเรื่องชี้แจงได้ไหม
ทำเรื่องชี้แจงได้ไหม
ทำเรื่องชี้แจงได้ไหม
ทำเรื่องชี้แจงได้ไหม
ทำเรื่องชี้แจงได้ไหม
ทำเรื่องชี้แจงได้ไหม
ทำเรื่องชี้แจงได้ไหม
ทำเรื่องชี้แจงได้ไหม
ลงไม่ทันต้องยื่นเอกสารหรือเปล่า
ลงไม่ทันต้องยื่นเอกสารหรือเปล่า
ลงไม่ทันต้องยื่นเอกสารหรือเปล่า
ลงไม่ทันต้องยื่นเอกสารหรือเปล่า
ลงไม่ทันต้องยื่นเอกสารหรือเปล่า
ลงไม่ทันต้องยื่นเอกสารหรือเปล่า
ลงไม่ทันต้องยื่นเอกสารหรือเปล่า
ลงไม่ทันต้องยื่นเอกสารหรือเปล่า
ลงไม่ทันต้องยื่นเอกสารหรือเปล่า
ลงไม่ทันต้องยื่นเอกสารหรือเปล่า
ใครช่วยเรื่องลงทะเบียนไม่ทัน
ใครช่วยเรื่องลงทะเบียนไม่ทัน
ใครช่วยเรื่องลงทะเบียนไม่ทัน
ใครช่วยเรื่องลงทะเบียนไม่ทัน
ใครช่วยเรื่องลงทะเบียนไม่ทัน
ใครช่วยเรื่องลงทะเบียนไม่ทัน
ใครช่วยเรื่องลงทะเบียนไม่ทัน
ใครช่วยเรื่องลงทะเบียนไม่ทัน
ใครช่วยเรื่องลงทะเบียนไม่ทัน
ใครช่วยเรื่องลงทะเบียนไม่ทัน
ถ้าพลาดการลงทะเบียนจะเสียสิทธิ์ไหม
ถ้าพลาดการลงทะเบียนจะเสียสิทธิ์ไหม
ถ้าพลาดการลงทะเบียนจะเสียสิทธิ์ไหม
ถ้าพลาดการลงทะเบียนจะเสียสิทธิ์ไหม
ถ้าพลาดการลงทะเบียนจะเสียสิทธิ์ไหม
ถ้าพลาดการลงทะเบียนจะเสียสิทธิ์ไหม
ถ้าพลาดการลงทะเบียนจะเสียสิทธิ์ไหม
ถ้าพลาดการลงทะเบียนจะเสียสิทธิ์ไหม
ถ้าพลาดการลงทะเบียนจะเสียสิทธิ์ไหม
ถ้าพลาดการลงทะเบียนจะเสียสิทธิ์ไหม
ลงทะเบียนไม่ทันติดต่อใคร
ลงทะเบียนไม่ทันติดต่อใคร
ลงทะเบียนไม่ทันติดต่อใคร
ลงทะเบียนไม่ทันติดต่อใคร
ลงทะเบียนไม่ทันติดต่อใคร
ลงทะเบียนไม่ทันติดต่อใคร
ลงทะเบียนไม่ทันติดต่อใคร
ลงทะเบียนไม่ทันติดต่อใคร
ลงทะเบียนไม่ทันติดต่อใคร
ลงทะเบียนไม่ทันติดต่อใคร
แก้ปัญหาลงทะเบียนไม่ทันยังไง
แก้ปัญหาลงทะเบียนไม่ทันยังไง
แก้ปัญหาลงทะเบียนไม่ทันยังไง
แก้ปัญหาลงทะเบียนไม่ทันยังไง
แก้ปัญหาลงทะเบียนไม่ทันยังไง
แก้ปัญหาลงทะเบียนไม่ทันยังไง
แก้ปัญหาลงทะเบียนไม่ทันยังไง
แก้ปัญหาลงทะเบียนไม่ทันยังไง
แก้ปัญหาลงทะเบียนไม่ทันยังไง
แก้ปัญหาลงทะเบียนไม่ทันยังไง
อยากถอนวิชาออก
อยากถอนวิชาออก
อยากถอนวิชาออก
อยากถอนวิชาออก
อยากถอนวิชาออก
อยากถอนวิชาออก
อยากถอนวิชาออก
อยากถอนวิชาออก
อยากถอนวิชาออก
อยากถอนวิชาออก
ยื่นเรื่องถอนวิชาได้ที่ไหน
ยื่นเรื่องถอนวิชาได้ที่ไหน
ยื่นเรื่องถอนวิชาได้ที่ไหน
ยื่นเรื่องถอนวิชาได้ที่ไหน
ยื่นเรื่องถอนวิชาได้ที่ไหน
ยื่นเรื่องถอนวิชาได้ที่ไหน
ยื่นเรื่องถอนวิชาได้ที่ไหน
ยื่นเรื่องถอนวิชาได้ที่ไหน
ยื่นเรื่องถอนวิชาได้ที่ไหน
ยื่นเรื่องถอนวิชาได้ที่ไหน
ถอนวิชาที่ไม่อยากเรียน
ถอนวิชาที่ไม่อยากเรียน
ถอนวิชาที่ไม่อยากเรียน
ถอนวิชาที่ไม่อยากเรียน
ถอนวิชาที่ไม่อยากเรียน
ถอนวิชาที่ไม่อยากเรียน
ถอนวิชาที่ไม่อยากเรียน
ถอนวิชาที่ไม่อยากเรียน
ถอนวิชาที่ไม่อยากเรียน
ถอนวิชาที่ไม่อยากเรียน
ทำไมถอนวิชาไม่ได้
ทำไมถอนวิชาไม่ได้
ทำไมถอนวิชาไม่ได้
ทำไมถอนวิชาไม่ได้
ทำไมถอนวิชาไม่ได้
ทำไมถอนวิชาไม่ได้
ทำไมถอนวิชาไม่ได้
ทำไมถอนวิชาไม่ได้
ทำไมถอนวิชาไม่ได้
ทำไมถอนวิชาไม่ได้
อยากเปลี่ยนวิชาเรียน
อยากเปลี่ยนวิชาเรียน
อยากเปลี่ยนวิชาเรียน
อยากเปลี่ยนวิชาเรียน
อยากเปลี่ยนวิชาเรียน
อยากเปลี่ยนวิชาเรียน
อยากเปลี่ยนวิชาเรียน
อยากเปลี่ยนวิชาเรียน
อยากเปลี่ยนวิชาเรียน
อยากเปลี่ยนวิชาเรียน
เกรดจะประกาศตอนไหน
เกรดจะประกาศตอนไหน
เกรดจะประกาศตอนไหน
เกรดจะประกาศตอนไหน
เกรดจะประกาศตอนไหน
เกรดจะประกาศตอนไหน
เกรดจะประกาศตอนไหน
เกรดจะประกาศตอนไหน
เกรดจะประกาศตอนไหน
เกรดจะประกาศตอนไหน
เช็คเกรดได้เมื่อไหร่
เช็คเกรดได้เมื่อไหร่
เช็คเกรดได้เมื่อไหร่
เช็คเกรดได้เมื่อไหร่
เช็คเกรดได้เมื่อไหร่
เช็คเกรดได้เมื่อไหร่
เช็คเกรดได้เมื่อไหร่
เช็คเกรดได้เมื่อไหร่
เช็คเกรดได้เมื่อไหร่
เช็คเกรดได้เมื่อไหร่
ประกาศผลการเรียนวันไหน
ประกาศผลการเรียนวันไหน
ประกาศผลการเรียนวันไหน
ประกาศผลการเรียนวันไหน
ประกาศผลการเรียนวันไหน
ประกาศผลการเรียนวันไหน
ประกาศผลการเรียนวันไหน
ประกาศผลการเรียนวันไหน
ประกาศผลการเรียนวันไหน
ประกาศผลการเรียนวันไหน
อยากทราบวันประกาศเกรด
อยากทราบวันประกาศเกรด
อยากทราบวันประกาศเกรด
อยากทราบวันประกาศเกรด
อยากทราบวันประกาศเกรด
อยากทราบวันประกาศเกรด
อยากทราบวันประกาศเกรด
อยากทราบวันประกาศเกรด
อยากทราบวันประกาศเกรด
อยากทราบวันประกาศเกรด
ผลสอบจะออกวันไหน
ผลสอบจะออกวันไหน
ผลสอบจะออกวันไหน
ผลสอบจะออกวันไหน
ผลสอบจะออกวันไหน
ผลสอบจะออกวันไหน
ผลสอบจะออกวันไหน
ผลสอบจะออกวันไหน
ผลสอบจะออกวันไหน
ผลสอบจะออกวันไหน
อยากรู้ว่าดูเกรดได้เมื่อไร
อยากรู้ว่าดูเกรดได้เมื่อไร
อยากรู้ว่าดูเกรดได้เมื่อไร
อยากรู้ว่าดูเกรดได้เมื่อไร
อยากรู้ว่าดูเกรดได้เมื่อไร
อยากรู้ว่าดูเกรดได้เมื่อไร
อยากรู้ว่าดูเกรดได้เมื่อไร
อยากรู้ว่าดูเกรดได้เมื่อไร
อยากรู้ว่าดูเกรดได้เมื่อไร
อยากรู้ว่าดูเกรดได้เมื่อไร
เช็คผลสอบได้วันไหน
เช็คผลสอบได้วันไหน
เช็คผลสอบได้วันไหน
เช็คผลสอบได้วันไหน
เช็คผลสอบได้วันไหน
เช็คผลสอบได้วันไหน
เช็คผลสอบได้วันไหน
เช็คผลสอบได้วันไหน
เช็คผลสอบได้วันไหน
เช็คผลสอบได้วันไหน
ขอลิงก์เว็บไซต์หน่อย
ขอลิงก์เว็บไซต์หน่อย
ขอลิงก์เว็บไซต์หน่อย
ขอลิงก์เว็บไซต์หน่อย
ขอลิงก์เว็บไซต์หน่อย
ขอลิงก์เว็บไซต์หน่อย
ขอลิงก์เว็บไซต์หน่อย
ขอลิงก์เว็บไซต์หน่อย
ขอลิงก์เว็บไซต์หน่อย
ขอลิงก์เว็บไซต์หน่อย
เว็บมหาลัยคืออะไร
เว็บมหาลัยคืออะไร
เว็บมหาลัยคืออะไร
เว็บมหาลัยคืออะไร
เว็บมหาลัยคืออะไร
เว็บมหาลัยคืออะไร
เว็บมหาลัยคืออะไร
เว็บมหาลัยคืออะไร
เว็บมหาลัยคืออะไร
เว็บมหาลัยคืออะไร
เว็บสมัครเรียนอยู่ไหน
เว็บสมัครเรียนอยู่ไหน
เว็บสมัครเรียนอยู่ไหน
เว็บสมัครเรียนอยู่ไหน
เว็บสมัครเรียนอยู่ไหน
เว็บสมัครเรียนอยู่ไหน
เว็บสมัครเรียนอยู่ไหน
เว็บสมัครเรียนอยู่ไหน
เว็บสมัครเรียนอยู่ไหน
เว็บสมัครเรียนอยู่ไหน
เว็บเช็คเกรดคืออะไร
เว็บเช็คเกรดคืออะไร
เว็บเช็คเกรดคืออะไร
เว็บเช็คเกรดคืออะไร
เว็บเช็คเกรดคืออะไร
เว็บเช็คเกรดคืออะไร
เว็บเช็คเกรดคืออะไร
เว็บเช็คเกรดคืออะไร
เว็บเช็คเกรดคืออะไร
เว็บเช็คเกรดคืออะไร
เข้าเว็บไม่ได้ทำยังไง
เข้าเว็บไม่ได้ทำยังไง
เข้าเว็บไม่ได้ทำยังไง
เข้าเว็บไม่ได้ทำยังไง
เข้าเว็บไม่ได้ทำยังไง
เข้าเว็บไม่ได้ทำยังไง
เข้าเว็บไม่ได้ทำยังไง
เข้าเว็บไม่ได้ทำยังไง
เข้าเว็บไม่ได้ทำยังไง
เข้าเว็บไม่ได้ทำยังไง
เว็บระบบลงทะเบียน
เว็บระบบลงทะเบียน
เว็บระบบลงทะเบียน
เว็บระบบลงทะเบียน
เว็บระบบลงทะเบียน
เว็บระบบลงทะเบียน
เว็บระบบลงทะเบียน
เว็บระบบลงทะเบียน
เว็บระบบลงทะเบียน
เว็บระบบลงทะเบียน
เว็บไซต์ทางการคืออะไร
เว็บไซต์ทางการคืออะไร
เว็บไซต์ทางการคืออะไร
เว็บไซต์ทางการคืออะไร
เว็บไซต์ทางการคืออะไร
เว็บไซต์ทางการคืออะไร
เว็บไซต์ทางการคืออะไร
เว็บไซต์ทางการคืออะไร
เว็บไซต์ทางการคืออะไร
เว็บไซต์ทางการคืออะไร
เว็บมีอะไรบ้าง
เว็บมีอะไรบ้าง
เว็บมีอะไรบ้าง
เว็บมีอะไรบ้าง
เว็บมีอะไรบ้าง
เว็บมีอะไรบ้าง
เว็บมีอะไรบ้าง
เว็บมีอะไรบ้าง
เว็บมีอะไรบ้าง
เว็บมีอะไรบ้าง
ขอ URL มหาลัย
ขอ URL มหาลัย
ขอ URL มหาลัย
ขอ URL มหาลัย
ขอ URL มหาลัย
ขอ URL มหาลัย
ขอ URL มหาลัย
ขอ URL มหาลัย
ขอ URL มหาลัย
ขอ URL มหาลัย
อยากถามข้อมูลทั่วไป
อยากถามข้อมูลทั่วไป
อยากถามข้อมูลทั่วไป
อยากถามข้อมูลทั่วไป
อยากถามข้อมูลทั่วไป
อยากถามข้อมูลทั่วไป
อยากถามข้อมูลทั่วไป
อยากถามข้อมูลทั่วไป
อยากถามข้อมูลทั่วไป
อยากถามข้อมูลทั่วไป
มีอะไรแนะนำบ้าง
มีอะไรแนะนำบ้าง
มีอะไรแนะนำบ้าง
มีอะไรแนะนำบ้าง
มีอะไรแนะนำบ้าง
มีอะไรแนะนำบ้าง
มีอะไรแนะนำบ้าง
มีอะไรแนะนำบ้าง
มีอะไรแนะนำบ้าง
มีอะไรแนะนำบ้าง
สอบถามเรื่องมหาลัย
สอบถามเรื่องมหาลัย
สอบถามเรื่องมหาลัย
สอบถามเรื่องมหาลัย
สอบถามเรื่องมหาลัย
สอบถามเรื่องมหาลัย
สอบถามเรื่องมหาลัย
สอบถามเรื่องมหาลัย
สอบถามเรื่องมหาลัย
สอบถามเรื่องมหาลัย
คำถามเกี่ยวกับการเรียน
คำถามเกี่ยวกับการเรียน
คำถามเกี่ยวกับการเรียน
คำถามเกี่ยวกับการเรียน
คำถามเกี่ยวกับการเรียน
คำถามเกี่ยวกับการเรียน
คำถามเกี่ยวกับการเรียน
คำถามเกี่ยวกับการเรียน
คำถามเกี่ยวกับการเรียน
คำถามเกี่ยวกับการเรียน
อยากรู้ข้อมูลทั่วไป
อยากรู้ข้อมูลทั่วไป
อยากรู้ข้อมูลทั่วไป
อยากรู้ข้อมูลทั่วไป
อยากรู้ข้อมูลทั่วไป
อยากรู้ข้อมูลทั่วไป
อยากรู้ข้อมูลทั่วไป
อยากรู้ข้อมูลทั่วไป
อยากรู้ข้อมูลทั่วไป
อยากรู้ข้อมูลทั่วไป
สอบถามทั่วไปได้ไหม
สอบถามทั่วไปได้ไหม
สอบถามทั่วไปได้ไหม
สอบถามทั่วไปได้ไหม
สอบถามทั่วไปได้ไหม
สอบถามทั่วไปได้ไหม
สอบถามทั่วไปได้ไหม
สอบถามทั่วไปได้ไหม
สอบถามทั่วไปได้ไหม
สอบถามทั่วไปได้ไหม
มีคำถามทั่วไป
มีคำถามทั่วไป
มีคำถามทั่วไป
มีคำถามทั่วไป
มีคำถามทั่วไป
มีคำถามทั่วไป
มีคำถามทั่วไป
มีคำถามทั่วไป
มีคำถามทั่วไป
มีคำถามทั่วไป
อยากถามข้อมูลเพิ่ม
อยากถามข้อมูลเพิ่ม
อยากถามข้อมูลเพิ่ม
อยากถามข้อมูลเพิ่ม
อยากถามข้อมูลเพิ่ม
อยากถามข้อมูลเพิ่ม
อยากถามข้อมูลเพิ่ม
อยากถามข้อมูลเพิ่ม
อยากถามข้อมูลเพิ่ม
อยากถามข้อมูลเพิ่ม
ถามได้ไหม
ถามได้ไหม
ถามได้ไหม
ถามได้ไหม
ถามได้ไหม
ถามได้ไหม
ถามได้ไหม
ถามได้ไหม
ถามได้ไหม
ถามได้ไหม
อยากสอบถามข้อมูล
อยากสอบถามข้อมูล
อยากสอบถามข้อมูล
อยากสอบถามข้อมูล
อยากสอบถามข้อมูล
อยากสอบถามข้อมูล
อยากสอบถามข้อมูล
อยากสอบถามข้อมูล
อยากสอบถามข้อมูล
อยากสอบถามข้อมูล
เอกสารยื่นกยศมีอะไรบ้าง
เอกสารยื่นกยศมีอะไรบ้าง
เอกสารยื่นกยศมีอะไรบ้าง
เอกสารยื่นกยศมีอะไรบ้าง
เอกสารยื่นกยศมีอะไรบ้าง
เอกสารยื่นกยศมีอะไรบ้าง
เอกสารยื่นกยศมีอะไรบ้าง
เอกสารยื่นกยศมีอะไรบ้าง
เอกสารยื่นกยศมีอะไรบ้าง
เอกสารยื่นกยศมีอะไรบ้าง
ห้องกยศอยู่ตรงไหน
ห้องกยศอยู่ตรงไหน
ห้องกยศอยู่ตรงไหน
ห้องกยศอยู่ตรงไหน
ห้องกยศอยู่ตรงไหน
ห้องกยศอยู่ตรงไหน
ห้องกยศอยู่ตรงไหน
ห้องกยศอยู่ตรงไหน
ห้องกยศอยู่ตรงไหน
ห้องกยศอยู่ตรงไหน
ห้องกยศอยู่ชั้นไหน
ห้องกยศอยู่ชั้นไหน
ห้องกยศอยู่ชั้นไหน
ห้องกยศอยู่ชั้นไหน
ห้องกยศอยู่ชั้นไหน
ห้องกยศอยู่ชั้นไหน
ห้องกยศอยู่ชั้นไหน
ห้องกยศอยู่ชั้นไหน
ห้องกยศอยู่ชั้นไหน
ห้องกยศอยู่ชั้นไหน
ไปห้องกยศยังไง
ไปห้องกยศยังไง
ไปห้องกยศยังไง
ไปห้องกยศยังไง
ไปห้องกยศยังไง
ไปห้องกยศยังไง
ไปห้องกยศยังไง
ไปห้องกยศยังไง
ไปห้องกยศยังไง
ไปห้องกยศยังไง
ทางไปห้องกยศ
ทางไปห้องกยศ
ทางไปห้องกยศ
ทางไปห้องกยศ
ทางไปห้องกยศ
ทางไปห้องกยศ
ทางไปห้องกยศ
ทางไปห้องกยศ
ทางไปห้องกยศ
ทางไปห้องกยศ
ห้องกยศอยู่ตึกไหน
ห้องกยศอยู่ตึกไหน
ห้องกยศอยู่ตึกไหน
ห้องกยศอยู่ตึกไหน
ห้องกยศอยู่ตึกไหน
ห้องกยศอยู่ตึกไหน
ห้องกยศอยู่ตึกไหน
ห้องกยศอยู่ตึกไหน
ห้องกยศอยู่ตึกไหน
ห้องกยศอยู่ตึกไหน
แผนที่ไปห้องกยศ
แผนที่ไปห้องกยศ
แผนที่ไปห้องกยศ
แผนที่ไปห้องกยศ
แผนที่ไปห้องกยศ
แผนที่ไปห้องกยศ
แผนที่ไปห้องกยศ
แผนที่ไปห้องกยศ
แผนที่ไปห้องกยศ
แผนที่ไปห้องกยศ
ไปห้องกยศเดินทางยังไง
ไปห้องกยศเดินทางยังไง
ไปห้องกยศเดินทางยังไง
ไปห้องกยศเดินทางยังไง
ไปห้องกยศเดินทางยังไง
ไปห้องกยศเดินทางยังไง
ไปห้องกยศเดินทางยังไง
ไปห้องกยศเดินทางยังไง
ไปห้องกยศเดินทางยังไง
ไปห้องกยศเดินทางยังไง
ห้องกยศอยู่ใกล้ตึกไหน
ห้องกยศอยู่ใกล้ตึกไหน
ห้องกยศอยู่ใกล้ตึกไหน
ห้องกยศอยู่ใกล้ตึกไหน
ห้องกยศอยู่ใกล้ตึกไหน
ห้องกยศอยู่ใกล้ตึกไหน
ห้องกยศอยู่ใกล้ตึกไหน
ห้องกยศอยู่ใกล้ตึกไหน
ห้องกยศอยู่ใกล้ตึกไหน
ห้องกยศอยู่ใกล้ตึกไหน
ลงทะเบียนเรียนวันไหน
ลงทะเบียนเรียนวันไหน
ลงทะเบียนเรียนวันไหน
ลงทะเบียนเรียนวันไหน
ลงทะเบียนเรียนวันไหน
ลงทะเบียนเรียนวันไหน
ลงทะเบียนเรียนวันไหน
ลงทะเบียนเรียนวันไหน
ลงทะเบียนเรียนวันไหน
ลงทะเบียนเรียนวันไหน
เปิดลงทะเบียนวันอะไร
เปิดลงทะเบียนวันอะไร
เปิดลงทะเบียนวันอะไร
เปิดลงทะเบียนวันอะไร
เปิดลงทะเบียนวันอะไร
เปิดลงทะเบียนวันอะไร
เปิดลงทะเบียนวันอะไร
เปิดลงทะเบียนวันอะไร
เปิดลงทะเบียนวันอะไร
เปิดลงทะเบียนวันอะไร
การลงทะเบียนเริ่มเมื่อไหร่
การลงทะเบียนเริ่มเมื่อไหร่
การลงทะเบียนเริ่มเมื่อไหร่
การลงทะเบียนเริ่มเมื่อไหร่
การลงทะเบียนเริ่มเมื่อไหร่
การลงทะเบียนเริ่มเมื่อไหร่
การลงทะเบียนเริ่มเมื่อไหร่
การลงทะเบียนเริ่มเมื่อไหร่
การลงทะเบียนเริ่มเมื่อไหร่
การลงทะเบียนเริ่มเมื่อไหร่
ปิดรับลงทะเบียนวันไหน
ปิดรับลงทะเบียนวันไหน
ปิดรับลงทะเบียนวันไหน
ปิดรับลงทะเบียนวันไหน
ปิดรับลงทะเบียนวันไหน
ปิดรับลงทะเบียนวันไหน
ปิดรับลงทะเบียนวันไหน
ปิดรับลงทะเบียนวันไหน
ปิดรับลงทะเบียนวันไหน
ปิดรับลงทะเบียนวันไหน
อยากรู้เวลาลงทะเบียน
อยากรู้เวลาลงทะเบียน
อยากรู้เวลาลงทะเบียน
อยากรู้เวลาลงทะเบียน
อยากรู้เวลาลงทะเบียน
อยากรู้เวลาลงทะเบียน
อยากรู้เวลาลงทะเบียน
อยากรู้เวลาลงทะเบียน
อยากรู้เวลาลงทะเบียน
อยากรู้เวลาลงทะเบียน
ตารางลงทะเบียนคือเมื่อไหร่
ตารางลงทะเบียนคือเมื่อไหร่
ตารางลงทะเบียนคือเมื่อไหร่
ตารางลงทะเบียนคือเมื่อไหร่
ตารางลงทะเบียนคือเมื่อไหร่
ตารางลงทะเบียนคือเมื่อไหร่
ตารางลงทะเบียนคือเมื่อไหร่
ตารางลงทะเบียนคือเมื่อไหร่
ตารางลงทะเบียนคือเมื่อไหร่
ตารางลงทะเบียนคือเมื่อไหร่
ลงทะเบียนภาคการศึกษาไหน
ลงทะเบียนภาคการศึกษาไหน
ลงทะเบียนภาคการศึกษาไหน
ลงทะเบียนภาคการศึกษาไหน
ลงทะเบียนภาคการศึกษาไหน
ลงทะเบียนภาคการศึกษาไหน
ลงทะเบียนภาคการศึกษาไหน
ลงทะเบียนภาคการศึกษาไหน
ลงทะเบียนภาคการศึกษาไหน
ลงทะเบียนภาคการศึกษาไหน
กำหนดเวลาลงทะเบียน
กำหนดเวลาลงทะเบียน
กำหนดเวลาลงทะเบียน
กำหนดเวลาลงทะเบียน
กำหนดเวลาลงทะเบียน
กำหนดเวลาลงทะเบียน
กำหนดเวลาลงทะเบียน
กำหนดเวลาลงทะเบียน
กำหนดเวลาลงทะเบียน
กำหนดเวลาลงทะเบียน
ถอนรายวิชาที่ไม่เรียน
ถอนรายวิชาที่ไม่เรียน
ถอนรายวิชาที่ไม่เรียน
ถอนรายวิชาที่ไม่เรียน
ถอนรายวิชาที่ไม่เรียน
ถอนรายวิชาที่ไม่เรียน
ถอนรายวิชาที่ไม่เรียน
ถอนรายวิชาที่ไม่เรียน
ถอนรายวิชาที่ไม่เรียน
ถอนรายวิชาที่ไม่เรียน
อยากเปลี่ยนรายวิชา
อยากเปลี่ยนรายวิชา
อยากเปลี่ยนรายวิชา
อยากเปลี่ยนรายวิชา
อยากเปลี่ยนรายวิชา
อยากเปลี่ยนรายวิชา
อยากเปลี่ยนรายวิชา
อยากเปลี่ยนรายวิชา
อยากเปลี่ยนรายวิชา
อยากเปลี่ยนรายวิชา
เพิ่มถอนรายวิชาล่าช้าได้ไหม
เพิ่มถอนรายวิชาล่าช้าได้ไหม
เพิ่มถอนรายวิชาล่าช้าได้ไหม
เพิ่มถอนรายวิชาล่าช้าได้ไหม
เพิ่มถอนรายวิชาล่าช้าได้ไหม
เพิ่มถอนรายวิชาล่าช้าได้ไหม
เพิ่มถอนรายวิชาล่าช้าได้ไหม
เพิ่มถอนรายวิชาล่าช้าได้ไหม
เพิ่มถอนรายวิชาล่าช้าได้ไหม
เพิ่มถอนรายวิชาล่าช้าได้ไหม
เปิดภาคเรียนเมื่อไหร่
เปิดภาคเรียนเมื่อไหร่
เปิดภาคเรียนเมื่อไหร่
เปิดภาคเรียนเมื่อไหร่
เปิดภาคเรียนเมื่อไหร่
เปิดภาคเรียนเมื่อไหร่
เปิดภาคเรียนเมื่อไหร่
เปิดภาคเรียนเมื่อไหร่
เปิดภาคเรียนเมื่อไหร่
เปิดภาคเรียนเมื่อไหร่
เปิดเทอมวันอะไร
เปิดเทอมวันอะไร
เปิดเทอมวันอะไร
เปิดเทอมวันอะไร
เปิดเทอมวันอะไร
เปิดเทอมวันอะไร
เปิดเทอมวันอะไร
เปิดเทอมวันอะไร
เปิดเทอมวันอะไร
เปิดเทอมวันอะไร
ภาคเรียนใหม่เริ่มเมื่อไร
ภาคเรียนใหม่เริ่มเมื่อไร
ภาคเรียนใหม่เริ่มเมื่อไร
ภาคเรียนใหม่เริ่มเมื่อไร
ภาคเรียนใหม่เริ่มเมื่อไร
ภาคเรียนใหม่เริ่มเมื่อไร
ภาคเรียนใหม่เริ่มเมื่อไร
ภาคเรียนใหม่เริ่มเมื่อไร
ภาคเรียนใหม่เริ่มเมื่อไร
ภาคเรียนใหม่เริ่มเมื่อไร
วันไหนเปิดเทอม
วันไหนเปิดเทอม
วันไหนเปิดเทอม
วันไหนเปิดเทอม
วันไหนเปิดเทอม
วันไหนเปิดเทอม
วันไหนเปิดเทอม
วันไหนเปิดเทอม
วันไหนเปิดเทอม
วันไหนเปิดเทอม
โอนเงินค่าเทอมยังไง
โอนเงินค่าเทอมยังไง
โอนเงินค่าเทอมยังไง
โอนเงินค่าเทอมยังไง
โอนเงินค่าเทอมยังไง
โอนเงินค่าเทอมยังไง
โอนเงินค่าเทอมยังไง
โอนเงินค่าเทอมยังไง
โอนเงินค่าเทอมยังไง
โอนเงินค่าเทอมยังไง
อยากรู้รายละเอียดสาขา
อยากรู้รายละเอียดสาขา
อยากรู้รายละเอียดสาขา
อยากรู้รายละเอียดสาขา
อยากรู้รายละเอียดสาขา
อยากรู้รายละเอียดสาขา
อยากรู้รายละเอียดสาขา
อยากรู้รายละเอียดสาขา
อยากรู้รายละเอียดสาขา
อยากรู้รายละเอียดสาขา
สาขาเปิดสอนวิชาอะไร
สาขาเปิดสอนวิชาอะไร
สาขาเปิดสอนวิชาอะไร
สาขาเปิดสอนวิชาอะไร
สาขาเปิดสอนวิชาอะไร
สาขาเปิดสอนวิชาอะไร
สาขาเปิดสอนวิชาอะไร
สาขาเปิดสอนวิชาอะไร
สาขาเปิดสอนวิชาอะไร
สาขาเปิดสอนวิชาอะไร
สาขานี้มีชื่อเสียงด้านไหน
สาขานี้มีชื่อเสียงด้านไหน
สาขานี้มีชื่อเสียงด้านไหน
สาขานี้มีชื่อเสียงด้านไหน
สาขานี้มีชื่อเสียงด้านไหน
สาขานี้มีชื่อเสียงด้านไหน
สาขานี้มีชื่อเสียงด้านไหน
สาขานี้มีชื่อเสียงด้านไหน
สาขานี้มีชื่อเสียงด้านไหน
สาขานี้มีชื่อเสียงด้านไหน
อยากรู้ข้อมูลสาขา
อยากรู้ข้อมูลสาขา
อยากรู้ข้อมูลสาขา
อยากรู้ข้อมูลสาขา
อยากรู้ข้อมูลสาขา
อยากรู้ข้อมูลสาขา
อยากรู้ข้อมูลสาขา
อยากรู้ข้อมูลสาขา
อยากรู้ข้อมูลสาขา
อยากรู้ข้อมูลสาขา
สาขาไหนน่าสนใจ
สาขาไหนน่าสนใจ
สาขาไหนน่าสนใจ
สาขาไหนน่าสนใจ
สาขาไหนน่าสนใจ
สาขาไหนน่าสนใจ
สาขาไหนน่าสนใจ
สาขาไหนน่าสนใจ
สาขาไหนน่าสนใจ
สาขาไหนน่าสนใจ
สมัครเรียนได้เลยไหม
สมัครเรียนได้เลยไหม
สมัครเรียนได้เลยไหม
สมัครเรียนได้เลยไหม
สมัครเรียนได้เลยไหม
สมัครเรียนได้เลยไหม
สมัครเรียนได้เลยไหม
สมัครเรียนได้เลยไหม
สมัครเรียนได้เลยไหม
สมัครเรียนได้เลยไหม
ที่นี่รับสมัครเลยหรือเปล่า
ที่นี่รับสมัครเลยหรือเปล่า
ที่นี่รับสมัครเลยหรือเปล่า
ที่นี่รับสมัครเลยหรือเปล่า
ที่นี่รับสมัครเลยหรือเปล่า
ที่นี่รับสมัครเลยหรือเปล่า
ที่นี่รับสมัครเลยหรือเปล่า
ที่นี่รับสมัครเลยหรือเปล่า
ที่นี่รับสมัครเลยหรือเปล่า
ที่นี่รับสมัครเลยหรือเปล่า
ขอข้อมูลสาขาอื่น
ขอข้อมูลสาขาอื่น
ขอข้อมูลสาขาอื่น
ขอข้อมูลสาขาอื่น
ขอข้อมูลสาขาอื่น
ขอข้อมูลสาขาอื่น
ขอข้อมูลสาขาอื่น
ขอข้อมูลสาขาอื่น
ขอข้อมูลสาขาอื่น
ขอข้อมูลสาขาอื่น
สาขาอื่นเปิดอะไรบ้าง
สาขาอื่นเปิดอะไรบ้าง
สาขาอื่นเปิดอะไรบ้าง
สาขาอื่นเปิดอะไรบ้าง
สาขาอื่นเปิดอะไรบ้าง
สาขาอื่นเปิดอะไรบ้าง
สาขาอื่นเปิดอะไรบ้าง
สาขาอื่นเปิดอะไรบ้าง
สาขาอื่นเปิดอะไรบ้าง
สาขาอื่นเปิดอะไรบ้าง
สาขาอื่นน่าสนใจไหม
สาขาอื่นน่าสนใจไหม
สาขาอื่นน่าสนใจไหม
สาขาอื่นน่าสนใจไหม
สาขาอื่นน่าสนใจไหม
สาขาอื่นน่าสนใจไหม
สาขาอื่นน่าสนใจไหม
สาขาอื่นน่าสนใจไหม
สาขาอื่นน่าสนใจไหม
สาขาอื่นน่าสนใจไหม
ช่วยแนะนำสาขาอื่น
ช่วยแนะนำสาขาอื่น
ช่วยแนะนำสาขาอื่น
ช่วยแนะนำสาขาอื่น
ช่วยแนะนำสาขาอื่น
ช่วยแนะนำสาขาอื่น
ช่วยแนะนำสาขาอื่น
ช่วยแนะนำสาขาอื่น
ช่วยแนะนำสาขาอื่น
ช่วยแนะนำสาขาอื่น
บอกสาขาอื่นหน่อย
บอกสาขาอื่นหน่อย
บอกสาขาอื่นหน่อย
บอกสาขาอื่นหน่อย
บอกสาขาอื่นหน่อย
บอกสาขาอื่นหน่อย
บอกสาขาอื่นหน่อย
บอกสาขาอื่นหน่อย
บอกสาขาอื่นหน่อย
บอกสาขาอื่นหน่อย
เบอร์โทรศัพท์คณะ
เบอร์โทรศัพท์คณะ
เบอร์โทรศัพท์คณะ
เบอร์โทรศัพท์คณะ
เบอร์โทรศัพท์คณะ
เบอร์โทรศัพท์คณะ
เบอร์โทรศัพท์คณะ
เบอร์โทรศัพท์คณะ
เบอร์โทรศัพท์คณะ
เบอร์โทรศัพท์คณะ
เบอร์ของคณะนี้คืออะไร
เบอร์ของคณะนี้คืออะไร
เบอร์ของคณะนี้คืออะไร
เบอร์ของคณะนี้คืออะไร
เบอร์ของคณะนี้คืออะไร
เบอร์ของคณะนี้คืออะไร
เบอร์ของคณะนี้คืออะไร
เบอร์ของคณะนี้คืออะไร
เบอร์ของคณะนี้คืออะไร
เบอร์ของคณะนี้คืออะไร
ติดต่อเจ้าหน้าที่นักศึกษา
ติดต่อเจ้าหน้าที่นักศึกษา
ติดต่อเจ้าหน้าที่นักศึกษา
ติดต่อเจ้าหน้าที่นักศึกษา
ติดต่อเจ้าหน้าที่นักศึกษา
ติดต่อเจ้าหน้าที่นักศึกษา
ติดต่อเจ้าหน้าที่นักศึกษา
ติดต่อเจ้าหน้าที่นักศึกษา
ติดต่อเจ้าหน้าที่นักศึกษา
ติดต่อเจ้าหน้าที่นักศึกษา
งานนักศึกษาอยู่ตรงไหน
งานนักศึกษาอยู่ตรงไหน
งานนักศึกษาอยู่ตรงไหน
งานนักศึกษาอยู่ตรงไหน
งานนักศึกษาอยู่ตรงไหน
งานนักศึกษาอยู่ตรงไหน
งานนักศึกษาอยู่ตรงไหน
งานนักศึกษาอยู่ตรงไหน
งานนักศึกษาอยู่ตรงไหน
งานนักศึกษาอยู่ตรงไหน
อยากถามงานนักศึกษา
อยากถามงานนักศึกษา
อยากถามงานนักศึกษา
อยากถามงานนักศึกษา
อยากถามงานนักศึกษา
อยากถามงานนักศึกษา
อยากถามงานนักศึกษา
อยากถามงานนักศึกษา
อยากถามงานนักศึกษา
อยากถามงานนักศึกษา
ติดต่อฝ่ายนักศึกษาได้ยังไง
ติดต่อฝ่ายนักศึกษาได้ยังไง
ติดต่อฝ่ายนักศึกษาได้ยังไง
ติดต่อฝ่ายนักศึกษาได้ยังไง
ติดต่อฝ่ายนักศึกษาได้ยังไง
ติดต่อฝ่ายนักศึกษาได้ยังไง
ติดต่อฝ่ายนักศึกษาได้ยังไง
ติดต่อฝ่ายนักศึกษาได้ยังไง
ติดต่อฝ่ายนักศึกษาได้ยังไง
ติดต่อฝ่ายนักศึกษาได้ยังไง
ขอข้อมูลติดต่อฝ่ายนักศึกษา
ขอข้อมูลติดต่อฝ่ายนักศึกษา
ขอข้อมูลติดต่อฝ่ายนักศึกษา
ขอข้อมูลติดต่อฝ่ายนักศึกษา
ขอข้อมูลติดต่อฝ่ายนักศึกษา
ขอข้อมูลติดต่อฝ่ายนักศึกษา
ขอข้อมูลติดต่อฝ่ายนักศึกษา
ขอข้อมูลติดต่อฝ่ายนักศึกษา
ขอข้อมูลติดต่อฝ่ายนักศึกษา
ขอข้อมูลติดต่อฝ่ายนักศึกษา
ห้องประชุมเจ้าพระยา1 อยู่ที่ไหน
ห้องประชุมเจ้าพระยา1 อยู่ที่ไหน
ห้องประชุมเจ้าพระยา1 อยู่ที่ไหน
ห้องประชุมเจ้าพระยา1 อยู่ที่ไหน
ห้องประชุมเจ้าพระยา1 อยู่ที่ไหน
ห้องประชุมเจ้าพระยา1 อยู่ที่ไหน
ห้องประชุมเจ้าพระยา1 อยู่ที่ไหน
ห้องประชุมเจ้าพระยา1 อยู่ที่ไหน
ห้องประชุมเจ้าพระยา1 อยู่ที่ไหน
ห้องประชุมเจ้าพระยา1 อยู่ที่ไหน
ไปห้องประชุมเจ้าพระยา1 ยังไง
ไปห้องประชุมเจ้าพระยา1 ยังไง
ไปห้องประชุมเจ้าพระยา1 ยังไง
ไปห้องประชุมเจ้าพระยา1 ยังไง
ไปห้องประชุมเจ้าพระยา1 ยังไง
ไปห้องประชุมเจ้าพระยา1 ยังไง
ไปห้องประชุมเจ้าพระยา1 ยังไง
ไปห้องประชุมเจ้าพระยา1 ยังไง
ไปห้องประชุมเจ้าพระยา1 ยังไง
ไปห้องประชุมเจ้าพระยา1 ยังไง
ห้องประชุมเจ้าพระยา1 ชั้นไหน
ห้องประชุมเจ้าพระยา1 ชั้นไหน
ห้องประชุมเจ้าพระยา1 ชั้นไหน
ห้องประชุมเจ้าพระยา1 ชั้นไหน
ห้องประชุมเจ้าพระยา1 ชั้นไหน
ห้องประชุมเจ้าพระยา1 ชั้นไหน
ห้องประชุมเจ้าพระยา1 ชั้นไหน
ห้องประชุมเจ้าพระยา1 ชั้นไหน
ห้องประชุมเจ้าพระยา1 ชั้นไหน
ห้องประชุมเจ้าพระยา1 ชั้นไหน
ห้องประชุมเจ้าพระยา1 ตึกอะไร
ห้องประชุมเจ้าพระยา1 ตึกอะไร
ห้องประชุมเจ้าพระยา1 ตึกอะไร
ห้องประชุมเจ้าพระยา1 ตึกอะไร
ห้องประชุมเจ้าพระยา1 ตึกอะไร
ห้องประชุมเจ้าพระยา1 ตึกอะไร
ห้องประชุมเจ้าพระยา1 ตึกอะไร
ห้องประชุมเจ้าพระยา1 ตึกอะไร
ห้องประชุมเจ้าพระยา1 ตึกอะไร
ห้องประชุมเจ้าพระยา1 ตึกอะไร
แผนที่ห้องประชุมเจ้าพระยา1
แผนที่ห้องประชุมเจ้าพระยา1
แผนที่ห้องประชุมเจ้าพระยา1
แผนที่ห้องประชุมเจ้าพระยา1
แผนที่ห้องประชุมเจ้าพระยา1
แผนที่ห้องประชุมเจ้าพระยา1
แผนที่ห้องประชุมเจ้าพระยา1
แผนที่ห้องประชุมเจ้าพระยา1
แผนที่ห้องประชุมเจ้าพระยา1
แผนที่ห้องประชุมเจ้าพระยา1
ทางไปห้องประชุมเจ้าพระยา1
ทางไปห้องประชุมเจ้าพระยา1
ทางไปห้องประชุมเจ้าพระยา1
ทางไปห้องประชุมเจ้าพระยา1
ทางไปห้องประชุมเจ้าพระยา1
ทางไปห้องประชุมเจ้าพระยา1
ทางไปห้องประชุมเจ้าพระยา1
ทางไปห้องประชุมเจ้าพระยา1
ทางไปห้องประชุมเจ้าพระยา1
ทางไปห้องประชุมเจ้าพระยา1
ห้องประชุมเจ้าพระยา1 อยู่ใกล้อะไร
ห้องประชุมเจ้าพระยา1 อยู่ใกล้อะไร
ห้องประชุมเจ้าพระยา1 อยู่ใกล้อะไร
ห้องประชุมเจ้าพระยา1 อยู่ใกล้อะไร
ห้องประชุมเจ้าพระยา1 อยู่ใกล้อะไร
ห้องประชุมเจ้าพระยา1 อยู่ใกล้อะไร
ห้องประชุมเจ้าพระยา1 อยู่ใกล้อะไร
ห้องประชุมเจ้าพระยา1 อยู่ใกล้อะไร
ห้องประชุมเจ้าพระยา1 อยู่ใกล้อะไร
ห้องประชุมเจ้าพระยา1 อยู่ใกล้อะไร
ไปห้องประชุมเจ้าพระยา1 ครับ
ไปห้องประชุมเจ้าพระยา1 ครับ
ไปห้องประชุมเจ้าพระยา1 ครับ
ไปห้องประชุมเจ้าพระยา1 ครับ
ไปห้องประชุมเจ้าพระยา1 ครับ
ไปห้องประชุมเจ้าพระยา1 ครับ
ไปห้องประชุมเจ้าพระยา1 ครับ
ไปห้องประชุมเจ้าพระยา1 ครับ
ไปห้องประชุมเจ้าพระยา1 ครับ
ไปห้องประชุมเจ้าพระยา1 ครับ
ห้องประชุมเจ้าพระยา1 อยู่ตรงไหน
ห้องประชุมเจ้าพระยา1 อยู่ตรงไหน
ห้องประชุมเจ้าพระยา1 อยู่ตรงไหน
ห้องประชุมเจ้าพระยา1 อยู่ตรงไหน
ห้องประชุมเจ้าพระยา1 อยู่ตรงไหน
ห้องประชุมเจ้าพระยา1 อยู่ตรงไหน
ห้องประชุมเจ้าพระยา1 อยู่ตรงไหน
ห้องประชุมเจ้าพระยา1 อยู่ตรงไหน
ห้องประชุมเจ้าพระยา1 อยู่ตรงไหน
ห้องประชุมเจ้าพระยา1 อยู่ตรงไหน
ห้องประชุมเจ้าพระยา1 เดินทางยังไง
ห้องประชุมเจ้าพระยา1 เดินทางยังไง
ห้องประชุมเจ้าพระยา1 เดินทางยังไง
ห้องประชุมเจ้าพระยา1 เดินทางยังไง
ห้องประชุมเจ้าพระยา1 เดินทางยังไง
ห้องประชุมเจ้าพระยา1 เดินทางยังไง
ห้องประชุมเจ้าพระยา1 เดินทางยังไง
ห้องประชุมเจ้าพระยา1 เดินทางยังไง
ห้องประชุมเจ้าพระยา1 เดินทางยังไง
ห้องประชุมเจ้าพระยา1 เดินทางยังไง
ห้องประชุมเจ้าพระยา2 อยู่ที่ไหน
ห้องประชุมเจ้าพระยา2 อยู่ที่ไหน
ห้องประชุมเจ้าพระยา2 อยู่ที่ไหน
ห้องประชุมเจ้าพระยา2 อยู่ที่ไหน
ห้องประชุมเจ้าพระยา2 อยู่ที่ไหน
ห้องประชุมเจ้าพระยา2 อยู่ที่ไหน
ห้องประชุมเจ้าพระยา2 อยู่ที่ไหน
ห้องประชุมเจ้าพระยา2 อยู่ที่ไหน
ห้องประชุมเจ้าพระยา2 อยู่ที่ไหน
ห้องประชุมเจ้าพระยา2 อยู่ที่ไหน
ไปห้องประชุมเจ้าพระยา2 ยังไง
ไปห้องประชุมเจ้าพระยา2 ยังไง
ไปห้องประชุมเจ้าพระยา2 ยังไง
ไปห้องประชุมเจ้าพระยา2 ยังไง
ไปห้องประชุมเจ้าพระยา2 ยังไง
ไปห้องประชุมเจ้าพระยา2 ยังไง
ไปห้องประชุมเจ้าพระยา2 ยังไง
ไปห้องประชุมเจ้าพระยา2 ยังไง
ไปห้องประชุมเจ้าพระยา2 ยังไง
ไปห้องประชุมเจ้าพระยา2 ยังไง
ห้องประชุมเจ้าพระยา2 ชั้นไหน
ห้องประชุมเจ้าพระยา2 ชั้นไหน
ห้องประชุมเจ้าพระยา2 ชั้นไหน
ห้องประชุมเจ้าพระยา2 ชั้นไหน
ห้องประชุมเจ้าพระยา2 ชั้นไหน
ห้องประชุมเจ้าพระยา2 ชั้นไหน
ห้องประชุมเจ้าพระยา2 ชั้นไหน
ห้องประชุมเจ้าพระยา2 ชั้นไหน
ห้องประชุมเจ้าพระยา2 ชั้นไหน
ห้องประชุมเจ้าพระยา2 ชั้นไหน
ห้องประชุมเจ้าพระยา2 อยู่ตึกอะไร
ห้องประชุมเจ้าพระยา2 อยู่ตึกอะไร
ห้องประชุมเจ้าพระยา2 อยู่ตึกอะไร
ห้องประชุมเจ้าพระยา2 อยู่ตึกอะไร
ห้องประชุมเจ้าพระยา2 อยู่ตึกอะไร
ห้องประชุมเจ้าพระยา2 อยู่ตึกอะไร
ห้องประชุมเจ้าพระยา2 อยู่ตึกอะไร
ห้องประชุมเจ้าพระยา2 อยู่ตึกอะไร
ห้องประชุมเจ้าพระยา2 อยู่ตึกอะไร
ห้องประชุมเจ้าพระยา2 อยู่ตึกอะไร
แผนที่ห้องประชุมเจ้าพระยา2
แผนที่ห้องประชุมเจ้าพระยา2
แผนที่ห้องประชุมเจ้าพระยา2
แผนที่ห้องประชุมเจ้าพระยา2
แผนที่ห้องประชุมเจ้าพระยา2
แผนที่ห้องประชุมเจ้าพระยา2
แผนที่ห้องประชุมเจ้าพระยา2
แผนที่ห้องประชุมเจ้าพระยา2
แผนที่ห้องประชุมเจ้าพระยา2
แผนที่ห้องประชุมเจ้าพระยา2
ทางไปห้องประชุมเจ้าพระยา2
ทางไปห้องประชุมเจ้าพระยา2
ทางไปห้องประชุมเจ้าพระยา2
ทางไปห้องประชุมเจ้าพระยา2
ทางไปห้องประชุมเจ้าพระยา2
ทางไปห้องประชุมเจ้าพระยา2
ทางไปห้องประชุมเจ้าพระยา2
ทางไปห้องประชุมเจ้าพระยา2
ทางไปห้องประชุมเจ้าพระยา2
ทางไปห้องประชุมเจ้าพระยา2
ห้องประชุมเจ้าพระยา2 อยู่ใกล้อะไร
ห้องประชุมเจ้าพระยา2 อยู่ใกล้อะไร
ห้องประชุมเจ้าพระยา2 อยู่ใกล้อะไร
ห้องประชุมเจ้าพระยา2 อยู่ใกล้อะไร
ห้องประชุมเจ้าพระยา2 อยู่ใกล้อะไร
ห้องประชุมเจ้าพระยา2 อยู่ใกล้อะไร
ห้องประชุมเจ้าพระยา2 อยู่ใกล้อะไร
ห้องประชุมเจ้าพระยา2 อยู่ใกล้อะไร
ห้องประชุมเจ้าพระยา2 อยู่ใกล้อะไร
ห้องประชุมเจ้าพระยา2 อยู่ใกล้อะไร
ไปห้องประชุมเจ้าพระยา2 ครับ
ไปห้องประชุมเจ้าพระยา2 ครับ
ไปห้องประชุมเจ้าพระยา2 ครับ
ไปห้องประชุมเจ้าพระยา2 ครับ
ไปห้องประชุมเจ้าพระยา2 ครับ
ไปห้องประชุมเจ้าพระยา2 ครับ
ไปห้องประชุมเจ้าพระยา2 ครับ
ไปห้องประชุมเจ้าพระยา2 ครับ
ไปห้องประชุมเจ้าพระยา2 ครับ
ไปห้องประชุมเจ้าพระยา2 ครับ
ห้องประชุมเจ้าพระยา2 อยู่ตรงไหน
ห้องประชุมเจ้าพระยา2 อยู่ตรงไหน
ห้องประชุมเจ้าพระยา2 อยู่ตรงไหน
ห้องประชุมเจ้าพระยา2 อยู่ตรงไหน
ห้องประชุมเจ้าพระยา2 อยู่ตรงไหน
ห้องประชุมเจ้าพระยา2 อยู่ตรงไหน
ห้องประชุมเจ้าพระยา2 อยู่ตรงไหน
ห้องประชุมเจ้าพระยา2 อยู่ตรงไหน
ห้องประชุมเจ้าพระยา2 อยู่ตรงไหน
ห้องประชุมเจ้าพระยา2 อยู่ตรงไหน
ห้องประชุมเจ้าพระยา2 เดินทางยังไง
ห้องประชุมเจ้าพระยา2 เดินทางยังไง
ห้องประชุมเจ้าพระยา2 เดินทางยังไง
ห้องประชุมเจ้าพระยา2 เดินทางยังไง
ห้องประชุมเจ้าพระยา2 เดินทางยังไง
ห้องประชุมเจ้าพระยา2 เดินทางยังไง
ห้องประชุมเจ้าพระยา2 เดินทางยังไง
ห้องประชุมเจ้าพระยา2 เดินทางยังไง
ห้องประชุมเจ้าพระยา2 เดินทางยังไง
ห้องประชุมเจ้าพระยา2 เดินทางยังไง
ลงทะเบียนช้าต้องทำไง
ลงทะเบียนช้าต้องทำไง
ลงทะเบียนช้าต้องทำไง
ลงทะเบียนช้าต้องทำไง
ลงทะเบียนช้าต้องทำไง
ลงทะเบียนช้าต้องทำไง
ลงทะเบียนช้าต้องทำไง
ลงทะเบียนช้าต้องทำไง
ลงทะเบียนช้าต้องทำไง
ลงทะเบียนช้าต้องทำไง
ลงทะเบียนช้าไปแล้วแก้ยังไง
ลงทะเบียนช้าไปแล้วแก้ยังไง
ลงทะเบียนช้าไปแล้วแก้ยังไง
ลงทะเบียนช้าไปแล้วแก้ยังไง
ลงทะเบียนช้าไปแล้วแก้ยังไง
ลงทะเบียนช้าไปแล้วแก้ยังไง
ลงทะเบียนช้าไปแล้วแก้ยังไง
ลงทะเบียนช้าไปแล้วแก้ยังไง
ลงทะเบียนช้าไปแล้วแก้ยังไง
ลงทะเบียนช้าไปแล้วแก้ยังไง
ลงทะเบียนไม่ทันกำหนด
ลงทะเบียนไม่ทันกำหนด
ลงทะเบียนไม่ทันกำหนด
ลงทะเบียนไม่ทันกำหนด
ลงทะเบียนไม่ทันกำหนด
ลงทะเบียนไม่ทันกำหนด
ลงทะเบียนไม่ทันกำหนด
ลงทะเบียนไม่ทันกำหนด
ลงทะเบียนไม่ทันกำหนด
ลงทะเบียนไม่ทันกำหนด
หวัดดี
ไง
ดีจ้า
มีใครอยู่ไหม
โอเคไหม
เฮ้
ทักครับ
ขอบใจจ้า
ซึ้งใจเลย
ขอบพระคุณ
บอกชื่อหน่อย
ใครครับ
มีชื่อไหม
เรียกว่าอะไรดี
ชื่อคุณคือ
ขอชื่อหน่อย
ลาก่อน
ไปละครับ
คุณโอเคไหม
เป็นไงครับ
เป็นไงจ๊ะ
ช่วงนี้โอเคไหม
วันนี้เป็นไง
สุขภาพดีไหม
สบายดีนะ
คุณคือหุ่นยนต์หรือเปล่า
คุณเป็นหุ่นยนต์ใช่ไหม
นี่คือหุ่นยนต์หรือเปล่า
คุณเป็น AI ไหม
คุณคือเครื่องจักรใช่ไหม
คุณเป็นโปรแกรมหรือเปล่า
คุณคือโรบอทใช่ไหม
บอกความสามารถหน่อย
คุณช่วยอะไรได้
คุณเก่งเรื่องอะไร
คุณทำงานยังไง
คุณทำอะไรเป็น
ช่วยเล่าความสามารถ
คุณช่วยฉันได้ไหม
คุณตอบคำถามได้ไหม
คุณทำงานแบบไหน
คุณมีฟีเจอร์อะไร
เล่าเกี่ยวกับคุณสิ
คุณมีความสามารถพิเศษไหม
คุณทำได้กี่อย่าง
บอกสิว่าทำอะไรได้
คุณมีความรู้ด้านไหน
คุณทำหน้าที่อะไร
คุณทำอะไรเก่ง
คุณช่วยอะไรบ้าง
คุณมีประโยชน์ยังไง
อากาศไม่ไหวเลย
แดดร้อนแรงมาก
ฝนตกแล้ว
ฝนตกหนักเลย
ฝนโปรยมาแล้ว
อยากเข้าห้องน้ำ
ขอเข้าห้องน้ำ
หิวแล้ว
อยากกินข้าว
ท้องร้องแล้ว
อยากทานข้าว
อยากกินอาหาร
มีอะไรให้กินไหม
หิวจะตายแล้ว
ตอนนี้หิว
อยากกินซุปอุ่นๆ
อยากทานของร้อนๆ
นี่คือการทดสอบ
ทดสอบเสียง
เทสต์
ขอลองทดสอบ
ทดสอบอีกครั้ง
ขอลองดู
ลองใช้งาน
ทดสอบการตอบ
เหงาจัง
รู้สึกเหงา
เหงามากเลย
ไม่มีใครคุยด้วย
เหงาๆ
เหงาอยู่คนเดียว
รู้สึกโดดเดี่ยว
ไม่มีเพื่อน
เบื่อและเหงา
มีแฟนหรือยัง
คุณมีแฟนไหม
อยากรู้เรื่องแฟน
เล่าเรื่องแฟนหน่อย
คุณมีแฟนรึเปล่า
คุณโสดไหม
คุณมีคนรักหรือยัง
คุณมีแฟนหรือเปล่า
คุณกำลังคบใครอยู่
คุณรู้จักฉันไหม
คุณรู้จักฉันไหมครับ
คุณรู้จักตัวฉันไหม
วันนี้เป็นยังไง
วันนี้เป็นไงครับ
วันนี้เป็นไงค่ะ
วันนี้โอเคไหม
วันนี้ดีไหม
วันนี้คุณโอเคไหม
วันนี่รู้สึกยังไง
บอกอายุหน่อย
คุณแก่แค่ไหน
กี่ปีแล้ว
อายุคุณเท่าไร
คุณเกิดปีไหน
ตอนนี้อายุเท่าไร
คุณอายุกี่ปี
ค่าเทอมเท่าไร
ต้องจ่ายค่าเทอมกี่บาท
ค่าเรียนเท่าไร
บอกค่าเทอมหน่อย
ค่าใช้จ่ายการเรียนเท่าไร
ค่าเทอมภาคนี้กี่บาท
ค่าเรียนทั้งหมดเท่าไร
ค่าเทอมต้องจ่ายตอนไหน
ค่าเทอมของคณะนี้เท่าไร
ค่าเทอมมหาลัยนี้เท่าไร
กยศ คืออะไร
กู้กยศได้ไหม
กยศทำอย่างไร
วิธีการกยศ
กยศต้องทำไง
ขอรายละเอียดกยศ
ขั้นตอนกยศคืออะไร
ตึกวิทยาศาสตร์อยู่ตรงไหน
ไปตึกวิทย์ยังไง
ช่วยบอกทางตึกวิทยาศาสตร์
ตึกวิทย์คือที่ไหน
หาตึกวิทยาศาสตร์ได้ยังไง
ตึกวิทย์อยู่ชั้นไหน
ตึกวิทยาศาสตร์อยู่ที่ไหน
คณะเครื่องกลอยู่ตรงไหน
สาขาเครื่องกลเรียนอะไร
เรียนเครื่องกลยากไหม
รายละเอียดคณะเครื่องกล
สาขาเครื่องกลทำงานอะไร
วิชาเครื่องกลเรียนอะไร
เครื่องกลคืออะไร
วิศวกรรมหล่อโลหะคืออะไร
เรียนหล่อโลหะยากไหม
หล่อโลหะเรียนอะไร
หล่อโลหะทำงานอะไร
วิชาหล่อโลหะเรียนอะไร
หล่อโลหะคืออะไร
สาขานี้ยากไหม
หล่อโลหะน่าสนใจไหม
กิจกรรมวันนี้คืออะไร
กิจกรรมพิเศษมีไหม
กิจกรรมที่น่าสนใจคืออะไร
มีกิจกรรมชมรมไหม
กิจกรรมที่จัดขึ้นคืออะไร
กิจกรรมวันนี้จัดที่ไหน
อยากร่วมกิจกรรม
ขอกิจกรรมเพิ่มเติม
กิจกรรมในมหาลัยคืออะไร
ไปห้องธุรการทางไหน
ห้องธุรการอยู่ตึกไหน
สอบถามที่ห้องธุรการ
อยากเจอเจ้าหน้าที่ธุรการ
ไปติดต่อธุรการ
อยากไปห้องธุรการ
งานเชื่อมเรียนอะไร
เชื่อมเหล็กยากไหม
สาขานี้ทำอะไรได้บ้าง
เรียนเชื่อมทำงานอะไร
งานเชื่อมเรียนกี่ปี
เรียนเชื่อมอยู่ตึกไหน
งานเชื่อมคืออะไร
วิศวกรรมอุตสาหการเรียนอะไร
สาขาอุตสาหการคืออะไร
อุตสาหการทำงานอะไร
เรียนอุตสาหการยากไหม
คณะอุตสาหการอยู่ตึกไหน
อุตสาหการทำอะไรได้
เรียนอุตสาหการทำงานที่ไหน
อุตสาหการคืออะไร
อุตสาหการมีวิชาอะไร
วิศวกรรมอิเล็กทรอนิกส์คืออะไร
เรียนอิเล็กทรอนิกส์ทำอะไร
อิเล็กทรอนิกส์อยู่ตึกไหน
สาขานี้ยากไหม
อิเล็กทรอนิกส์ทำงานอะไร
เรียนอิเล็กทรอนิกส์ที่ไหน
อิเล็กทรอนิกส์เรียนกี่ปี
อิเล็กทรอนิกส์คือสาขาอะไร
อิเล็กทรอนิกส์น่าสนใจไหม
สาขาแม่พิมพ์คืออะไร
แม่พิมพ์เรียนอะไร
เรียนแม่พิมพ์อยู่ตึกไหน
แม่พิมพ์ทำงานอะไร
เรียนแม่พิมพ์ยากไหม
คณะนี้เรียนกี่ปี
แม่พิมพ์คือสาขาอะไร
สาขาแม่พิมพ์เรียนอะไรบ้าง
วิศวกรรมแม่พิมพ์คืออะไร
สาขานี้เรียนอะไร
สาขานี้น่าสนใจไหม
เรียนเมคคาทรอนิกส์ทำอะไร
สาขาไฟฟ้าเรียนอะไร
ไฟฟ้าคืออะไร
เรียนไฟฟ้ายากไหม
ไฟฟ้าทำงานอะไร
คณะไฟฟ้าอยู่ที่ไหน
เรียนไฟฟ้ากี่ปี
สาขาไฟฟ้าทำอะไรได้บ้าง
ไฟฟ้าคือสาขาอะไร
ไฟฟ้ามีวิชาอะไร
เรียนไฟฟ้าที่ไหน
สนามฟุตบอลอยู่ไหน
สนามฟุตบอลอยู่ตึกไหน
สนามบอลเล่นได้ไหม
สนามฟุตบอลอยู่ที่ใด
สนามฟุตบอลคืออะไร
สนามบอลอยู่ตรงไหน
สนามบาสปิดกี่โมง
สนามบาสอยู่ตึกอะไร
สนามบาสคืออะไร
อยากเล่นบาส
สนามบาสมีที่ไหน
อาคาร36 คืออะไร
อาคาร36 อยู่ตึกอะไร
อาคาร36 อยู่ตรงไหน
อาคาร36 มีอะไรบ้าง
อาคาร36 ใช่ตึกเรียนไหม
ร้านอาหารอยู่ที่ไหน
ร้านอาหารปิดกี่โมง
ร้านอาหารอยู่ตึกไหน
ร้านอาหารตรงไหน
ร้านอาหารคืออะไร
เวลาเปิดคือกี่โมง
เปิดมหาลัยตอนไหน
เวลาเริ่มเปิด
มหาลัยเริ่มเปิดเมื่อไหร่
เวลาปิดคือกี่โมง
มหาลัยปิดเมื่อไหร่
เวลาเลิกคือกี่โมง
มหาลัยเลิกกี่โมง
เวลาปิดคือเมื่อไร
ขอทุนได้ยังไง
ทุนกยศใช้ได้ไหม
ทุนเรียนดีคืออะไร
ทุนการศึกษาทำอย่างไร
ขอสมัครทุนการศึกษา
ขั้นตอนการลาออกคืออะไร
ลาออกจากมหาลัยต้องทำยังไง
ลาออกต้องยื่นเอกสารอะไร
อยากลาออกจากคณะ
ขั้นตอนลาออกคืออะไร
คณะเปิดสอนกี่สาขา
คณะอะไรที่น่าสนใจ
คณะนี้เรียนกี่ปี
คณะมีหลักสูตรอินเตอร์ไหม
อยากรู้ข้อมูลคณะ
คณะมีที่ตั้งตรงไหน
คณะนี้มีชื่อเสียงด้านไหน
คณะเปิดรับกี่คน
คณะนี้เหมาะกับใคร
ช่วยแก้ปัญหาให้หน่อย
แก้ไขข้อมูลไม่ได้
ต้องการแก้เอกสาร
แก้ยังไงดี
แก้ไขผลการเรียน
ต้องการแก้ไขคำตอบ
แก้ชื่อผิด
แก้ข้อมูลนักศึกษา
แก้ไขระบบล้มเหลว
ช่วยลงทะเบียนให้หน่อย
ลงทะเบียนวิชายังไง
ขั้นตอนการลงทะเบียนคืออะไร
อยากสมัครเรียนวิชานี้
ลงทะเบียนผ่านเว็บได้ไหม
มีปัญหาการลงทะเบียน
ขอลงทะเบียนเพิ่ม
ลงทะเบียนที่ไหน
วิธีลงทะเบียนทำอย่างไร
ทำไมลงทะเบียนไม่ทัน
ถ้าลงทะเบียนไม่ทันทำยังไง
ลงทะเบียนไม่ทันต้องแก้ปัญหายังไง
มีสิทธิ์ลงเพิ่มไหม
ทำเรื่องชี้แจงได้ไหม
ลงไม่ทันต้องยื่นเอกสารหรือเปล่า
ใครช่วยเรื่องลงทะเบียนไม่ทัน
ถ้าพลาดการลงทะเบียนจะเสียสิทธิ์ไหม
ลงทะเบียนไม่ทันติดต่อใคร
แก้ปัญหาลงทะเบียนไม่ทันยังไง
อยากถอนวิชาออก
ยื่นเรื่องถอนวิชาได้ที่ไหน
ถอนวิชาที่ไม่อยากเรียน
ทำไมถอนวิชาไม่ได้
อยากเปลี่ยนวิชาเรียน
เกรดจะประกาศตอนไหน
เช็คเกรดได้เมื่อไหร่
ประกาศผลการเรียนวันไหน
อยากทราบวันประกาศเกรด
ผลสอบจะออกวันไหน
อยากรู้ว่าดูเกรดได้เมื่อไร
เช็คผลสอบได้วันไหน
ขอลิงก์เว็บไซต์หน่อย
เว็บมหาลัยคืออะไร
เว็บสมัครเรียนอยู่ไหน
เว็บเช็คเกรดคืออะไร
เข้าเว็บไม่ได้ทำยังไง
เว็บระบบลงทะเบียน
เว็บไซต์ทางการคืออะไร
เว็บมีอะไรบ้าง
ขอ URL มหาลัย
อยากถามข้อมูลทั่วไป
มีอะไรแนะนำบ้าง
สอบถามเรื่องมหาลัย
คำถามเกี่ยวกับการเรียน
อยากรู้ข้อมูลทั่วไป
สอบถามทั่วไปได้ไหม
มีคำถามทั่วไป
อยากถามข้อมูลเพิ่ม
ถามได้ไหม
อยากสอบถามข้อมูล
เอกสารยื่นกยศมีอะไรบ้าง
ห้องกยศอยู่ตรงไหน
ห้องกยศอยู่ชั้นไหน
ไปห้องกยศยังไง
ทางไปห้องกยศ
ห้องกยศอยู่ตึกไหน
แผนที่ไปห้องกยศ
ไปห้องกยศเดินทางยังไง
ห้องกยศอยู่ใกล้ตึกไหน
ลงทะเบียนเรียนวันไหน
เปิดลงทะเบียนวันอะไร
การลงทะเบียนเริ่มเมื่อไหร่
ปิดรับลงทะเบียนวันไหน
อยากรู้เวลาลงทะเบียน
ตารางลงทะเบียนคือเมื่อไหร่
ลงทะเบียนภาคการศึกษาไหน
กำหนดเวลาลงทะเบียน
ถอนรายวิชาที่ไม่เรียน
อยากเปลี่ยนรายวิชา
เพิ่มถอนรายวิชาล่าช้าได้ไหม
เปิดภาคเรียนเมื่อไหร่
เปิดเทอมวันอะไร
ภาคเรียนใหม่เริ่มเมื่อไร
วันไหนเปิดเทอม
โอนเงินค่าเทอมยังไง
อยากรู้รายละเอียดสาขา
สาขาเปิดสอนวิชาอะไร
สาขานี้มีชื่อเสียงด้านไหน
อยากรู้ข้อมูลสาขา
สาขาไหนน่าสนใจ
สมัครเรียนได้เลยไหม
ที่นี่รับสมัครเลยหรือเปล่า
ขอข้อมูลสาขาอื่น
สาขาอื่นเปิดอะไรบ้าง
สาขาอื่นน่าสนใจไหม
ช่วยแนะนำสาขาอื่น
บอกสาขาอื่นหน่อย
เบอร์โทรศัพท์คณะ
เบอร์ของคณะนี้คืออะไร
ติดต่อเจ้าหน้าที่นักศึกษา
งานนักศึกษาอยู่ตรงไหน
อยากถามงานนักศึกษา
ติดต่อฝ่ายนักศึกษาได้ยังไง
ขอข้อมูลติดต่อฝ่ายนักศึกษา
ห้องประชุมเจ้าพระยา1 อยู่ที่ไหน
ไปห้องประชุมเจ้าพระยา1 ยังไง
ห้องประชุมเจ้าพระยา1 ชั้นไหน
ห้องประชุมเจ้าพระยา1 ตึกอะไร
แผนที่ห้องประชุมเจ้าพระยา1
ทางไปห้องประชุมเจ้าพระยา1
ห้องประชุมเจ้าพระยา1 อยู่ใกล้อะไร
ไปห้องประชุมเจ้าพระยา1 ครับ
ห้องประชุมเจ้าพระยา1 อยู่ตรงไหน
ห้องประชุมเจ้าพระยา1 เดินทางยังไง
ห้องประชุมเจ้าพระยา2 อยู่ที่ไหน
ไปห้องประชุมเจ้าพระยา2 ยังไง
ห้องประชุมเจ้าพระยา2 ชั้นไหน
ห้องประชุมเจ้าพระยา2 อยู่ตึกอะไร
แผนที่ห้องประชุมเจ้าพระยา2
ทางไปห้องประชุมเจ้าพระยา2
ห้องประชุมเจ้าพระยา2 อยู่ใกล้อะไร
ไปห้องประชุมเจ้าพระยา2 ครับ
ห้องประชุมเจ้าพระยา2 อยู่ตรงไหน
ห้องประชุมเจ้าพระยา2 เดินทางยังไง
ลงทะเบียนช้าต้องทำไง
ลงทะเบียนช้าไปแล้วแก้ยังไง
ลงทะเบียนไม่ทันกำหนด
หวัดดี
มีใครอยู่ไหม
หวัดดีฮ่ะ
เฮ้
ทักครับ
ขอบใจจ้า
ขอบพระคุณ
บอกชื่อหน่อย
มีชื่อไหม
ชื่อคุณคือ
ลาก่อน
คุณโอเคไหม
ช่วงนี้เป็นไง
เป็นไงครับ
ช่วงนี้โอเคไหม
คุณคือหุ่นยนต์หรือเปล่า
คุณเป็นหุ่นยนต์ใช่ไหม
นี่คือหุ่นยนต์หรือเปล่า
นายคือหรือป่าว
บอกความสามารถหน่อย
คุณทำงานยังไง
คุณทำอะไรเป็น
คุณช่วยฉันได้ไหม
คุณตอบคำถามได้ไหม
คุณทำงานแบบไหน
เล่าเกี่ยวกับคุณสิ
คุณมีความสามารถพิเศษไหม
บอกสิว่าทำอะไรได้
คุณมีความรู้ด้านไหน
คุณทำหน้าที่อะไร
ทำอะไรได้
แดดร้อนแรงมาก
หิวแล้ว
อยากทานข้าว
อยากกินอาหาร
มีอะไรให้กินไหม
ตอนนี้หิว
อยากกินซุปอุ่นๆ
อยากทานของร้อนๆ
ทดสอบเสียง
เทส
เทสเทสเทส
เทสต์
ขอลองทดสอบ
ทดสอบอีกครั้ง
เทสเทส
ลองใช้งาน
ทดสอบการตอบ
คุยด้วยได้ไหม
อยากคุยด้วย
เหงามากเลย
ไม่มีใครคุยด้วย
เหงาอยู่คนเดียว
คุณมีแฟนไหม
มีแฟนไหม
คุณมีแฟนรึเปล่า
คุณโสดไหม
คุณมีคนรักหรือยัง
คุณมีแฟนหรือเปล่า
คุณกำลังคบใครอยู่
รู้จักฉันไหม
คุณรู้จักตัวฉันไหม
รู้ไหมใครเอ่ย
วันนี้เป็นยังไง
เป็นไงบ้าง
วันนี้เป็นไงครับ
วันนี้เป็นไงค่ะ
วันนี้โอเคไหม
วันนี้ดีไหม
วันนี้คุณโอเคไหม
วันนี่รู้สึกยังไง
บอกอายุหน่อย
อยากทราบอายุ
อายุคุณเท่าไร
คุณเกิดปีไหน
ตอนนี้อายุเท่าไร
คุณอายุกี่ปี
ค่าเทอมเท่าไร
ต้องจ่ายค่าเทอมกี่บาท
ค่าเรียนเท่าไร
บอกค่าเทอมหน่อย
ค่าใช้จ่ายการเรียนเท่าไร
ค่าเทอมภาคนี้กี่บาท
ค่าเรียนทั้งหมดเท่าไร
ค่าเทอมต้องจ่ายตอนไหน
ค่าเทอมของคณะนี้เท่าไร
ค่าเทอมมหาลัยนี้เท่าไร
กยศ คืออะไร
กู้กยศได้ไหม
กยศทำอย่างไร
วิธีการกยศ
กยศต้องทำไง
ขอรายละเอียดกยศ
ขั้นตอนกยศคืออะไร
ตึกวิทยาศาสตร์อยู่ตรงไหน
ไปตึกวิทย์ยังไง
ช่วยบอกทางตึกวิทยาศาสตร์
ตึกวิทย์คือที่ไหน
หาตึกวิทยาศาสตร์ได้ยังไง
ตึกวิทย์อยู่ชั้นไหน
ตึกวิทยาศาสตร์อยู่ที่ไหน
คณะเครื่องกลอยู่ตรงไหน
สาขาเครื่องกลเรียนอะไร
เรียนเครื่องกลยากไหม
รายละเอียดคณะเครื่องกล
สาขาเครื่องกลทำงานอะไร
วิชาเครื่องกลเรียนอะไร
เครื่องกลคืออะไร
วิศวกรรมหล่อโลหะคืออะไร
เรียนหล่อโลหะยากไหม
หล่อโลหะเรียนอะไร
หล่อโลหะทำงานอะไร
วิชาหล่อโลหะเรียนอะไร
หล่อโลหะคืออะไร
สาขานี้ยากไหม
หล่อโลหะน่าสนใจไหม
กิจกรรมวันนี้คืออะไร
กิจกรรมพิเศษมีไหม
กิจกรรมที่น่าสนใจคืออะไร
มีกิจกรรมชมรมไหม
กิจกรรมที่จัดขึ้นคืออะไร
กิจกรรมวันนี้จัดที่ไหน
อยากร่วมกิจกรรม
ขอกิจกรรมเพิ่มเติม
กิจกรรมในมหาลัยคืออะไร
ไปห้องธุรการทางไหน
ห้องธุรการอยู่ตึกไหน
สอบถามที่ห้องธุรการ
อยากเจอเจ้าหน้าที่ธุรการ
ไปติดต่อธุรการ
อยากไปห้องธุรการ
งานเชื่อมเรียนอะไร
เชื่อมเหล็กยากไหม
สาขานี้ทำอะไรได้บ้าง
เรียนเชื่อมทำงานอะไร
งานเชื่อมเรียนกี่ปี
เรียนเชื่อมอยู่ตึกไหน
งานเชื่อมคืออะไร
วิศวกรรมอุตสาหการเรียนอะไร
สาขาอุตสาหการคืออะไร
อุตสาหการทำงานอะไร
เรียนอุตสาหการยากไหม
คณะอุตสาหการอยู่ตึกไหน
อุตสาหการทำอะไรได้
เรียนอุตสาหการทำงานที่ไหน
อุตสาหการคืออะไร
อุตสาหการมีวิชาอะไร
วิศวกรรมอิเล็กทรอนิกส์คืออะไร
เรียนอิเล็กทรอนิกส์ทำอะไร
อิเล็กทรอนิกส์อยู่ตึกไหน
สาขานี้ยากไหม
อิเล็กทรอนิกส์ทำงานอะไร
เรียนอิเล็กทรอนิกส์ที่ไหน
อิเล็กทรอนิกส์เรียนกี่ปี
อิเล็กทรอนิกส์คือสาขาอะไร
อิเล็กทรอนิกส์น่าสนใจไหม
สาขาแม่พิมพ์คืออะไร
แม่พิมพ์เรียนอะไร
เรียนแม่พิมพ์อยู่ตึกไหน
แม่พิมพ์ทำงานอะไร
เรียนแม่พิมพ์ยากไหม
คณะนี้เรียนกี่ปี
แม่พิมพ์คือสาขาอะไร
สาขาแม่พิมพ์เรียนอะไรบ้าง
วิศวกรรมแม่พิมพ์คืออะไร
สาขานี้เรียนอะไร
สาขานี้น่าสนใจไหม
เรียนเมคคาทรอนิกส์ทำอะไร
สาขาไฟฟ้าเรียนอะไร
ไฟฟ้าคืออะไร
เรียนไฟฟ้ายากไหม
ไฟฟ้าทำงานอะไร
คณะไฟฟ้าอยู่ที่ไหน
เรียนไฟฟ้ากี่ปี
สาขาไฟฟ้าทำอะไรได้บ้าง
ไฟฟ้าคือสาขาอะไร
ไฟฟ้ามีวิชาอะไร
เรียนไฟฟ้าที่ไหน
สนามฟุตบอลอยู่ไหน
สนามฟุตบอลอยู่ตึกไหน
สนามบอลเล่นได้ไหม
สนามฟุตบอลอยู่ที่ใด
สนามฟุตบอลคืออะไร
สนามบอลอยู่ตรงไหน
สนามบาสปิดกี่โมง
สนามบาสอยู่ตึกอะไร
สนามบาสคืออะไร
อยากเล่นบาส
สนามบาสมีที่ไหน
อาคาร36 คืออะไร
อาคาร36 อยู่ตึกอะไร
อาคาร36 อยู่ตรงไหน
อาคาร36 มีอะไรบ้าง
อาคาร36 ใช่ตึกเรียนไหม
ร้านอาหารอยู่ที่ไหน
ร้านอาหารปิดกี่โมง
ร้านอาหารอยู่ตึกไหน
ร้านอาหารตรงไหน
ร้านอาหารคืออะไร
เวลาเปิดคือกี่โมง
เปิดมหาลัยตอนไหน
เวลาเริ่มเปิด
มหาลัยเริ่มเปิดเมื่อไหร่
เวลาปิดคือกี่โมง
มหาลัยปิดเมื่อไหร่
เวลาเลิกคือกี่โมง
มหาลัยเลิกกี่โมง
เวลาปิดคือเมื่อไร
ขอทุนได้ยังไง
ทุนกยศใช้ได้ไหม
ทุนเรียนดีคืออะไร
ทุนการศึกษาทำอย่างไร
ขอสมัครทุนการศึกษา
ขั้นตอนการลาออกคืออะไร
ลาออกจากมหาลัยต้องทำยังไง
ลาออกต้องยื่นเอกสารอะไร
อยากลาออกจากคณะ
ขั้นตอนลาออกคืออะไร
คณะเปิดสอนกี่สาขา
คณะอะไรที่น่าสนใจ
คณะนี้เรียนกี่ปี
คณะมีหลักสูตรอินเตอร์ไหม
อยากรู้ข้อมูลคณะ
คณะมีที่ตั้งตรงไหน
คณะนี้มีชื่อเสียงด้านไหน
คณะเปิดรับกี่คน
คณะนี้เหมาะกับใคร
ช่วยแก้ปัญหาให้หน่อย
แก้ไขข้อมูลไม่ได้
ต้องการแก้เอกสาร
แก้ยังไงดี
แก้ไขผลการเรียน
ต้องการแก้ไขคำตอบ
แก้ชื่อผิด
แก้ข้อมูลนักศึกษา
แก้ไขระบบล้มเหลว
ช่วยลงทะเบียนให้หน่อย
ลงทะเบียนวิชายังไง
ขั้นตอนการลงทะเบียนคืออะไร
อยากสมัครเรียนวิชานี้
ลงทะเบียนผ่านเว็บได้ไหม
มีปัญหาการลงทะเบียน
ขอลงทะเบียนเพิ่ม
ลงทะเบียนที่ไหน
วิธีลงทะเบียนทำอย่างไร
ทำไมลงทะเบียนไม่ทัน
ถ้าลงทะเบียนไม่ทันทำยังไง
ลงทะเบียนไม่ทันต้องแก้ปัญหายังไง
มีสิทธิ์ลงเพิ่มไหม
ทำเรื่องชี้แจงได้ไหม
ลงไม่ทันต้องยื่นเอกสารหรือเปล่า
ใครช่วยเรื่องลงทะเบียนไม่ทัน
ถ้าพลาดการลงทะเบียนจะเสียสิทธิ์ไหม
ลงทะเบียนไม่ทันติดต่อใคร
แก้ปัญหาลงทะเบียนไม่ทันยังไง
อยากถอนวิชาออก
ยื่นเรื่องถอนวิชาได้ที่ไหน
ถอนวิชาที่ไม่อยากเรียน
ทำไมถอนวิชาไม่ได้
อยากเปลี่ยนวิชาเรียน
เกรดจะประกาศตอนไหน
เช็คเกรดได้เมื่อไหร่
ประกาศผลการเรียนวันไหน
อยากทราบวันประกาศเกรด
ผลสอบจะออกวันไหน
อยากรู้ว่าดูเกรดได้เมื่อไร
เช็คผลสอบได้วันไหน
ขอลิงก์เว็บไซต์หน่อย
เว็บมหาลัยคืออะไร
เว็บสมัครเรียนอยู่ไหน
เว็บเช็คเกรดคืออะไร
เข้าเว็บไม่ได้ทำยังไง
เว็บระบบลงทะเบียน
เว็บไซต์ทางการคืออะไร
เว็บมีอะไรบ้าง
ขอ URL มหาลัย
อยากถามข้อมูลทั่วไป
มีอะไรแนะนำบ้าง
สอบถามเรื่องมหาลัย
คำถามเกี่ยวกับการเรียน
อยากรู้ข้อมูลทั่วไป
สอบถามทั่วไปได้ไหม
มีคำถามทั่วไป
อยากถามข้อมูลเพิ่ม
ถามได้ไหม
อยากสอบถามข้อมูล
เอกสารยื่นกยศมีอะไรบ้าง
ห้องกยศอยู่ตรงไหน
ห้องกยศอยู่ชั้นไหน
ไปห้องกยศยังไง
ทางไปห้องกยศ
ห้องกยศอยู่ตึกไหน
แผนที่ไปห้องกยศ
ไปห้องกยศเดินทางยังไง
ห้องกยศอยู่ใกล้ตึกไหน
ลงทะเบียนเรียนวันไหน
เปิดลงทะเบียนวันอะไร
การลงทะเบียนเริ่มเมื่อไหร่
ปิดรับลงทะเบียนวันไหน
อยากรู้เวลาลงทะเบียน
ตารางลงทะเบียนคือเมื่อไหร่
ลงทะเบียนภาคการศึกษาไหน
กำหนดเวลาลงทะเบียน
ถอนรายวิชาที่ไม่เรียน
อยากเปลี่ยนรายวิชา
เพิ่มถอนรายวิชาล่าช้าได้ไหม
เปิดภาคเรียนเมื่อไหร่
เปิดเทอมวันอะไร
ภาคเรียนใหม่เริ่มเมื่อไร
วันไหนเปิดเทอม
โอนเงินค่าเทอมยังไง
อยากรู้รายละเอียดสาขา
สาขาเปิดสอนวิชาอะไร
สาขานี้มีชื่อเสียงด้านไหน
อยากรู้ข้อมูลสาขา
สาขาไหนน่าสนใจ
สมัครเรียนได้เลยไหม
ที่นี่รับสมัครเลยหรือเปล่า
ขอข้อมูลสาขาอื่น
สาขาอื่นเปิดอะไรบ้าง
สาขาอื่นน่าสนใจไหม
ช่วยแนะนำสาขาอื่น
บอกสาขาอื่นหน่อย
เบอร์โทรศัพท์คณะ
เบอร์ของคณะนี้คืออะไร
ติดต่อเจ้าหน้าที่นักศึกษา
งานนักศึกษาอยู่ตรงไหน
อยากถามงานนักศึกษา
ติดต่อฝ่ายนักศึกษาได้ยังไง
ขอข้อมูลติดต่อฝ่ายนักศึกษา
ห้องประชุมเจ้าพระยา1 อยู่ที่ไหน
ไปห้องประชุมเจ้าพระยา1 ยังไง
ห้องประชุมเจ้าพระยา1 ชั้นไหน
ห้องประชุมเจ้าพระยา1 ตึกอะไร
แผนที่ห้องประชุมเจ้าพระยา1
ทางไปห้องประชุมเจ้าพระยา1
ห้องประชุมเจ้าพระยา1 อยู่ใกล้อะไร
ไปห้องประชุมเจ้าพระยา1 ครับ
ห้องประชุมเจ้าพระยา1 อยู่ตรงไหน
ห้องประชุมเจ้าพระยา1 เดินทางยังไง
ห้องประชุมเจ้าพระยา2 อยู่ที่ไหน
ไปห้องประชุมเจ้าพระยา2 ยังไง
ห้องประชุมเจ้าพระยา2 ชั้นไหน
ห้องประชุมเจ้าพระยา2 อยู่ตึกอะไร
แผนที่ห้องประชุมเจ้าพระยา2
ทางไปห้องประชุมเจ้าพระยา2
ห้องประชุมเจ้าพระยา2 อยู่ใกล้อะไร
ไปห้องประชุมเจ้าพระยา2 ครับ
ห้องประชุมเจ้าพระยา2 อยู่ตรงไหน
ห้องประชุมเจ้าพระยา2 เดินทางยังไง
ลงทะเบียนช้าต้องทำไง
ลงทะเบียนช้าไปแล้วแก้ยังไง
ลงทะเบียนไม่ทันกำหนด
หวัดดี
มีใครอยู่ไหม
หวัดดีฮ่ะ
เฮ้
ทักครับ
ขอบใจจ้า
ขอบพระคุณ
บอกชื่อหน่อย
มีชื่อไหม
ชื่อคุณคือ
ลาก่อน
คุณโอเคไหม
ช่วงนี้เป็นไง
เป็นไงครับ
ช่วงนี้โอเคไหม
คุณคือหุ่นยนต์หรือเปล่า
คุณเป็นหุ่นยนต์ใช่ไหม
นี่คือหุ่นยนต์หรือเปล่า
นายคือหรือป่าว
บอกความสามารถหน่อย
คุณทำงานยังไง
คุณทำอะไรเป็น
คุณช่วยฉันได้ไหม
คุณตอบคำถามได้ไหม
คุณทำงานแบบไหน
เล่าเกี่ยวกับคุณสิ
คุณมีความสามารถพิเศษไหม
บอกสิว่าทำอะไรได้
คุณมีความรู้ด้านไหน
คุณทำหน้าที่อะไร
ทำอะไรได้
แดดร้อนแรงมาก
หิวแล้ว
อยากทานข้าว
อยากกินอาหาร
มีอะไรให้กินไหม
ตอนนี้หิว
อยากกินซุปอุ่นๆ
อยากทานของร้อนๆ
ทดสอบเสียง
เทส
เทสเทสเทส
เทสต์
ขอลองทดสอบ
ทดสอบอีกครั้ง
เทสเทส
ลองใช้งาน
ทดสอบการตอบ
คุยด้วยได้ไหม
อยากคุยด้วย
เหงามากเลย
ไม่มีใครคุยด้วย
เหงาอยู่คนเดียว
คุณมีแฟนไหม
มีแฟนไหม
คุณมีแฟนรึเปล่า
คุณโสดไหม
คุณมีคนรักหรือยัง
คุณมีแฟนหรือเปล่า
คุณกำลังคบใครอยู่
รู้จักฉันไหม
คุณรู้จักตัวฉันไหม
รู้ไหมใครเอ่ย
วันนี้เป็นยังไง
เป็นไงบ้าง
วันนี้เป็นไงครับ
วันนี้เป็นไงค่ะ
วันนี้โอเคไหม
วันนี้ดีไหม
วันนี้คุณโอเคไหม
วันนี่รู้สึกยังไง
บอกอายุหน่อย
อยากทราบอายุ
อายุคุณเท่าไร
คุณเกิดปีไหน
ตอนนี้อายุเท่าไร
คุณอายุกี่ปี
จ่ายค่าเทอม
ค่าเทอมต้องจ่ายตอนไหน
จะจ่ายค่าเทอมที่ไหนอ่ะ
ติดต่อ กอ ยอ สอ ที่ไหน
ขอช่องทางติดต่อ กอ ยอ สอ 
ติดต่อ กอ ยอ สอ ยังไง
ติดต่อ กอ ยอ สอ 
วิธีติดต่อ กอ ยอ สอ
ติดต่อ กอ ยอ สอ ต้องทำอย่างไร
อยากติดต่อ กอ ยอ สอ
ตึกวิทยาศาสตร์อยู่ตรงไหน
ช่วยบอกทางตึกวิทยาศาสตร์
หาตึกวิทยาศาสตร์ได้ยังไง
ตึกวิทยาศาสตร์อยู่ที่ไหน
สาขาเครื่องกลเรียนอะไร
วิชาเครื่องกลเรียนอะไร
เครื่องกลคืออะไร
วิศวกรรมหล่อโลหะคืออะไร
เรียนหล่อโลหะยากไหม
หล่อโลหะเรียนอะไร
หล่อโลหะทำงานอะไร
วิชาหล่อโลหะเรียนอะไร
หล่อโลหะคืออะไร
สาขานี้ยากไหม
หล่อโลหะน่าสนใจไหม
กิจกรรมวันนี้คืออะไร
กิจกรรมพิเศษมีไหม
กิจกรรมที่น่าสนใจคืออะไร
มีกิจกรรมชมรมไหม
กิจกรรมที่จัดขึ้นคืออะไร
กิจกรรมวันนี้จัดที่ไหน
อยากร่วมกิจกรรม
ขอกิจกรรมเพิ่มเติม
กิจกรรมในมหาลัยคืออะไร
ไปห้องธุรการทางไหน
ห้องธุรการอยู่ตึกไหน
สอบถามที่ห้องธุรการ
อยากเจอเจ้าหน้าที่ธุรการ
ไปติดต่อธุรการ
อยากไปห้องธุรการ
งานเชื่อมเรียนอะไร
เชื่อมเหล็กยากไหม
สาขานี้ทำอะไรได้บ้าง
เรียนเชื่อมทำงานอะไร
งานเชื่อมเรียนกี่ปี
เรียนเชื่อมอยู่ตึกไหน
งานเชื่อมคืออะไร
วิศวกรรมอุตสาหการเรียนอะไร
สาขาอุตสาหการคืออะไร
อุตสาหการทำงานอะไร
เรียนอุตสาหการยากไหม
คณะอุตสาหการอยู่ตึกไหน
อุตสาหการทำอะไรได้
เรียนอุตสาหการทำงานที่ไหน
อุตสาหการคืออะไร
อุตสาหการมีวิชาอะไร
วิศวกรรมอิเล็กทรอนิกส์คืออะไร
เรียนอิเล็กทรอนิกส์ทำอะไร
อิเล็กทรอนิกส์อยู่ตึกไหน
สาขานี้ยากไหม
อิเล็กทรอนิกส์ทำงานอะไร
เรียนอิเล็กทรอนิกส์ที่ไหน
อิเล็กทรอนิกส์เรียนกี่ปี
อิเล็กทรอนิกส์คือสาขาอะไร
อิเล็กทรอนิกส์น่าสนใจไหม
สาขาแม่พิมพ์คืออะไร
แม่พิมพ์เรียนอะไร
เรียนแม่พิมพ์อยู่ตึกไหน
แม่พิมพ์ทำงานอะไร
เรียนแม่พิมพ์ยากไหม
คณะนี้เรียนกี่ปี
แม่พิมพ์คือสาขาอะไร
สาขาแม่พิมพ์เรียนอะไรบ้าง
วิศวกรรมแม่พิมพ์คืออะไร
สาขานี้เรียนอะไร
สาขานี้น่าสนใจไหม
เรียนเมคคาทรอนิกส์ทำอะไร
สาขาไฟฟ้าเรียนอะไร
ไฟฟ้าคืออะไร
เรียนไฟฟ้ายากไหม
ไฟฟ้าทำงานอะไร
คณะไฟฟ้าอยู่ที่ไหน
เรียนไฟฟ้ากี่ปี
สาขาไฟฟ้าทำอะไรได้บ้าง
ไฟฟ้าคือสาขาอะไร
ไฟฟ้ามีวิชาอะไร
เรียนไฟฟ้าที่ไหน
สนามฟุตบอลอยู่ไหน
สนามฟุตบอลอยู่ตึกไหน
สนามบอลเล่นได้ไหม
สนามฟุตบอลอยู่ที่ใด
สนามฟุตบอลคืออะไร
สนามบอลอยู่ตรงไหน
สนามบาสปิดกี่โมง
สนามบาสอยู่ตึกอะไร
สนามบาสคืออะไร
อยากเล่นบาส
สนามบาสมีที่ไหน
อาคาร36 คืออะไร
อาคาร36 อยู่ตึกอะไร
อาคาร36 อยู่ตรงไหน
อาคาร36 มีอะไรบ้าง
อาคาร36 ใช่ตึกเรียนไหม
ร้านอาหารอยู่ที่ไหน
ร้านอาหารปิดกี่โมง
ร้านอาหารอยู่ตึกไหน
ร้านอาหารตรงไหน
ร้านอาหารคืออะไร
เวลาเปิดคือกี่โมง
เปิดมหาลัยตอนไหน
เวลาเริ่มเปิด
มหาลัยเริ่มเปิดเมื่อไหร่
เวลาปิดคือกี่โมง
มหาลัยปิดเมื่อไหร่
เวลาเลิกคือกี่โมง
มหาลัยเลิกกี่โมง
เวลาปิดคือเมื่อไร
ขอทุนได้ยังไง
ทุนกยศใช้ได้ไหม
ทุนเรียนดีคืออะไร
ทุนการศึกษาทำอย่างไร
ขอสมัครทุนการศึกษา
ขั้นตอนการลาออกคืออะไร
ลาออกจากมหาลัยต้องทำยังไง
ลาออกต้องยื่นเอกสารอะไร
อยากลาออกจากคณะ
ขั้นตอนลาออกคืออะไร
คณะเปิดสอนกี่สาขา
คณะอะไรที่น่าสนใจ
คณะนี้เรียนกี่ปี
คณะมีหลักสูตรอินเตอร์ไหม
อยากรู้ข้อมูลคณะ
คณะมีที่ตั้งตรงไหน
คณะนี้มีชื่อเสียงด้านไหน
คณะเปิดรับกี่คน
คณะนี้เหมาะกับใคร
ช่วยแก้ปัญหาให้หน่อย
แก้ไขข้อมูลไม่ได้
ต้องการแก้เอกสาร
แก้ยังไงดี
แก้ไขผลการเรียน
ต้องการแก้ไขคำตอบ
แก้ชื่อผิด
แก้ข้อมูลนักศึกษา
แก้ไขระบบล้มเหลว
ช่วยลงทะเบียนให้หน่อย
ลงทะเบียนวิชายังไง
ขั้นตอนการลงทะเบียนคืออะไร
อยากสมัครเรียนวิชานี้
ลงทะเบียนผ่านเว็บได้ไหม
มีปัญหาการลงทะเบียน
ขอลงทะเบียนเพิ่ม
ลงทะเบียนที่ไหน
วิธีลงทะเบียนทำอย่างไร
ทำไมลงทะเบียนไม่ทัน
ถ้าลงทะเบียนไม่ทันทำยังไง
ลงทะเบียนไม่ทันต้องแก้ปัญหายังไง
มีสิทธิ์ลงเพิ่มไหม
ทำเรื่องชี้แจงได้ไหม
ลงไม่ทันต้องยื่นเอกสารหรือเปล่า
ใครช่วยเรื่องลงทะเบียนไม่ทัน
ถ้าพลาดการลงทะเบียนจะเสียสิทธิ์ไหม
ลงทะเบียนไม่ทันติดต่อใคร
แก้ปัญหาลงทะเบียนไม่ทันยังไง
อยากถอนวิชาออก
ยื่นเรื่องถอนวิชาได้ที่ไหน
ถอนวิชาที่ไม่อยากเรียน
ทำไมถอนวิชาไม่ได้
อยากเปลี่ยนวิชาเรียน
เกรดจะประกาศตอนไหน
เช็คเกรดได้เมื่อไหร่
ประกาศผลการเรียนวันไหน
อยากทราบวันประกาศเกรด
ผลสอบจะออกวันไหน
อยากรู้ว่าดูเกรดได้เมื่อไร
เช็คผลสอบได้วันไหน
ขอลิงก์เว็บไซต์หน่อย
เว็บมหาลัยคืออะไร
เว็บสมัครเรียนอยู่ไหน
เว็บเช็คเกรดคืออะไร
เข้าเว็บไม่ได้ทำยังไง
เว็บระบบลงทะเบียน
เว็บไซต์ทางการคืออะไร
เว็บมีอะไรบ้าง
ขอ URL มหาลัย
อยากถามข้อมูลทั่วไป
มีอะไรแนะนำบ้าง
สอบถามเรื่องมหาลัย
คำถามเกี่ยวกับการเรียน
อยากรู้ข้อมูลทั่วไป
สอบถามทั่วไปได้ไหม
มีคำถามทั่วไป
อยากถามข้อมูลเพิ่ม
ถามได้ไหม
อยากสอบถามข้อมูล
เอกสารยื่นกยศมีอะไรบ้าง
ห้องกยศอยู่ตรงไหน
ห้องกยศอยู่ชั้นไหน
ไปห้องกยศยังไง
ทางไปห้องกยศ
ห้องกยศอยู่ตึกไหน
แผนที่ไปห้องกยศ
ไปห้องกยศเดินทางยังไง
ห้องกยศอยู่ใกล้ตึกไหน
ลงทะเบียนเรียนวันไหน
เปิดลงทะเบียนวันอะไร
การลงทะเบียนเริ่มเมื่อไหร่
ปิดรับลงทะเบียนวันไหน
อยากรู้เวลาลงทะเบียน
ตารางลงทะเบียนคือเมื่อไหร่
ลงทะเบียนภาคการศึกษาไหน
กำหนดเวลาลงทะเบียน
ถอนรายวิชาที่ไม่เรียน
อยากเปลี่ยนรายวิชา
เพิ่มถอนรายวิชาล่าช้าได้ไหม
เปิดภาคเรียนเมื่อไหร่
เปิดเทอมวันอะไร
ภาคเรียนใหม่เริ่มเมื่อไร
วันไหนเปิดเทอม
โอนเงินค่าเทอมยังไง
อยากรู้รายละเอียดสาขา
สาขาเปิดสอนวิชาอะไร
สาขานี้มีชื่อเสียงด้านไหน
อยากรู้ข้อมูลสาขา
สาขาไหนน่าสนใจ
สมัครเรียนได้เลยไหม
ที่นี่รับสมัครเลยหรือเปล่า
ขอข้อมูลสาขาอื่น
สาขาอื่นเปิดอะไรบ้าง
สาขาอื่นน่าสนใจไหม
ช่วยแนะนำสาขาอื่น
บอกสาขาอื่นหน่อย
เบอร์โทรศัพท์คณะ
เบอร์ของคณะนี้คืออะไร
ติดต่อเจ้าหน้าที่นักศึกษา
งานนักศึกษาอยู่ตรงไหน
อยากถามงานนักศึกษา
ติดต่อฝ่ายนักศึกษาได้ยังไง
ขอข้อมูลติดต่อฝ่ายนักศึกษา
ห้องประชุมเจ้าพระยา1 อยู่ที่ไหน
ไปห้องประชุมเจ้าพระยา1 ยังไง
ห้องประชุมเจ้าพระยา1 ชั้นไหน
ห้องประชุมเจ้าพระยา1 ตึกอะไร
แผนที่ห้องประชุมเจ้าพระยา1
ทางไปห้องประชุมเจ้าพระยา1
ห้องประชุมเจ้าพระยา1 อยู่ใกล้อะไร
ไปห้องประชุมเจ้าพระยา1 ครับ
ห้องประชุมเจ้าพระยา1 อยู่ตรงไหน
ห้องประชุมเจ้าพระยา1 เดินทางยังไง
ห้องประชุมเจ้าพระยา2 อยู่ที่ไหน
ไปห้องประชุมเจ้าพระยา2 ยังไง
ห้องประชุมเจ้าพระยา2 ชั้นไหน
ห้องประชุมเจ้าพระยา2 อยู่ตึกอะไร
แผนที่ห้องประชุมเจ้าพระยา2
ทางไปห้องประชุมเจ้าพระยา2
ห้องประชุมเจ้าพระยา2 อยู่ใกล้อะไร
ไปห้องประชุมเจ้าพระยา2 ครับ
ห้องประชุมเจ้าพระยา2 อยู่ตรงไหน
ห้องประชุมเจ้าพระยา2 เดินทางยังไง
ลงทะเบียนช้าต้องทำไง
ลงทะเบียนช้าไปแล้วแก้ยังไง
ลงทะเบียนไม่ทันกำหนด
หวัดดี
มีใครอยู่ไหม
หวัดดีฮ่ะ
เฮ้
ทักครับ
ขอบใจจ้า
ขอบพระคุณ
บอกชื่อหน่อย
มีชื่อไหม
ชื่อคุณคือ
ลาก่อน
คุณโอเคไหม
ช่วงนี้เป็นไง
เป็นไงครับ
ช่วงนี้โอเคไหม
คุณคือหุ่นยนต์หรือเปล่า
คุณเป็นหุ่นยนต์ใช่ไหม
นี่คือหุ่นยนต์หรือเปล่า
นายคือหรือป่าว
บอกความสามารถหน่อย
คุณทำงานยังไง
คุณทำอะไรเป็น
คุณช่วยฉันได้ไหม
คุณตอบคำถามได้ไหม
คุณทำงานแบบไหน
เล่าเกี่ยวกับคุณสิ
คุณมีความสามารถพิเศษไหม
บอกสิว่าทำอะไรได้
คุณมีความรู้ด้านไหน
คุณทำหน้าที่อะไร
ทำอะไรได้
แดดร้อนแรงมาก
หิวแล้ว
อยากทานข้าว
อยากกินอาหาร
มีอะไรให้กินไหม
ตอนนี้หิว
อยากกินซุปอุ่นๆ
อยากทานของร้อนๆ
ทดสอบเสียง
เทส
เทสเทสเทส
เทสต์
ขอลองทดสอบ
ทดสอบอีกครั้ง
เทสเทส
ลองใช้งาน
ทดสอบการตอบ
คุยด้วยได้ไหม
อยากคุยด้วย
เหงามากเลย
ไม่มีใครคุยด้วย
เหงาอยู่คนเดียว
คุณมีแฟนไหม
มีแฟนไหม
คุณมีแฟนรึเปล่า
คุณโสดไหม
คุณมีคนรักหรือยัง
คุณมีแฟนหรือเปล่า
คุณกำลังคบใครอยู่
รู้จักฉันไหม
คุณรู้จักตัวฉันไหม
รู้ไหมใครเอ่ย
วันนี้เป็นยังไง
เป็นไงบ้าง
วันนี้เป็นไงครับ
วันนี้เป็นไงค่ะ
วันนี้โอเคไหม
วันนี้ดีไหม
วันนี้คุณโอเคไหม
วันนี่รู้สึกยังไง
บอกอายุหน่อย
อยากทราบอายุ
อายุคุณเท่าไร
คุณเกิดปีไหน
ตอนนี้อายุเท่าไร
คุณอายุกี่ปี
จ่ายค่าเทอม
ค่าเทอมต้องจ่ายตอนไหน
จะจ่ายค่าเทอมที่ไหนอ่ะ
ติดต่อ กอ ยอ สอ ที่ไหน
ขอช่องทางติดต่อ กอ ยอ สอ 
ติดต่อ กอ ยอ สอ ยังไง
ติดต่อ กอ ยอ สอ 
วิธีติดต่อ กอ ยอ สอ
ติดต่อ กอ ยอ สอ ต้องทำอย่างไร
อยากติดต่อ กอ ยอ สอ
ตึกวิทยาศาสตร์อยู่ตรงไหน
ช่วยบอกทางตึกวิทยาศาสตร์
หาตึกวิทยาศาสตร์ได้ยังไง
ตึกวิทยาศาสตร์อยู่ที่ไหน
สาขาเครื่องกลเรียนอะไร
วิชาเครื่องกลเรียนอะไร
เครื่องกลคืออะไร
กิจกรรมวันนี้คืออะไร
กิจกรรมที่น่าสนใจคืออะไร
กิจกรรมวันนี้จัดที่ไหน
อยากร่วมกิจกรรม
กิจกรรมในมหาลัยคืออะไร
ไปห้องธุรการทางไหน
ห้องธุรการอยู่ตึกไหน
สอบถามที่ห้องธุรการ
อยากเจอเจ้าหน้าที่ธุรการ
ไปติดต่อธุรการ
อยากไปห้องธุรการ
งานเชื่อมเรียนอะไร
เชื่อมเหล็กยากไหม
สาขานี้ทำอะไรได้บ้าง
เรียนเชื่อมทำงานอะไร
งานเชื่อมเรียนกี่ปี
เรียนเชื่อมอยู่ตึกไหน
งานเชื่อมคืออะไร
วิศวกรรมอุตสาหการเรียนอะไร
สาขาอุตสาหการคืออะไร
อุตสาหการทำงานอะไร
เรียนอุตสาหการยากไหม
คณะอุตสาหการอยู่ตึกไหน
อุตสาหการทำอะไรได้
เรียนอุตสาหการทำงานที่ไหน
อุตสาหการคืออะไร
อุตสาหการมีวิชาอะไร
วิศวกรรมอิเล็กทรอนิกส์คืออะไร
เรียนอิเล็กทรอนิกส์ทำอะไร
อิเล็กทรอนิกส์อยู่ตึกไหน
สาขานี้ยากไหม
อิเล็กทรอนิกส์ทำงานอะไร
เรียนอิเล็กทรอนิกส์ที่ไหน
อิเล็กทรอนิกส์เรียนกี่ปี
อิเล็กทรอนิกส์คือสาขาอะไร
อิเล็กทรอนิกส์น่าสนใจไหม
สาขาแม่พิมพ์คืออะไร
แม่พิมพ์เรียนอะไร
เรียนแม่พิมพ์อยู่ตึกไหน
แม่พิมพ์ทำงานอะไร
เรียนแม่พิมพ์ยากไหม
คณะนี้เรียนกี่ปี
แม่พิมพ์คือสาขาอะไร
สาขาแม่พิมพ์เรียนอะไรบ้าง
วิศวกรรมแม่พิมพ์คืออะไร
สาขานี้เรียนอะไร
สาขานี้น่าสนใจไหม
เรียนเมคคาทรอนิกส์ทำอะไร
สาขาไฟฟ้าเรียนอะไร
ไฟฟ้าคืออะไร
เรียนไฟฟ้ายากไหม
ไฟฟ้าทำงานอะไร
คณะไฟฟ้าอยู่ที่ไหน
เรียนไฟฟ้ากี่ปี
สาขาไฟฟ้าทำอะไรได้บ้าง
ไฟฟ้าคือสาขาอะไร
ไฟฟ้ามีวิชาอะไร
เรียนไฟฟ้าที่ไหน
สนามฟุตบอลอยู่ไหน
สนามฟุตบอลอยู่ตึกไหน
สนามบอลเล่นได้ไหม
สนามฟุตบอลอยู่ที่ใด
สนามฟุตบอลคืออะไร
สนามบอลอยู่ตรงไหน
สนามบาสปิดกี่โมง
สนามบาสอยู่ตึกอะไร
สนามบาสคืออะไร
อยากเล่นบาส
สนามบาสมีที่ไหน
อาคาร36 คืออะไร
อาคาร36 อยู่ตึกอะไร
อาคาร36 อยู่ตรงไหน
อาคาร36 มีอะไรบ้าง
อาคาร36 ใช่ตึกเรียนไหม
ร้านอาหารอยู่ที่ไหน
ร้านอาหารปิดกี่โมง
ร้านอาหารอยู่ตึกไหน
ร้านอาหารตรงไหน
ร้านอาหารคืออะไร
เวลาเปิดคือกี่โมง
เปิดมหาลัยตอนไหน
เวลาเริ่มเปิด
มหาลัยเริ่มเปิดเมื่อไหร่
เวลาปิดคือกี่โมง
มหาลัยปิดเมื่อไหร่
เวลาเลิกคือกี่โมง
มหาลัยเลิกกี่โมง
เวลาปิดคือเมื่อไร
ขอทุนได้ยังไง
ทุนกยศใช้ได้ไหม
ทุนเรียนดีคืออะไร
ทุนการศึกษาทำอย่างไร
ขอสมัครทุนการศึกษา
ขั้นตอนการลาออกคืออะไร
ลาออกจากมหาลัยต้องทำยังไง
ลาออกต้องยื่นเอกสารอะไร
อยากลาออกจากคณะ
ขั้นตอนลาออกคืออะไร
คณะเปิดสอนกี่สาขา
คณะอะไรที่น่าสนใจ
คณะนี้เรียนกี่ปี
คณะมีหลักสูตรอินเตอร์ไหม
อยากรู้ข้อมูลคณะ
คณะมีที่ตั้งตรงไหน
คณะนี้มีชื่อเสียงด้านไหน
คณะเปิดรับกี่คน
คณะนี้เหมาะกับใคร
ช่วยแก้ปัญหาให้หน่อย
แก้ไขข้อมูลไม่ได้
ต้องการแก้เอกสาร
แก้ยังไงดี
แก้ไขผลการเรียน
ต้องการแก้ไขคำตอบ
แก้ชื่อผิด
แก้ข้อมูลนักศึกษา
แก้ไขระบบล้มเหลว
ช่วยลงทะเบียนให้หน่อย
ลงทะเบียนวิชายังไง
ขั้นตอนการลงทะเบียนคืออะไร
อยากสมัครเรียนวิชานี้
ลงทะเบียนผ่านเว็บได้ไหม
มีปัญหาการลงทะเบียน
ขอลงทะเบียนเพิ่ม
ลงทะเบียนที่ไหน
วิธีลงทะเบียนทำอย่างไร
ทำไมลงทะเบียนไม่ทัน
ถ้าลงทะเบียนไม่ทันทำยังไง
ลงทะเบียนไม่ทันต้องแก้ปัญหายังไง
มีสิทธิ์ลงเพิ่มไหม
ทำเรื่องชี้แจงได้ไหม
ลงไม่ทันต้องยื่นเอกสารหรือเปล่า
ใครช่วยเรื่องลงทะเบียนไม่ทัน
ถ้าพลาดการลงทะเบียนจะเสียสิทธิ์ไหม
ลงทะเบียนไม่ทันติดต่อใคร
แก้ปัญหาลงทะเบียนไม่ทันยังไง
อยากถอนวิชาออก
ยื่นเรื่องถอนวิชาได้ที่ไหน
ถอนวิชาที่ไม่อยากเรียน
ทำไมถอนวิชาไม่ได้
อยากเปลี่ยนวิชาเรียน
เกรดจะประกาศตอนไหน
เช็คเกรดได้เมื่อไหร่
ประกาศผลการเรียนวันไหน
อยากทราบวันประกาศเกรด
ผลสอบจะออกวันไหน
อยากรู้ว่าดูเกรดได้เมื่อไร
เช็คผลสอบได้วันไหน
ขอลิงก์เว็บไซต์หน่อย
เว็บมหาลัยคืออะไร
เว็บสมัครเรียนอยู่ไหน
เว็บเช็คเกรดคืออะไร
เข้าเว็บไม่ได้ทำยังไง
เว็บระบบลงทะเบียน
เว็บไซต์ทางการคืออะไร
เว็บมีอะไรบ้าง
ขอ URL มหาลัย
อยากถามข้อมูลทั่วไป
มีอะไรแนะนำบ้าง
สอบถามเรื่องมหาลัย
คำถามเกี่ยวกับการเรียน
อยากรู้ข้อมูลทั่วไป
สอบถามทั่วไปได้ไหม
มีคำถามทั่วไป
อยากถามข้อมูลเพิ่ม
ถามได้ไหม
อยากสอบถามข้อมูล
เอกสารยื่นกยศมีอะไรบ้าง
ห้องกยศอยู่ตรงไหน
ห้องกยศอยู่ชั้นไหน
ไปห้องกยศยังไง
ทางไปห้องกยศ
ห้องกยศอยู่ตึกไหน
แผนที่ไปห้องกยศ
ไปห้องกยศเดินทางยังไง
ห้องกยศอยู่ใกล้ตึกไหน
ลงทะเบียนเรียนวันไหน
เปิดลงทะเบียนวันอะไร
การลงทะเบียนเริ่มเมื่อไหร่
ปิดรับลงทะเบียนวันไหน
อยากรู้เวลาลงทะเบียน
ตารางลงทะเบียนคือเมื่อไหร่
ลงทะเบียนภาคการศึกษาไหน
กำหนดเวลาลงทะเบียน
ถอนรายวิชาที่ไม่เรียน
อยากเปลี่ยนรายวิชา
เพิ่มถอนรายวิชาล่าช้าได้ไหม
เปิดภาคเรียนเมื่อไหร่
เปิดเทอมวันอะไร
ภาคเรียนใหม่เริ่มเมื่อไร
วันไหนเปิดเทอม
โอนเงินค่าเทอมยังไง
อยากรู้รายละเอียดสาขา
สาขาเปิดสอนวิชาอะไร
สาขานี้มีชื่อเสียงด้านไหน
อยากรู้ข้อมูลสาขา
สาขาไหนน่าสนใจ
สมัครเรียนได้เลยไหม
ที่นี่รับสมัครเลยหรือเปล่า
ขอข้อมูลสาขาอื่น
สาขาอื่นเปิดอะไรบ้าง
สาขาอื่นน่าสนใจไหม
ช่วยแนะนำสาขาอื่น
บอกสาขาอื่นหน่อย
เบอร์โทรศัพท์คณะ
เบอร์ของคณะนี้คืออะไร
ติดต่อเจ้าหน้าที่นักศึกษา
งานนักศึกษาอยู่ตรงไหน
อยากถามงานนักศึกษา
ติดต่อฝ่ายนักศึกษาได้ยังไง
ขอข้อมูลติดต่อฝ่ายนักศึกษา
ห้องประชุมเจ้าพระยา1 อยู่ที่ไหน
ไปห้องประชุมเจ้าพระยา1 ยังไง
ห้องประชุมเจ้าพระยา1 ชั้นไหน
ห้องประชุมเจ้าพระยา1 ตึกอะไร
แผนที่ห้องประชุมเจ้าพระยา1
ทางไปห้องประชุมเจ้าพระยา1
ห้องประชุมเจ้าพระยา1 อยู่ใกล้อะไร
ไปห้องประชุมเจ้าพระยา1 ครับ
ห้องประชุมเจ้าพระยา1 อยู่ตรงไหน
ห้องประชุมเจ้าพระยา1 เดินทางยังไง
ห้องประชุมเจ้าพระยา2 อยู่ที่ไหน
ไปห้องประชุมเจ้าพระยา2 ยังไง
ห้องประชุมเจ้าพระยา2 ชั้นไหน
ห้องประชุมเจ้าพระยา2 อยู่ตึกอะไร
แผนที่ห้องประชุมเจ้าพระยา2
ทางไปห้องประชุมเจ้าพระยา2
ห้องประชุมเจ้าพระยา2 อยู่ใกล้อะไร
ไปห้องประชุมเจ้าพระยา2 ครับ
ห้องประชุมเจ้าพระยา2 อยู่ตรงไหน
ห้องประชุมเจ้าพระยา2 เดินทางยังไง
ลงทะเบียนช้าต้องทำไง
ลงทะเบียนช้าไปแล้วแก้ยังไง
ลงทะเบียนไม่ทันกำหนด
หวัดดี
มีใครอยู่ไหม
หวัดดีฮ่ะ
เฮ้
ทักครับ
ขอบใจจ้า
ขอบพระคุณ
บอกชื่อหน่อย
มีชื่อไหม
ชื่อคุณคือ
ลาก่อน
คุณโอเคไหม
ช่วงนี้เป็นไง
เป็นไงครับ
ช่วงนี้โอเคไหม
คุณคือหุ่นยนต์หรือเปล่า
คุณเป็นหุ่นยนต์ใช่ไหม
นี่คือหุ่นยนต์หรือเปล่า
นายคือหรือป่าว
บอกความสามารถหน่อย
คุณทำงานยังไง
คุณทำอะไรเป็น
คุณช่วยฉันได้ไหม
คุณตอบคำถามได้ไหม
คุณทำงานแบบไหน
เล่าเกี่ยวกับคุณสิ
คุณมีความสามารถพิเศษไหม
บอกสิว่าทำอะไรได้
คุณมีความรู้ด้านไหน
คุณทำหน้าที่อะไร
ทำอะไรได้
แดดร้อนแรงมาก
หิวแล้ว
อยากทานข้าว
อยากกินอาหาร
มีอะไรให้กินไหม
ตอนนี้หิว
อยากกินซุปอุ่นๆ
อยากทานของร้อนๆ
ทดสอบเสียง
เทส
เทสเทสเทส
เทสต์
ขอลองทดสอบ
ทดสอบอีกครั้ง
เทสเทส
ลองใช้งาน
ทดสอบการตอบ
คุยด้วยได้ไหม
อยากคุยด้วย
เหงามากเลย
ไม่มีใครคุยด้วย
เหงาอยู่คนเดียว
คุณมีแฟนไหม
มีแฟนไหม
คุณมีแฟนรึเปล่า
คุณโสดไหม
คุณมีคนรักหรือยัง
คุณมีแฟนหรือเปล่า
คุณกำลังคบใครอยู่
รู้จักฉันไหม
คุณรู้จักตัวฉันไหม
รู้ไหมใครเอ่ย
วันนี้เป็นยังไง
เป็นไงบ้าง
วันนี้เป็นไงครับ
วันนี้เป็นไงค่ะ
วันนี้โอเคไหม
วันนี้ดีไหม
วันนี้คุณโอเคไหม
วันนี่รู้สึกยังไง
บอกอายุหน่อย
อยากทราบอายุ
อายุคุณเท่าไร
คุณเกิดปีไหน
ตอนนี้อายุเท่าไร
คุณอายุกี่ปี
จ่ายค่าเทอม
ค่าเทอมต้องจ่ายตอนไหน
จะจ่ายค่าเทอมที่ไหนอ่ะ
ติดต่อ กอ ยอ สอ ที่ไหน
ขอช่องทางติดต่อ กอ ยอ สอ 
ติดต่อ กอ ยอ สอ ยังไง
ติดต่อ กอ ยอ สอ 
วิธีติดต่อ กอ ยอ สอ
ติดต่อ กอ ยอ สอ ต้องทำอย่างไร
อยากติดต่อ กอ ยอ สอ
ตึกวิทยาศาสตร์อยู่ตรงไหน
ช่วยบอกทางตึกวิทยาศาสตร์
หาตึกวิทยาศาสตร์ได้ยังไง
ตึกวิทยาศาสตร์อยู่ที่ไหน
สาขาเครื่องกลเรียนอะไร
วิชาเครื่องกลเรียนอะไร
เครื่องกลคืออะไร
กิจกรรมวันนี้คืออะไร
กิจกรรมที่น่าสนใจคืออะไร
อยากร่วมกิจกรรม
ห้องธุรการอยู่ตึกไหน
ไปห้องธุรการทางไหน
จะไปติดต่อธุรการ
อยากไปห้องธุรการ
งานเชื่อมเรียนอะไร
เชื่อมเหล็กยากไหม
สาขานี้ทำอะไรได้บ้าง
เรียนเชื่อมทำงานอะไร
งานเชื่อมเรียนกี่ปี
เรียนเชื่อมอยู่ตึกไหน
งานเชื่อมคืออะไร
วิศวกรรมอุตสาหการเรียนอะไร
สาขาอุตสาหการคืออะไร
อุตสาหการทำงานอะไร
เรียนอุตสาหการยากไหม
คณะอุตสาหการอยู่ตึกไหน
อุตสาหการทำอะไรได้
เรียนอุตสาหการทำงานที่ไหน
อุตสาหการคืออะไร
อุตสาหการมีวิชาอะไร
วิศวกรรมอิเล็กทรอนิกส์คืออะไร
เรียนอิเล็กทรอนิกส์ทำอะไร
อิเล็กทรอนิกส์อยู่ตึกไหน
สาขานี้ยากไหม
อิเล็กทรอนิกส์ทำงานอะไร
เรียนอิเล็กทรอนิกส์ที่ไหน
อิเล็กทรอนิกส์เรียนกี่ปี
อิเล็กทรอนิกส์คือสาขาอะไร
อิเล็กทรอนิกส์น่าสนใจไหม
สาขาแม่พิมพ์คืออะไร
แม่พิมพ์เรียนอะไร
เรียนแม่พิมพ์อยู่ตึกไหน
แม่พิมพ์ทำงานอะไร
เรียนแม่พิมพ์ยากไหม
คณะนี้เรียนกี่ปี
แม่พิมพ์คือสาขาอะไร
สาขาแม่พิมพ์เรียนอะไรบ้าง
วิศวกรรมแม่พิมพ์คืออะไร
สาขานี้เรียนอะไร
สาขานี้น่าสนใจไหม
เรียนเมคคาทรอนิกส์ทำอะไร
สาขาไฟฟ้าเรียนอะไร
ไฟฟ้าคืออะไร
เรียนไฟฟ้ายากไหม
ไฟฟ้าทำงานอะไร
คณะไฟฟ้าอยู่ที่ไหน
เรียนไฟฟ้ากี่ปี
สาขาไฟฟ้าทำอะไรได้บ้าง
ไฟฟ้าคือสาขาอะไร
ไฟฟ้ามีวิชาอะไร
เรียนไฟฟ้าที่ไหน
สนามฟุตบอลอยู่ไหน
สนามฟุตบอลอยู่ตึกไหน
สนามบอลเล่นได้ไหม
สนามฟุตบอลอยู่ที่ใด
สนามฟุตบอลคืออะไร
สนามบอลอยู่ตรงไหน
สนามบาสปิดกี่โมง
สนามบาสอยู่ตึกอะไร
สนามบาสคืออะไร
อยากเล่นบาส
สนามบาสมีที่ไหน
อาคาร36 คืออะไร
อาคาร36 อยู่ตึกอะไร
อาคาร36 อยู่ตรงไหน
อาคาร36 มีอะไรบ้าง
อาคาร36 ใช่ตึกเรียนไหม
ร้านอาหารอยู่ที่ไหน
ร้านอาหารปิดกี่โมง
ร้านอาหารอยู่ตึกไหน
ร้านอาหารตรงไหน
ร้านอาหารคืออะไร
เวลาเปิดคือกี่โมง
เปิดมหาลัยตอนไหน
เวลาเริ่มเปิด
มหาลัยเริ่มเปิดเมื่อไหร่
เวลาปิดคือกี่โมง
มหาลัยปิดเมื่อไหร่
เวลาเลิกคือกี่โมง
มหาลัยเลิกกี่โมง
เวลาปิดคือเมื่อไร
ขอทุนได้ยังไง
ทุนกยศใช้ได้ไหม
ทุนเรียนดีคืออะไร
ทุนการศึกษาทำอย่างไร
ขอสมัครทุนการศึกษา
ขั้นตอนการลาออกคืออะไร
ลาออกจากมหาลัยต้องทำยังไง
ลาออกต้องยื่นเอกสารอะไร
อยากลาออกจากคณะ
ขั้นตอนลาออกคืออะไร
คณะเปิดสอนกี่สาขา
คณะอะไรที่น่าสนใจ
คณะนี้เรียนกี่ปี
คณะมีหลักสูตรอินเตอร์ไหม
อยากรู้ข้อมูลคณะ
คณะมีที่ตั้งตรงไหน
คณะนี้มีชื่อเสียงด้านไหน
คณะเปิดรับกี่คน
คณะนี้เหมาะกับใคร
ช่วยแก้ปัญหาให้หน่อย
แก้ไขข้อมูลไม่ได้
ต้องการแก้เอกสาร
แก้ยังไงดี
แก้ไขผลการเรียน
ต้องการแก้ไขคำตอบ
แก้ชื่อผิด
แก้ข้อมูลนักศึกษา
แก้ไขระบบล้มเหลว
ช่วยลงทะเบียนให้หน่อย
ลงทะเบียนวิชายังไง
ขั้นตอนการลงทะเบียนคืออะไร
อยากสมัครเรียนวิชานี้
ลงทะเบียนผ่านเว็บได้ไหม
มีปัญหาการลงทะเบียน
ขอลงทะเบียนเพิ่ม
ลงทะเบียนที่ไหน
วิธีลงทะเบียนทำอย่างไร
ทำไมลงทะเบียนไม่ทัน
ถ้าลงทะเบียนไม่ทันทำยังไง
ลงทะเบียนไม่ทันต้องแก้ปัญหายังไง
มีสิทธิ์ลงเพิ่มไหม
ทำเรื่องชี้แจงได้ไหม
ลงไม่ทันต้องยื่นเอกสารหรือเปล่า
ใครช่วยเรื่องลงทะเบียนไม่ทัน
ถ้าพลาดการลงทะเบียนจะเสียสิทธิ์ไหม
ลงทะเบียนไม่ทันติดต่อใคร
แก้ปัญหาลงทะเบียนไม่ทันยังไง
อยากถอนวิชาออก
ยื่นเรื่องถอนวิชาได้ที่ไหน
ถอนวิชาที่ไม่อยากเรียน
ทำไมถอนวิชาไม่ได้
อยากเปลี่ยนวิชาเรียน
เกรดจะประกาศตอนไหน
เช็คเกรดได้เมื่อไหร่
ประกาศผลการเรียนวันไหน
อยากทราบวันประกาศเกรด
ผลสอบจะออกวันไหน
อยากรู้ว่าดูเกรดได้เมื่อไร
เช็คผลสอบได้วันไหน
ขอลิงก์เว็บไซต์หน่อย
เว็บมหาลัยคืออะไร
เว็บสมัครเรียนอยู่ไหน
เว็บเช็คเกรดคืออะไร
เข้าเว็บไม่ได้ทำยังไง
เว็บระบบลงทะเบียน
เว็บไซต์ทางการคืออะไร
เว็บมีอะไรบ้าง
ขอ URL มหาลัย
อยากถามข้อมูลทั่วไป
มีอะไรแนะนำบ้าง
สอบถามเรื่องมหาลัย
คำถามเกี่ยวกับการเรียน
อยากรู้ข้อมูลทั่วไป
สอบถามทั่วไปได้ไหม
มีคำถามทั่วไป
อยากถามข้อมูลเพิ่ม
ถามได้ไหม
อยากสอบถามข้อมูล
เอกสารยื่นกยศมีอะไรบ้าง
ห้องกยศอยู่ตรงไหน
ห้องกยศอยู่ชั้นไหน
ไปห้องกยศยังไง
ทางไปห้องกยศ
ห้องกยศอยู่ตึกไหน
แผนที่ไปห้องกยศ
ไปห้องกยศเดินทางยังไง
ห้องกยศอยู่ใกล้ตึกไหน
ลงทะเบียนเรียนวันไหน
เปิดลงทะเบียนวันอะไร
การลงทะเบียนเริ่มเมื่อไหร่
ปิดรับลงทะเบียนวันไหน
อยากรู้เวลาลงทะเบียน
ตารางลงทะเบียนคือเมื่อไหร่
ลงทะเบียนภาคการศึกษาไหน
กำหนดเวลาลงทะเบียน
ถอนรายวิชาที่ไม่เรียน
อยากเปลี่ยนรายวิชา
เพิ่มถอนรายวิชาล่าช้าได้ไหม
เปิดภาคเรียนเมื่อไหร่
เปิดเทอมวันอะไร
ภาคเรียนใหม่เริ่มเมื่อไร
วันไหนเปิดเทอม
โอนเงินค่าเทอมยังไง
อยากรู้รายละเอียดสาขา
สาขาเปิดสอนวิชาอะไร
สาขานี้มีชื่อเสียงด้านไหน
อยากรู้ข้อมูลสาขา
สาขาไหนน่าสนใจ
สมัครเรียนได้เลยไหม
ที่นี่รับสมัครเลยหรือเปล่า
ขอข้อมูลสาขาอื่น
สาขาอื่นเปิดอะไรบ้าง
สาขาอื่นน่าสนใจไหม
ช่วยแนะนำสาขาอื่น
บอกสาขาอื่นหน่อย
เบอร์โทรศัพท์คณะ
เบอร์ของคณะนี้คืออะไร
ติดต่อเจ้าหน้าที่นักศึกษา
งานนักศึกษาอยู่ตรงไหน
อยากถามงานนักศึกษา
ติดต่อฝ่ายนักศึกษาได้ยังไง
ขอข้อมูลติดต่อฝ่ายนักศึกษา
ห้องประชุมเจ้าพระยา1 อยู่ที่ไหน
ไปห้องประชุมเจ้าพระยา1 ยังไง
ห้องประชุมเจ้าพระยา1 ชั้นไหน
ห้องประชุมเจ้าพระยา1 ตึกอะไร
แผนที่ห้องประชุมเจ้าพระยา1
ทางไปห้องประชุมเจ้าพระยา1
ห้องประชุมเจ้าพระยา1 อยู่ใกล้อะไร
ไปห้องประชุมเจ้าพระยา1 ครับ
ห้องประชุมเจ้าพระยา1 อยู่ตรงไหน
ห้องประชุมเจ้าพระยา1 เดินทางยังไง
ห้องประชุมเจ้าพระยา2 อยู่ที่ไหน
ไปห้องประชุมเจ้าพระยา2 ยังไง
ห้องประชุมเจ้าพระยา2 ชั้นไหน
ห้องประชุมเจ้าพระยา2 อยู่ตึกอะไร
แผนที่ห้องประชุมเจ้าพระยา2
ทางไปห้องประชุมเจ้าพระยา2
ห้องประชุมเจ้าพระยา2 อยู่ใกล้อะไร
ไปห้องประชุมเจ้าพระยา2 ครับ
ห้องประชุมเจ้าพระยา2 อยู่ตรงไหน
ห้องประชุมเจ้าพระยา2 เดินทางยังไง
ลงทะเบียนช้าต้องทำไง
ลงทะเบียนช้าไปแล้วแก้ยังไง
ลงทะเบียนไม่ทันกำหนด
หวัดดี
มีใครอยู่ไหม
หวัดดีฮ่ะ
เฮ้
ทักครับ
ขอบใจจ้า
ขอบพระคุณ
บอกชื่อหน่อย
มีชื่อไหม
ชื่อคุณคือ
ลาก่อน
คุณโอเคไหม
ช่วงนี้เป็นไง
เป็นไงครับ
ช่วงนี้โอเคไหม
คุณคือหุ่นยนต์หรือเปล่า
คุณเป็นหุ่นยนต์ใช่ไหม
นี่คือหุ่นยนต์หรือเปล่า
นายคือหรือป่าว
บอกความสามารถหน่อย
คุณทำงานยังไง
คุณทำอะไรเป็น
คุณช่วยฉันได้ไหม
คุณตอบคำถามได้ไหม
คุณทำงานแบบไหน
เล่าเกี่ยวกับคุณสิ
คุณมีความสามารถพิเศษไหม
บอกสิว่าทำอะไรได้
คุณมีความรู้ด้านไหน
คุณทำหน้าที่อะไร
ทำอะไรได้
แดดร้อนแรงมาก
หิวแล้ว
อยากทานข้าว
อยากกินอาหาร
มีอะไรให้กินไหม
ตอนนี้หิว
อยากกินซุปอุ่นๆ
อยากทานของร้อนๆ
ทดสอบเสียง
เทส
เทสเทสเทส
เทสต์
ขอลองทดสอบ
ทดสอบอีกครั้ง
เทสเทส
ลองใช้งาน
ทดสอบการตอบ
คุยด้วยได้ไหม
อยากคุยด้วย
เหงามากเลย
ไม่มีใครคุยด้วย
เหงาอยู่คนเดียว
คุณมีแฟนไหม
มีแฟนไหม
คุณมีแฟนรึเปล่า
คุณโสดไหม
คุณมีคนรักหรือยัง
คุณมีแฟนหรือเปล่า
คุณกำลังคบใครอยู่
รู้จักฉันไหม
คุณรู้จักตัวฉันไหม
รู้ไหมใครเอ่ย
วันนี้เป็นยังไง
เป็นไงบ้าง
วันนี้เป็นไงครับ
วันนี้เป็นไงค่ะ
วันนี้โอเคไหม
วันนี้ดีไหม
วันนี้คุณโอเคไหม
วันนี่รู้สึกยังไง
บอกอายุหน่อย
อยากทราบอายุ
อายุคุณเท่าไร
คุณเกิดปีไหน
ตอนนี้อายุเท่าไร
คุณอายุกี่ปี
จ่ายค่าเทอม
ค่าเทอมต้องจ่ายตอนไหน
จะจ่ายค่าเทอมที่ไหนอ่ะ
ติดต่อ กอ ยอ สอ ที่ไหน
ขอช่องทางติดต่อ กอ ยอ สอ 
ติดต่อ กอ ยอ สอ ยังไง
ติดต่อ กอ ยอ สอ 
วิธีติดต่อ กอ ยอ สอ
ติดต่อ กอ ยอ สอ ต้องทำอย่างไร
อยากติดต่อ กอ ยอ สอ
ตึกวิทยาศาสตร์อยู่ตรงไหน
ช่วยบอกทางตึกวิทยาศาสตร์
หาตึกวิทยาศาสตร์ได้ยังไง
ตึกวิทยาศาสตร์อยู่ที่ไหน
สาขาเครื่องกลเรียนอะไร
วิชาเครื่องกลเรียนอะไร
เครื่องกลคืออะไร
กิจกรรมวันนี้คืออะไร
กิจกรรมที่น่าสนใจคืออะไร
อยากร่วมกิจกรรม
ห้องธุรการอยู่ตึกไหน
ไปห้องธุรการทางไหน
จะไปติดต่อธุรการ
อยากไปห้องธุรการ
งานเชื่อมเรียนอะไร
เชื่อมเหล็กยากไหม
สาขานี้ทำอะไรได้บ้าง
เรียนเชื่อมทำงานอะไร
งานเชื่อมเรียนกี่ปี
เรียนเชื่อมอยู่ตึกไหน
งานเชื่อมคืออะไร
วิศวกรรมอุตสาหการเรียนอะไร
สาขาอุตสาหการคืออะไร
อุตสาหการทำงานอะไร
เรียนอุตสาหการยากไหม
คณะอุตสาหการอยู่ตึกไหน
อุตสาหการทำอะไรได้
เรียนอุตสาหการทำงานที่ไหน
อุตสาหการคืออะไร
อุตสาหการมีวิชาอะไร
วิศวกรรมอิเล็กทรอนิกส์คืออะไร
เรียนอิเล็กทรอนิกส์ทำอะไร
อิเล็กทรอนิกส์อยู่ตึกไหน
สาขานี้ยากไหม
อิเล็กทรอนิกส์ทำงานอะไร
เรียนอิเล็กทรอนิกส์ที่ไหน
อิเล็กทรอนิกส์เรียนกี่ปี
อิเล็กทรอนิกส์คือสาขาอะไร
อิเล็กทรอนิกส์น่าสนใจไหม
สาขาแม่พิมพ์คืออะไร
แม่พิมพ์เรียนอะไร
เรียนแม่พิมพ์อยู่ตึกไหน
แม่พิมพ์ทำงานอะไร
เรียนแม่พิมพ์ยากไหม
คณะนี้เรียนกี่ปี
แม่พิมพ์คือสาขาอะไร
สาขาแม่พิมพ์เรียนอะไรบ้าง
วิศวกรรมแม่พิมพ์คืออะไร
สาขานี้เรียนอะไร
สาขานี้น่าสนใจไหม
เรียนเมคคาทรอนิกส์ทำอะไร
สาขาไฟฟ้าเรียนอะไร
ไฟฟ้าคืออะไร
เรียนไฟฟ้ายากไหม
ไฟฟ้าทำงานอะไร
คณะไฟฟ้าอยู่ที่ไหน
เรียนไฟฟ้ากี่ปี
สาขาไฟฟ้าทำอะไรได้บ้าง
ไฟฟ้าคือสาขาอะไร
ไฟฟ้ามีวิชาอะไร
เรียนไฟฟ้าที่ไหน
สนามฟุตบอลอยู่ไหน
สนามฟุตบอลอยู่ตึกไหน
สนามบอลเล่นได้ไหม
สนามฟุตบอลอยู่ที่ใด
สนามฟุตบอลคืออะไร
สนามบอลอยู่ตรงไหน
สนามบาสปิดกี่โมง
สนามบาสอยู่ตึกอะไร
สนามบาสคืออะไร
อยากเล่นบาส
สนามบาสมีที่ไหน
อาคาร36 คืออะไร
อาคาร36 อยู่ตึกอะไร
อาคาร36 อยู่ตรงไหน
อาคาร36 มีอะไรบ้าง
อาคาร36 ใช่ตึกเรียนไหม
ร้านอาหารอยู่ที่ไหน
ร้านอาหารปิดกี่โมง
ร้านอาหารอยู่ตึกไหน
ร้านอาหารตรงไหน
ร้านอาหารคืออะไร
เวลาเปิดคือกี่โมง
เปิดมหาลัยตอนไหน
เวลาเริ่มเปิด
มหาลัยเริ่มเปิดเมื่อไหร่
เวลาปิดคือกี่โมง
มหาลัยปิดเมื่อไหร่
เวลาเลิกคือกี่โมง
มหาลัยเลิกกี่โมง
เวลาปิดคือเมื่อไร
ขอทุนได้ยังไง
ทุนกยศใช้ได้ไหม
ทุนเรียนดีคืออะไร
ทุนการศึกษาทำอย่างไร
ขอสมัครทุนการศึกษา
ขั้นตอนการลาออกคืออะไร
ลาออกจากมหาลัยต้องทำยังไง
ลาออกต้องยื่นเอกสารอะไร
อยากลาออกจากคณะ
ขั้นตอนลาออกคืออะไร
คณะเปิดสอนกี่สาขา
คณะอะไรที่น่าสนใจ
คณะนี้เรียนกี่ปี
คณะมีหลักสูตรอินเตอร์ไหม
อยากรู้ข้อมูลคณะ
คณะมีที่ตั้งตรงไหน
คณะนี้มีชื่อเสียงด้านไหน
คณะเปิดรับกี่คน
คณะนี้เหมาะกับใคร
ช่วยแก้ปัญหาให้หน่อย
แก้ไขข้อมูลไม่ได้
ต้องการแก้เอกสาร
แก้ยังไงดี
แก้ไขผลการเรียน
ต้องการแก้ไขคำตอบ
แก้ชื่อผิด
แก้ข้อมูลนักศึกษา
แก้ไขระบบล้มเหลว
ช่วยลงทะเบียนให้หน่อย
ลงทะเบียนวิชายังไง
ขั้นตอนการลงทะเบียนคืออะไร
อยากสมัครเรียนวิชานี้
ลงทะเบียนผ่านเว็บได้ไหม
มีปัญหาการลงทะเบียน
ขอลงทะเบียนเพิ่ม
ลงทะเบียนที่ไหน
วิธีลงทะเบียนทำอย่างไร
ทำไมลงทะเบียนไม่ทัน
ถ้าลงทะเบียนไม่ทันทำยังไง
ลงทะเบียนไม่ทันต้องแก้ปัญหายังไง
มีสิทธิ์ลงเพิ่มไหม
ทำเรื่องชี้แจงได้ไหม
ลงไม่ทันต้องยื่นเอกสารหรือเปล่า
ใครช่วยเรื่องลงทะเบียนไม่ทัน
ถ้าพลาดการลงทะเบียนจะเสียสิทธิ์ไหม
ลงทะเบียนไม่ทันติดต่อใคร
แก้ปัญหาลงทะเบียนไม่ทันยังไง
อยากถอนวิชาออก
ยื่นเรื่องถอนวิชาได้ที่ไหน
ถอนวิชาที่ไม่อยากเรียน
ทำไมถอนวิชาไม่ได้
อยากเปลี่ยนวิชาเรียน
เกรดจะประกาศตอนไหน
เช็คเกรดได้เมื่อไหร่
ประกาศผลการเรียนวันไหน
อยากทราบวันประกาศเกรด
ผลสอบจะออกวันไหน
อยากรู้ว่าดูเกรดได้เมื่อไร
เช็คผลสอบได้วันไหน
ขอลิงก์เว็บไซต์หน่อย
เว็บมหาลัยคืออะไร
เว็บสมัครเรียนอยู่ไหน
เว็บเช็คเกรดคืออะไร
เข้าเว็บไม่ได้ทำยังไง
เว็บระบบลงทะเบียน
เว็บไซต์ทางการคืออะไร
เว็บมีอะไรบ้าง
ขอ URL มหาลัย
อยากถามข้อมูลทั่วไป
มีอะไรแนะนำบ้าง
สอบถามเรื่องมหาลัย
คำถามเกี่ยวกับการเรียน
อยากรู้ข้อมูลทั่วไป
สอบถามทั่วไปได้ไหม
มีคำถามทั่วไป
อยากถามข้อมูลเพิ่ม
ถามได้ไหม
อยากสอบถามข้อมูล
เอกสารยื่นกยศมีอะไรบ้าง
ห้องกยศอยู่ตรงไหน
ห้องกยศอยู่ชั้นไหน
ไปห้องกยศยังไง
ทางไปห้องกยศ
ห้องกยศอยู่ตึกไหน
แผนที่ไปห้องกยศ
ไปห้องกยศเดินทางยังไง
ห้องกยศอยู่ใกล้ตึกไหน
ลงทะเบียนเรียนวันไหน
เปิดลงทะเบียนวันอะไร
การลงทะเบียนเริ่มเมื่อไหร่
ปิดรับลงทะเบียนวันไหน
อยากรู้เวลาลงทะเบียน
ตารางลงทะเบียนคือเมื่อไหร่
ลงทะเบียนภาคการศึกษาไหน
กำหนดเวลาลงทะเบียน
ถอนรายวิชาที่ไม่เรียน
อยากเปลี่ยนรายวิชา
เพิ่มถอนรายวิชาล่าช้าได้ไหม
เปิดภาคเรียนเมื่อไหร่
เปิดเทอมวันอะไร
ภาคเรียนใหม่เริ่มเมื่อไร
วันไหนเปิดเทอม
โอนเงินค่าเทอมยังไง
อยากรู้รายละเอียดสาขา
สาขาเปิดสอนวิชาอะไร
สาขานี้มีชื่อเสียงด้านไหน
อยากรู้ข้อมูลสาขา
สาขาไหนน่าสนใจ
สมัครเรียนได้เลยไหม
ที่นี่รับสมัครเลยหรือเปล่า
ขอข้อมูลสาขาอื่น
สาขาอื่นเปิดอะไรบ้าง
สาขาอื่นน่าสนใจไหม
ช่วยแนะนำสาขาอื่น
บอกสาขาอื่นหน่อย
เบอร์โทรศัพท์คณะ
เบอร์ของคณะนี้คืออะไร
ติดต่อเจ้าหน้าที่นักศึกษา
งานนักศึกษาอยู่ตรงไหน
อยากถามงานนักศึกษา
ติดต่อฝ่ายนักศึกษาได้ยังไง
ขอข้อมูลติดต่อฝ่ายนักศึกษา
ห้องประชุมเจ้าพระยา1 อยู่ที่ไหน
ไปห้องประชุมเจ้าพระยา1 ยังไง
ห้องประชุมเจ้าพระยา1 ชั้นไหน
ห้องประชุมเจ้าพระยา1 ตึกอะไร
แผนที่ห้องประชุมเจ้าพระยา1
ทางไปห้องประชุมเจ้าพระยา1
ห้องประชุมเจ้าพระยา1 อยู่ใกล้อะไร
ไปห้องประชุมเจ้าพระยา1 ครับ
ห้องประชุมเจ้าพระยา1 อยู่ตรงไหน
ห้องประชุมเจ้าพระยา1 เดินทางยังไง
ห้องประชุมเจ้าพระยา2 อยู่ที่ไหน
ไปห้องประชุมเจ้าพระยา2 ยังไง
ห้องประชุมเจ้าพระยา2 ชั้นไหน
ห้องประชุมเจ้าพระยา2 อยู่ตึกอะไร
แผนที่ห้องประชุมเจ้าพระยา2
ทางไปห้องประชุมเจ้าพระยา2
ห้องประชุมเจ้าพระยา2 อยู่ใกล้อะไร
ไปห้องประชุมเจ้าพระยา2 ครับ
ห้องประชุมเจ้าพระยา2 อยู่ตรงไหน
ห้องประชุมเจ้าพระยา2 เดินทางยังไง
ลงทะเบียนช้าต้องทำไง
หวัดดี
มีใครอยู่ไหม
หวัดดีฮ่ะ
เฮ้
ทักครับ
ขอบใจจ้า
ขอบพระคุณ
บอกชื่อหน่อย
มีชื่อไหม
ชื่อคุณคือ
ลาก่อน
คุณโอเคไหม
ช่วงนี้เป็นไง
เป็นไงครับ
ช่วงนี้โอเคไหม
คุณคือหุ่นยนต์หรือเปล่า
คุณเป็นหุ่นยนต์ใช่ไหม
นี่คือหุ่นยนต์หรือเปล่า
นายคือหรือป่าว
บอกความสามารถหน่อย
คุณทำงานยังไง
คุณทำอะไรเป็น
คุณช่วยฉันได้ไหม
คุณตอบคำถามได้ไหม
คุณทำงานแบบไหน
เล่าเกี่ยวกับคุณสิ
คุณมีความสามารถพิเศษไหม
บอกสิว่าทำอะไรได้
คุณมีความรู้ด้านไหน
คุณทำหน้าที่อะไร
ทำอะไรได้
แดดร้อนแรงมาก
หิวแล้ว
อยากทานข้าว
อยากกินอาหาร
มีอะไรให้กินไหม
ตอนนี้หิว
อยากกินซุปอุ่นๆ
อยากทานของร้อนๆ
ทดสอบเสียง
เทส
เทสเทสเทส
เทสต์
ขอลองทดสอบ
ทดสอบอีกครั้ง
เทสเทส
ลองใช้งาน
ทดสอบการตอบ
คุยด้วยได้ไหม
อยากคุยด้วย
เหงามากเลย
ไม่มีใครคุยด้วย
เหงาอยู่คนเดียว
คุณมีแฟนไหม
มีแฟนไหม
คุณมีแฟนรึเปล่า
คุณโสดไหม
คุณมีคนรักหรือยัง
คุณมีแฟนหรือเปล่า
คุณกำลังคบใครอยู่
รู้จักฉันไหม
คุณรู้จักตัวฉันไหม
รู้ไหมใครเอ่ย
วันนี้เป็นยังไง
เป็นไงบ้าง
วันนี้เป็นไงครับ
วันนี้เป็นไงค่ะ
วันนี้โอเคไหม
วันนี้ดีไหม
วันนี้คุณโอเคไหม
วันนี่รู้สึกยังไง
บอกอายุหน่อย
อยากทราบอายุ
อายุคุณเท่าไร
คุณเกิดปีไหน
ตอนนี้อายุเท่าไร
คุณอายุกี่ปี
จ่ายค่าเทอม
ค่าเทอมต้องจ่ายตอนไหน
จะจ่ายค่าเทอมที่ไหนอ่ะ
ติดต่อ กอ ยอ สอ ที่ไหน
ขอช่องทางติดต่อ กอ ยอ สอ 
ติดต่อ กอ ยอ สอ ยังไง
ติดต่อ กอ ยอ สอ 
วิธีติดต่อ กอ ยอ สอ
ติดต่อ กอ ยอ สอ ต้องทำอย่างไร
อยากติดต่อ กอ ยอ สอ
ตึกวิทยาศาสตร์อยู่ตรงไหน
ช่วยบอกทางตึกวิทยาศาสตร์
หาตึกวิทยาศาสตร์ได้ยังไง
ตึกวิทยาศาสตร์อยู่ที่ไหน
สาขาเครื่องกลเรียนอะไร
วิชาเครื่องกลเรียนอะไร
เครื่องกลคืออะไร
กิจกรรมวันนี้คืออะไร
กิจกรรมที่น่าสนใจคืออะไร
อยากร่วมกิจกรรม
ห้องธุรการอยู่ตึกไหน
ไปห้องธุรการทางไหน
จะไปติดต่อธุรการ
อยากไปห้องธุรการ
งานเชื่อมเรียนอะไร
เชื่อมเหล็กยากไหม
สาขานี้ทำอะไรได้บ้าง
เรียนเชื่อมทำงานอะไร
งานเชื่อมเรียนกี่ปี
เรียนเชื่อมอยู่ตึกไหน
งานเชื่อมคืออะไร
วิศวกรรมอุตสาหการเรียนอะไร
สาขาอุตสาหการคืออะไร
อุตสาหการทำงานอะไร
เรียนอุตสาหการยากไหม
คณะอุตสาหการอยู่ตึกไหน
อุตสาหการทำอะไรได้
เรียนอุตสาหการทำงานที่ไหน
อุตสาหการคืออะไร
อุตสาหการมีวิชาอะไร
วิศวกรรมอิเล็กทรอนิกส์คืออะไร
เรียนอิเล็กทรอนิกส์ทำอะไร
อิเล็กทรอนิกส์อยู่ตึกไหน
สาขานี้ยากไหม
อิเล็กทรอนิกส์ทำงานอะไร
เรียนอิเล็กทรอนิกส์ที่ไหน
อิเล็กทรอนิกส์เรียนกี่ปี
อิเล็กทรอนิกส์คือสาขาอะไร
อิเล็กทรอนิกส์น่าสนใจไหม
สาขาแม่พิมพ์คืออะไร
แม่พิมพ์เรียนอะไร
เรียนแม่พิมพ์อยู่ตึกไหน
แม่พิมพ์ทำงานอะไร
เรียนแม่พิมพ์ยากไหม
คณะนี้เรียนกี่ปี
แม่พิมพ์คือสาขาอะไร
สาขาแม่พิมพ์เรียนอะไรบ้าง
วิศวกรรมแม่พิมพ์คืออะไร
สาขานี้เรียนอะไร
สาขานี้น่าสนใจไหม
เรียนเมคคาทรอนิกส์ทำอะไร
สาขาไฟฟ้าเรียนอะไร
ไฟฟ้าคืออะไร
เรียนไฟฟ้ายากไหม
ไฟฟ้าทำงานอะไร
คณะไฟฟ้าอยู่ที่ไหน
เรียนไฟฟ้ากี่ปี
สาขาไฟฟ้าทำอะไรได้บ้าง
ไฟฟ้าคือสาขาอะไร
ไฟฟ้ามีวิชาอะไร
เรียนไฟฟ้าที่ไหน
สนามฟุตบอลอยู่ไหน
สนามฟุตบอลอยู่ตึกไหน
สนามบอลเล่นได้ไหม
สนามฟุตบอลอยู่ที่ใด
สนามฟุตบอลคืออะไร
สนามบอลอยู่ตรงไหน
สนามบาสปิดกี่โมง
สนามบาสอยู่ตึกอะไร
สนามบาสคืออะไร
อยากเล่นบาส
สนามบาสมีที่ไหน
อาคาร36 คืออะไร
อาคาร36 อยู่ตึกอะไร
อาคาร36 อยู่ตรงไหน
อาคาร36 มีอะไรบ้าง
อาคาร36 ใช่ตึกเรียนไหม
ร้านอาหารอยู่ที่ไหน
ร้านอาหารปิดกี่โมง
ร้านอาหารอยู่ตึกไหน
ร้านอาหารตรงไหน
ร้านอาหารคืออะไร
เวลาเปิดคือกี่โมง
เปิดมหาลัยตอนไหน
เวลาเริ่มเปิด
มหาลัยเริ่มเปิดเมื่อไหร่
เวลาปิดคือกี่โมง
มหาลัยปิดเมื่อไหร่
เวลาเลิกคือกี่โมง
มหาลัยเลิกกี่โมง
เวลาปิดคือเมื่อไร
ขอทุนได้ยังไง
ทุนกยศใช้ได้ไหม
ทุนเรียนดีคืออะไร
ทุนการศึกษาทำอย่างไร
ขอสมัครทุนการศึกษา
ขั้นตอนการลาออกคืออะไร
ลาออกจากมหาลัยต้องทำยังไง
ลาออกต้องยื่นเอกสารอะไร
อยากลาออกจากคณะ
ขั้นตอนลาออกคืออะไร
คณะเปิดสอนกี่สาขา
คณะอะไรที่น่าสนใจ
คณะนี้เรียนกี่ปี
คณะมีหลักสูตรอินเตอร์ไหม
อยากรู้ข้อมูลคณะ
คณะมีที่ตั้งตรงไหน
คณะนี้มีชื่อเสียงด้านไหน
คณะเปิดรับกี่คน
คณะนี้เหมาะกับใคร
ช่วยแก้ปัญหาให้หน่อย
แก้ไขข้อมูลไม่ได้
ต้องการแก้เอกสาร
แก้ยังไงดี
แก้ไขผลการเรียน
ต้องการแก้ไขคำตอบ
แก้ชื่อผิด
แก้ข้อมูลนักศึกษา
แก้ไขระบบล้มเหลว
ช่วยลงทะเบียนให้หน่อย
ลงทะเบียนวิชายังไง
ขั้นตอนการลงทะเบียนคืออะไร
อยากสมัครเรียนวิชานี้
ลงทะเบียนผ่านเว็บได้ไหม
มีปัญหาการลงทะเบียน
ขอลงทะเบียนเพิ่ม
ลงทะเบียนที่ไหน
วิธีลงทะเบียนทำอย่างไร
ทำไมลงทะเบียนไม่ทัน
ถ้าลงทะเบียนไม่ทันทำยังไง
ลงทะเบียนไม่ทันต้องแก้ปัญหายังไง
มีสิทธิ์ลงเพิ่มไหม
ทำเรื่องชี้แจงได้ไหม
ลงไม่ทันต้องยื่นเอกสารหรือเปล่า
ใครช่วยเรื่องลงทะเบียนไม่ทัน
ถ้าพลาดการลงทะเบียนจะเสียสิทธิ์ไหม
ลงทะเบียนไม่ทันติดต่อใคร
แก้ปัญหาลงทะเบียนไม่ทันยังไง
อยากถอนวิชาออก
ยื่นเรื่องถอนวิชาได้ที่ไหน
ถอนวิชาที่ไม่อยากเรียน
ทำไมถอนวิชาไม่ได้
อยากเปลี่ยนวิชาเรียน
เกรดจะประกาศตอนไหน
เช็คเกรดได้เมื่อไหร่
ประกาศผลการเรียนวันไหน
อยากทราบวันประกาศเกรด
ผลสอบจะออกวันไหน
อยากรู้ว่าดูเกรดได้เมื่อไร
เช็คผลสอบได้วันไหน
ขอลิงก์เว็บไซต์หน่อย
เว็บมหาลัยคืออะไร
เว็บสมัครเรียนอยู่ไหน
เว็บเช็คเกรดคืออะไร
เข้าเว็บไม่ได้ทำยังไง
เว็บระบบลงทะเบียน
เว็บไซต์ทางการคืออะไร
เว็บมีอะไรบ้าง
ขอ URL มหาลัย
อยากถามข้อมูลทั่วไป
มีอะไรแนะนำบ้าง
สอบถามเรื่องมหาลัย
คำถามเกี่ยวกับการเรียน
อยากรู้ข้อมูลทั่วไป
สอบถามทั่วไปได้ไหม
มีคำถามทั่วไป
อยากถามข้อมูลเพิ่ม
ถามได้ไหม
อยากสอบถามข้อมูล
เอกสารยื่นกยศมีอะไรบ้าง
ห้องกยศอยู่ตรงไหน
ห้องกยศอยู่ชั้นไหน
ไปห้องกยศยังไง
ทางไปห้องกยศ
ห้องกยศอยู่ตึกไหน
แผนที่ไปห้องกยศ
ไปห้องกยศเดินทางยังไง
ห้องกยศอยู่ใกล้ตึกไหน
ลงทะเบียนเรียนวันไหน
เปิดลงทะเบียนวันอะไร
การลงทะเบียนเริ่มเมื่อไหร่
ปิดรับลงทะเบียนวันไหน
อยากรู้เวลาลงทะเบียน
ตารางลงทะเบียนคือเมื่อไหร่
ลงทะเบียนภาคการศึกษาไหน
กำหนดเวลาลงทะเบียน
ถอนรายวิชาที่ไม่เรียน
อยากเปลี่ยนรายวิชา
เพิ่มถอนรายวิชาล่าช้าได้ไหม
เปิดภาคเรียนเมื่อไหร่
เปิดเทอมวันอะไร
ภาคเรียนใหม่เริ่มเมื่อไร
วันไหนเปิดเทอม
โอนเงินค่าเทอมยังไง
อยากรู้รายละเอียดสาขา
สาขาเปิดสอนวิชาอะไร
สาขานี้มีชื่อเสียงด้านไหน
อยากรู้ข้อมูลสาขา
สาขาไหนน่าสนใจ
สมัครเรียนได้เลยไหม
ที่นี่รับสมัครเลยหรือเปล่า
ขอข้อมูลสาขาอื่น
สาขาอื่นเปิดอะไรบ้าง
สาขาอื่นน่าสนใจไหม
ช่วยแนะนำสาขาอื่น
บอกสาขาอื่นหน่อย
เบอร์โทรศัพท์คณะ
เบอร์ของคณะนี้คืออะไร
ติดต่อเจ้าหน้าที่นักศึกษา
งานนักศึกษาอยู่ตรงไหน
อยากถามงานนักศึกษา
ติดต่อฝ่ายนักศึกษาได้ยังไง
ขอข้อมูลติดต่อฝ่ายนักศึกษา
ลงทะเบียนช้าต้องทำอะไรบ้าง
หวัดดี
มีใครอยู่ไหม
หวัดดีฮ่ะ
เฮ้
ทักครับ
ขอบใจจ้า
ขอบพระคุณ
บอกชื่อหน่อย
มีชื่อไหม
ชื่อคุณคือ
ลาก่อน
คุณโอเคไหม
ช่วงนี้เป็นไง
เป็นไงครับ
ช่วงนี้โอเคไหม
คุณคือหุ่นยนต์หรือเปล่า
คุณเป็นหุ่นยนต์ใช่ไหม
นี่คือหุ่นยนต์หรือเปล่า
นายคือหรือป่าว
บอกความสามารถหน่อย
คุณทำงานยังไง
คุณทำอะไรเป็น
คุณช่วยฉันได้ไหม
คุณตอบคำถามได้ไหม
คุณทำงานแบบไหน
เล่าเกี่ยวกับคุณสิ
คุณมีความสามารถพิเศษไหม
บอกสิว่าทำอะไรได้
คุณมีความรู้ด้านไหน
คุณทำหน้าที่อะไร
ทำอะไรได้
แดดร้อนแรงมาก
หิวแล้ว
อยากทานข้าว
อยากกินอาหาร
มีอะไรให้กินไหม
ตอนนี้หิว
อยากกินซุปอุ่นๆ
อยากทานของร้อนๆ
ทดสอบเสียง
เทส
เทสเทสเทส
เทสต์
ขอลองทดสอบ
ทดสอบอีกครั้ง
เทสเทส
ลองใช้งาน
ทดสอบการตอบ
คุยด้วยได้ไหม
อยากคุยด้วย
เหงามากเลย
ไม่มีใครคุยด้วย
เหงาอยู่คนเดียว
คุณมีแฟนไหม
มีแฟนไหม
คุณมีแฟนรึเปล่า
คุณโสดไหม
คุณมีคนรักหรือยัง
คุณมีแฟนหรือเปล่า
คุณกำลังคบใครอยู่
รู้จักฉันไหม
คุณรู้จักตัวฉันไหม
รู้ไหมใครเอ่ย
วันนี้เป็นยังไง
เป็นไงบ้าง
วันนี้เป็นไงครับ
วันนี้เป็นไงค่ะ
วันนี้โอเคไหม
วันนี้ดีไหม
วันนี้คุณโอเคไหม
วันนี่รู้สึกยังไง
บอกอายุหน่อย
อยากทราบอายุ
อายุคุณเท่าไร
คุณเกิดปีไหน
ตอนนี้อายุเท่าไร
คุณอายุกี่ปี
จ่ายค่าเทอม
ค่าเทอมต้องจ่ายตอนไหน
จะจ่ายค่าเทอมที่ไหนอ่ะ
ติดต่อ กอ ยอ สอ ที่ไหน
ขอช่องทางติดต่อ กอ ยอ สอ 
ติดต่อ กอ ยอ สอ ยังไง
ติดต่อ กอ ยอ สอ 
วิธีติดต่อ กอ ยอ สอ
ติดต่อ กอ ยอ สอ ต้องทำอย่างไร
อยากติดต่อ กอ ยอ สอ
ตึกวิทยาศาสตร์อยู่ตรงไหน
ช่วยบอกทางตึกวิทยาศาสตร์
หาตึกวิทยาศาสตร์ได้ยังไง
ตึกวิทยาศาสตร์อยู่ที่ไหน
สาขาเครื่องกลเรียนอะไร
วิชาเครื่องกลเรียนอะไร
เครื่องกลคืออะไร
กิจกรรมวันนี้คืออะไร
กิจกรรมที่น่าสนใจคืออะไร
อยากร่วมกิจกรรม
ห้องธุรการอยู่ตึกไหน
ไปห้องธุรการทางไหน
จะไปติดต่อธุรการ
อยากไปห้องธุรการ
งานเชื่อมเรียนอะไร
เชื่อมเหล็กยากไหม
สาขานี้ทำอะไรได้บ้าง
เรียนเชื่อมทำงานอะไร
งานเชื่อมเรียนกี่ปี
เรียนเชื่อมอยู่ตึกไหน
งานเชื่อมคืออะไร
วิศวกรรมอุตสาหการเรียนอะไร
สาขาอุตสาหการคืออะไร
อุตสาหการทำงานอะไร
เรียนอุตสาหการยากไหม
คณะอุตสาหการอยู่ตึกไหน
อุตสาหการทำอะไรได้
เรียนอุตสาหการทำงานที่ไหน
อุตสาหการคืออะไร
อุตสาหการมีวิชาอะไร
วิศวกรรมอิเล็กทรอนิกส์คืออะไร
เรียนอิเล็กทรอนิกส์ทำอะไร
อิเล็กทรอนิกส์อยู่ตึกไหน
สาขานี้ยากไหม
อิเล็กทรอนิกส์ทำงานอะไร
เรียนอิเล็กทรอนิกส์ที่ไหน
อิเล็กทรอนิกส์เรียนกี่ปี
อิเล็กทรอนิกส์คือสาขาอะไร
อิเล็กทรอนิกส์น่าสนใจไหม
สาขาแม่พิมพ์คืออะไร
แม่พิมพ์เรียนอะไร
เรียนแม่พิมพ์อยู่ตึกไหน
แม่พิมพ์ทำงานอะไร
เรียนแม่พิมพ์ยากไหม
คณะนี้เรียนกี่ปี
แม่พิมพ์คือสาขาอะไร
สาขาแม่พิมพ์เรียนอะไรบ้าง
วิศวกรรมแม่พิมพ์คืออะไร
สาขานี้เรียนอะไร
สาขานี้น่าสนใจไหม
เรียนเมคคาทรอนิกส์ทำอะไร
สาขาไฟฟ้าเรียนอะไร
ไฟฟ้าคืออะไร
เรียนไฟฟ้ายากไหม
ไฟฟ้าทำงานอะไร
คณะไฟฟ้าอยู่ที่ไหน
เรียนไฟฟ้ากี่ปี
สาขาไฟฟ้าทำอะไรได้บ้าง
ไฟฟ้าคือสาขาอะไร
ไฟฟ้ามีวิชาอะไร
เรียนไฟฟ้าที่ไหน
สนามฟุตบอลอยู่ไหน
สนามฟุตบอลอยู่ตึกไหน
สนามบอลเล่นได้ไหม
สนามฟุตบอลอยู่ที่ใด
สนามฟุตบอลคืออะไร
สนามบอลอยู่ตรงไหน
สนามบาสปิดกี่โมง
สนามบาสอยู่ตึกอะไร
สนามบาสคืออะไร
อยากเล่นบาส
สนามบาสมีที่ไหน
อาคาร36 คืออะไร
อาคาร36 อยู่ตึกอะไร
อาคาร36 อยู่ตรงไหน
อาคาร36 มีอะไรบ้าง
อาคาร36 ใช่ตึกเรียนไหม
ร้านอาหารอยู่ที่ไหน
ร้านอาหารปิดกี่โมง
ร้านอาหารอยู่ตึกไหน
ร้านอาหารตรงไหน
ร้านอาหารคืออะไร
เวลาเปิดคือกี่โมง
เปิดมหาลัยตอนไหน
เวลาเริ่มเปิด
มหาลัยเริ่มเปิดเมื่อไหร่
เวลาปิดคือกี่โมง
มหาลัยปิดเมื่อไหร่
เวลาเลิกคือกี่โมง
มหาลัยเลิกกี่โมง
เวลาปิดคือเมื่อไร
ขอทุนได้ยังไง
ทุนกยศใช้ได้ไหม
ทุนเรียนดีคืออะไร
ทุนการศึกษาทำอย่างไร
ขอสมัครทุนการศึกษา
ขั้นตอนการลาออกคืออะไร
ลาออกจากมหาลัยต้องทำยังไง
ลาออกต้องยื่นเอกสารอะไร
อยากลาออกจากคณะ
ขั้นตอนลาออกคืออะไร
คณะเปิดสอนกี่สาขา
คณะอะไรที่น่าสนใจ
คณะนี้เรียนกี่ปี
คณะมีหลักสูตรอินเตอร์ไหม
อยากรู้ข้อมูลคณะ
คณะมีที่ตั้งตรงไหน
คณะนี้มีชื่อเสียงด้านไหน
คณะเปิดรับกี่คน
คณะนี้เหมาะกับใคร
ช่วยแก้ปัญหาให้หน่อย
แก้ไขข้อมูลไม่ได้
ต้องการแก้เอกสาร
แก้ยังไงดี
แก้ไขผลการเรียน
ต้องการแก้ไขคำตอบ
แก้ชื่อผิด
แก้ข้อมูลนักศึกษา
แก้ไขระบบล้มเหลว
ช่วยลงทะเบียนให้หน่อย
ลงทะเบียนวิชายังไง
ขั้นตอนการลงทะเบียนคืออะไร
อยากสมัครเรียนวิชานี้
ลงทะเบียนผ่านเว็บได้ไหม
มีปัญหาการลงทะเบียน
ขอลงทะเบียนเพิ่ม
ลงทะเบียนที่ไหน
วิธีลงทะเบียนทำอย่างไร
ทำไมลงทะเบียนไม่ทัน
ถ้าลงทะเบียนไม่ทันทำยังไง
ลงทะเบียนไม่ทันต้องแก้ปัญหายังไง
มีสิทธิ์ลงเพิ่มไหม
ทำเรื่องชี้แจงได้ไหม
ลงไม่ทันต้องยื่นเอกสารหรือเปล่า
ใครช่วยเรื่องลงทะเบียนไม่ทัน
ถ้าพลาดการลงทะเบียนจะเสียสิทธิ์ไหม
ลงทะเบียนไม่ทันติดต่อใคร
แก้ปัญหาลงทะเบียนไม่ทันยังไง
อยากถอนวิชาออก
ยื่นเรื่องถอนวิชาได้ที่ไหน
ถอนวิชาที่ไม่อยากเรียน
ทำไมถอนวิชาไม่ได้
อยากเปลี่ยนวิชาเรียน
เกรดจะประกาศตอนไหน
เช็คเกรดได้เมื่อไหร่
ประกาศผลการเรียนวันไหน
อยากทราบวันประกาศเกรด
ผลสอบจะออกวันไหน
อยากรู้ว่าดูเกรดได้เมื่อไร
เช็คผลสอบได้วันไหน
ขอลิงก์เว็บไซต์หน่อย
เว็บมหาลัยคืออะไร
เว็บสมัครเรียนอยู่ไหน
เว็บเช็คเกรดคืออะไร
เข้าเว็บไม่ได้ทำยังไง
เว็บระบบลงทะเบียน
เว็บไซต์ทางการคืออะไร
เว็บมีอะไรบ้าง
ขอ URL มหาลัย
อยากถามข้อมูลทั่วไป
มีอะไรแนะนำบ้าง
สอบถามเรื่องมหาลัย
คำถามเกี่ยวกับการเรียน
อยากรู้ข้อมูลทั่วไป
สอบถามทั่วไปได้ไหม
มีคำถามทั่วไป
อยากถามข้อมูลเพิ่ม
ถามได้ไหม
อยากสอบถามข้อมูล
เอกสารยื่นกยศมีอะไรบ้าง
ห้องกยศอยู่ตรงไหน
ห้องกยศอยู่ชั้นไหน
ไปห้องกยศยังไง
ทางไปห้องกยศ
ห้องกยศอยู่ตึกไหน
แผนที่ไปห้องกยศ
ไปห้องกยศเดินทางยังไง
ห้องกยศอยู่ใกล้ตึกไหน
ลงทะเบียนเรียนวันไหน
เปิดลงทะเบียนวันอะไร
การลงทะเบียนเริ่มเมื่อไหร่
ปิดรับลงทะเบียนวันไหน
อยากรู้เวลาลงทะเบียน
ตารางลงทะเบียนคือเมื่อไหร่
ลงทะเบียนภาคการศึกษาไหน
กำหนดเวลาลงทะเบียน
ถอนรายวิชาที่ไม่เรียน
อยากเปลี่ยนรายวิชา
เพิ่มถอนรายวิชาล่าช้าได้ไหม
เปิดภาคเรียนเมื่อไหร่
เปิดเทอมวันอะไร
ภาคเรียนใหม่เริ่มเมื่อไร
วันไหนเปิดเทอม
โอนเงินค่าเทอมยังไง
อยากรู้รายละเอียดสาขา
สาขาเปิดสอนวิชาอะไร
สาขานี้มีชื่อเสียงด้านไหน
อยากรู้ข้อมูลสาขา
สาขาไหนน่าสนใจ
สมัครเรียนได้เลยไหม
ที่นี่รับสมัครเลยหรือเปล่า
ขอข้อมูลสาขาอื่น
สาขาอื่นเปิดอะไรบ้าง
สาขาอื่นน่าสนใจไหม
ช่วยแนะนำสาขาอื่น
บอกสาขาอื่นหน่อย
เบอร์โทรศัพท์คณะ
ลงทะเบียนช้าต้องทำอะไรบ้าง
หวัดดี
มีใครอยู่ไหม
หวัดดีฮ่ะ
เฮ้
ทักครับ
ขอบใจจ้า
ขอบพระคุณ
บอกชื่อหน่อย
มีชื่อไหม
ชื่อคุณคือ
ลาก่อน
คุณโอเคไหม
ช่วงนี้เป็นไง
เป็นไงครับ
ช่วงนี้โอเคไหม
คุณคือหุ่นยนต์หรือเปล่า
คุณเป็นหุ่นยนต์ใช่ไหม
นี่คือหุ่นยนต์หรือเปล่า
นายคือหรือป่าว
บอกความสามารถหน่อย
คุณทำงานยังไง
คุณทำอะไรเป็น
คุณช่วยฉันได้ไหม
คุณตอบคำถามได้ไหม
คุณทำงานแบบไหน
เล่าเกี่ยวกับคุณสิ
คุณมีความสามารถพิเศษไหม
บอกสิว่าทำอะไรได้
คุณมีความรู้ด้านไหน
คุณทำหน้าที่อะไร
ทำอะไรได้
แดดร้อนแรงมาก
หิวแล้ว
อยากทานข้าว
อยากกินอาหาร
มีอะไรให้กินไหม
ตอนนี้หิว
อยากกินซุปอุ่นๆ
อยากทานของร้อนๆ
ทดสอบเสียง
เทส
เทสเทสเทส
เทสต์
ขอลองทดสอบ
ทดสอบอีกครั้ง
เทสเทส
ลองใช้งาน
ทดสอบการตอบ
คุยด้วยได้ไหม
อยากคุยด้วย
เหงามากเลย
ไม่มีใครคุยด้วย
เหงาอยู่คนเดียว
คุณมีแฟนไหม
มีแฟนไหม
คุณมีแฟนรึเปล่า
คุณโสดไหม
คุณมีคนรักหรือยัง
คุณมีแฟนหรือเปล่า
คุณกำลังคบใครอยู่
รู้จักฉันไหม
คุณรู้จักตัวฉันไหม
รู้ไหมใครเอ่ย
วันนี้เป็นยังไง
เป็นไงบ้าง
วันนี้เป็นไงครับ
วันนี้เป็นไงค่ะ
วันนี้โอเคไหม
วันนี้ดีไหม
วันนี้คุณโอเคไหม
วันนี่รู้สึกยังไง
บอกอายุหน่อย
อยากทราบอายุ
อายุคุณเท่าไร
คุณเกิดปีไหน
ตอนนี้อายุเท่าไร
คุณอายุกี่ปี
จ่ายค่าเทอม
ค่าเทอมต้องจ่ายตอนไหน
จะจ่ายค่าเทอมที่ไหนอ่ะ
ติดต่อ กอ ยอ สอ ที่ไหน
ขอช่องทางติดต่อ กอ ยอ สอ 
ติดต่อ กอ ยอ สอ ยังไง
ติดต่อ กอ ยอ สอ 
วิธีติดต่อ กอ ยอ สอ
ติดต่อ กอ ยอ สอ ต้องทำอย่างไร
อยากติดต่อ กอ ยอ สอ
ตึกวิทยาศาสตร์อยู่ตรงไหน
ช่วยบอกทางตึกวิทยาศาสตร์
หาตึกวิทยาศาสตร์ได้ยังไง
ตึกวิทยาศาสตร์อยู่ที่ไหน
สาขาเครื่องกลเรียนอะไร
วิชาเครื่องกลเรียนอะไร
เครื่องกลคืออะไร
กิจกรรมวันนี้คืออะไร
กิจกรรมที่น่าสนใจคืออะไร
อยากร่วมกิจกรรม
ห้องธุรการอยู่ตึกไหน
ไปห้องธุรการทางไหน
จะไปติดต่อธุรการ
อยากไปห้องธุรการ
งานเชื่อมเรียนอะไร
เชื่อมเหล็กยากไหม
สาขานี้ทำอะไรได้บ้าง
เรียนเชื่อมทำงานอะไร
งานเชื่อมเรียนกี่ปี
เรียนเชื่อมอยู่ตึกไหน
งานเชื่อมคืออะไร
วิศวกรรมอุตสาหการเรียนอะไร
สาขาอุตสาหการคืออะไร
อุตสาหการทำงานอะไร
เรียนอุตสาหการยากไหม
คณะอุตสาหการอยู่ตึกไหน
อุตสาหการทำอะไรได้
เรียนอุตสาหการทำงานที่ไหน
อุตสาหการคืออะไร
อุตสาหการมีวิชาอะไร
วิศวกรรมอิเล็กทรอนิกส์คืออะไร
เรียนอิเล็กทรอนิกส์ทำอะไร
อิเล็กทรอนิกส์อยู่ตึกไหน
สาขานี้ยากไหม
อิเล็กทรอนิกส์ทำงานอะไร
เรียนอิเล็กทรอนิกส์ที่ไหน
อิเล็กทรอนิกส์เรียนกี่ปี
อิเล็กทรอนิกส์คือสาขาอะไร
อิเล็กทรอนิกส์น่าสนใจไหม
สาขาแม่พิมพ์คืออะไร
แม่พิมพ์เรียนอะไร
เรียนแม่พิมพ์อยู่ตึกไหน
แม่พิมพ์ทำงานอะไร
เรียนแม่พิมพ์ยากไหม
คณะนี้เรียนกี่ปี
แม่พิมพ์คือสาขาอะไร
สาขาแม่พิมพ์เรียนอะไรบ้าง
วิศวกรรมแม่พิมพ์คืออะไร
สาขานี้เรียนอะไร
สาขานี้น่าสนใจไหม
เรียนเมคคาทรอนิกส์ทำอะไร
สาขาไฟฟ้าเรียนอะไร
ไฟฟ้าคืออะไร
เรียนไฟฟ้ายากไหม
ไฟฟ้าทำงานอะไร
คณะไฟฟ้าอยู่ที่ไหน
เรียนไฟฟ้ากี่ปี
สาขาไฟฟ้าทำอะไรได้บ้าง
ไฟฟ้าคือสาขาอะไร
ไฟฟ้ามีวิชาอะไร
เรียนไฟฟ้าที่ไหน
สนามฟุตบอลอยู่ไหน
สนามฟุตบอลอยู่ตึกไหน
สนามบอลเล่นได้ไหม
สนามฟุตบอลอยู่ที่ใด
สนามฟุตบอลคืออะไร
สนามบอลอยู่ตรงไหน
สนามบาสปิดกี่โมง
สนามบาสอยู่ตึกอะไร
สนามบาสคืออะไร
อยากเล่นบาส
สนามบาสมีที่ไหน
อาคาร36 คืออะไร
อาคาร36 อยู่ตึกอะไร
อาคาร36 อยู่ตรงไหน
อาคาร36 มีอะไรบ้าง
อาคาร36 ใช่ตึกเรียนไหม
ร้านอาหารอยู่ที่ไหน
ร้านอาหารปิดกี่โมง
ร้านอาหารอยู่ตึกไหน
ร้านอาหารตรงไหน
ร้านอาหารคืออะไร
เวลาเปิดคือกี่โมง
เปิดมหาลัยตอนไหน
เวลาเริ่มเปิด
มหาลัยเริ่มเปิดเมื่อไหร่
เวลาปิดคือกี่โมง
มหาลัยปิดเมื่อไหร่
เวลาเลิกคือกี่โมง
มหาลัยเลิกกี่โมง
เวลาปิดคือเมื่อไร
ขอทุนได้ยังไง
ทุนกยศใช้ได้ไหม
ทุนเรียนดีคืออะไร
ทุนการศึกษาทำอย่างไร
ขอสมัครทุนการศึกษา
ขั้นตอนการลาออกคืออะไร
ลาออกจากมหาลัยต้องทำยังไง
ลาออกต้องยื่นเอกสารอะไร
อยากลาออกจากคณะ
ขั้นตอนลาออกคืออะไร
คณะเปิดสอนกี่สาขา
คณะอะไรที่น่าสนใจ
คณะนี้เรียนกี่ปี
คณะมีหลักสูตรอินเตอร์ไหม
อยากรู้ข้อมูลคณะ
คณะมีที่ตั้งตรงไหน
คณะนี้มีชื่อเสียงด้านไหน
คณะเปิดรับกี่คน
คณะนี้เหมาะกับใคร
ช่วยแก้ปัญหาให้หน่อย
แก้ไขข้อมูลไม่ได้
ต้องการแก้เอกสาร
แก้ยังไงดี
แก้ไขผลการเรียน
ต้องการแก้ไขคำตอบ
แก้ชื่อผิด
แก้ข้อมูลนักศึกษา
แก้ไขระบบล้มเหลว
ช่วยลงทะเบียนให้หน่อย
ลงทะเบียนวิชายังไง
ขั้นตอนการลงทะเบียนคืออะไร
อยากสมัครเรียนวิชานี้
ลงทะเบียนผ่านเว็บได้ไหม
มีปัญหาการลงทะเบียน
ขอลงทะเบียนเพิ่ม
ลงทะเบียนที่ไหน
วิธีลงทะเบียนทำอย่างไร
ทำไมลงทะเบียนไม่ทัน
ถ้าลงทะเบียนไม่ทันทำยังไง
ลงทะเบียนไม่ทันต้องแก้ปัญหายังไง
มีสิทธิ์ลงเพิ่มไหม
ทำเรื่องชี้แจงได้ไหม
ลงไม่ทันต้องยื่นเอกสารหรือเปล่า
ใครช่วยเรื่องลงทะเบียนไม่ทัน
ถ้าพลาดการลงทะเบียนจะเสียสิทธิ์ไหม
ลงทะเบียนไม่ทันติดต่อใคร
แก้ปัญหาลงทะเบียนไม่ทันยังไง
อยากถอนวิชาออก
ยื่นเรื่องถอนวิชาได้ที่ไหน
ถอนวิชาที่ไม่อยากเรียน
ทำไมถอนวิชาไม่ได้
อยากเปลี่ยนวิชาเรียน
เกรดจะประกาศตอนไหน
เช็คเกรดได้เมื่อไหร่
ประกาศผลการเรียนวันไหน
อยากทราบวันประกาศเกรด
ผลสอบจะออกวันไหน
อยากรู้ว่าดูเกรดได้เมื่อไร
เช็คผลสอบได้วันไหน
ขอลิงก์เว็บไซต์หน่อย
เว็บมหาลัยคืออะไร
เว็บสมัครเรียนอยู่ไหน
เว็บเช็คเกรดคืออะไร
เข้าเว็บไม่ได้ทำยังไง
เว็บระบบลงทะเบียน
เว็บไซต์ทางการคืออะไร
เว็บมีอะไรบ้าง
ขอ URL มหาลัย
อยากถามข้อมูลทั่วไป
มีอะไรแนะนำบ้าง
สอบถามเรื่องมหาลัย
คำถามเกี่ยวกับการเรียน
อยากรู้ข้อมูลทั่วไป
สอบถามทั่วไปได้ไหม
มีคำถามทั่วไป
อยากถามข้อมูลเพิ่ม
ถามได้ไหม
อยากสอบถามข้อมูล
เอกสารยื่นกยศมีอะไรบ้าง
ห้องกยศอยู่ตรงไหน
ห้องกยศอยู่ชั้นไหน
ไปห้องกยศยังไง
ทางไปห้องกยศ
ห้องกยศอยู่ตึกไหน
แผนที่ไปห้องกยศ
ไปห้องกยศเดินทางยังไง
ห้องกยศอยู่ใกล้ตึกไหน
ลงทะเบียนเรียนวันไหน
เปิดลงทะเบียนวันอะไร
การลงทะเบียนเริ่มเมื่อไหร่
ปิดรับลงทะเบียนวันไหน
อยากรู้เวลาลงทะเบียน
ตารางลงทะเบียนคือเมื่อไหร่
ลงทะเบียนภาคการศึกษาไหน
กำหนดเวลาลงทะเบียน
ถอนรายวิชาที่ไม่เรียน
อยากเปลี่ยนรายวิชา
เพิ่มถอนรายวิชาล่าช้าได้ไหม
โอนเงินค่าเทอมยังไง
อยากรู้ข้อมูลสาขา
สาขาไหนน่าสนใจ
สาขาอื่นๆ
สาขาอื่น
เบอร์โทรศัพท์คณะ
ลงทะเบียนช้าต้องทำอะไรบ้าง
หวัดดี
มีใครอยู่ไหม
หวัดดีฮ่ะ
เฮ้
ทักครับ
ขอบใจจ้า
ขอบพระคุณ
บอกชื่อหน่อย
มีชื่อไหม
ชื่อคุณคือ
ลาก่อน
คุณโอเคไหม
ช่วงนี้เป็นไง
เป็นไงครับ
ช่วงนี้โอเคไหม
คุณคือหุ่นยนต์หรือเปล่า
คุณเป็นหุ่นยนต์ใช่ไหม
นี่คือหุ่นยนต์หรือเปล่า
นายคือหรือป่าว
บอกความสามารถหน่อย
คุณทำงานยังไง
คุณทำอะไรเป็น
คุณช่วยฉันได้ไหม
คุณตอบคำถามได้ไหม
คุณทำงานแบบไหน
เล่าเกี่ยวกับคุณสิ
คุณมีความสามารถพิเศษไหม
บอกสิว่าทำอะไรได้
คุณมีความรู้ด้านไหน
คุณทำหน้าที่อะไร
ทำอะไรได้
แดดร้อนแรงมาก
หิวแล้ว
อยากทานข้าว
อยากกินอาหาร
มีอะไรให้กินไหม
ตอนนี้หิว
อยากกินซุปอุ่นๆ
อยากทานของร้อนๆ
ทดสอบเสียง
เทส
เทสเทสเทส
เทสต์
ขอลองทดสอบ
ทดสอบอีกครั้ง
เทสเทส
ลองใช้งาน
ทดสอบการตอบ
คุยด้วยได้ไหม
อยากคุยด้วย
เหงามากเลย
ไม่มีใครคุยด้วย
เหงาอยู่คนเดียว
คุณมีแฟนไหม
มีแฟนไหม
คุณมีแฟนรึเปล่า
คุณโสดไหม
คุณมีคนรักหรือยัง
คุณมีแฟนหรือเปล่า
คุณกำลังคบใครอยู่
รู้จักฉันไหม
คุณรู้จักตัวฉันไหม
รู้ไหมใครเอ่ย
วันนี้เป็นยังไง
เป็นไงบ้าง
วันนี้เป็นไงครับ
วันนี้เป็นไงค่ะ
วันนี้โอเคไหม
วันนี้ดีไหม
วันนี้คุณโอเคไหม
วันนี่รู้สึกยังไง
บอกอายุหน่อย
อยากทราบอายุ
อายุคุณเท่าไร
คุณเกิดปีไหน
ตอนนี้อายุเท่าไร
คุณอายุกี่ปี
จ่ายค่าเทอม
ค่าเทอมต้องจ่ายตอนไหน
จะจ่ายค่าเทอมที่ไหนอ่ะ
ติดต่อ กอ ยอ สอ ที่ไหน
ขอช่องทางติดต่อ กอ ยอ สอ 
ติดต่อ กอ ยอ สอ ยังไง
ติดต่อ กอ ยอ สอ 
วิธีติดต่อ กอ ยอ สอ
ติดต่อ กอ ยอ สอ ต้องทำอย่างไร
อยากติดต่อ กอ ยอ สอ
ตึกวิทยาศาสตร์อยู่ตรงไหน
ช่วยบอกทางตึกวิทยาศาสตร์
หาตึกวิทยาศาสตร์ได้ยังไง
ตึกวิทยาศาสตร์อยู่ที่ไหน
สาขาเครื่องกลเรียนอะไร
วิชาเครื่องกลเรียนอะไร
เครื่องกลคืออะไร
กิจกรรมวันนี้คืออะไร
กิจกรรมที่น่าสนใจคืออะไร
อยากร่วมกิจกรรม
ห้องธุรการอยู่ตึกไหน
ไปห้องธุรการทางไหน
จะไปติดต่อธุรการ
อยากไปห้องธุรการ
งานเชื่อมเรียนอะไร
เชื่อมเหล็กยากไหม
สาขานี้ทำอะไรได้บ้าง
เรียนเชื่อมทำงานอะไร
งานเชื่อมเรียนกี่ปี
เรียนเชื่อมอยู่ตึกไหน
งานเชื่อมคืออะไร
วิศวกรรมอุตสาหการเรียนอะไร
สาขาอุตสาหการคืออะไร
อุตสาหการทำงานอะไร
เรียนอุตสาหการยากไหม
คณะอุตสาหการอยู่ตึกไหน
อุตสาหการทำอะไรได้
เรียนอุตสาหการทำงานที่ไหน
อุตสาหการคืออะไร
อุตสาหการมีวิชาอะไร
วิศวกรรมอิเล็กทรอนิกส์คืออะไร
เรียนอิเล็กทรอนิกส์ทำอะไร
อิเล็กทรอนิกส์อยู่ตึกไหน
สาขานี้ยากไหม
อิเล็กทรอนิกส์ทำงานอะไร
เรียนอิเล็กทรอนิกส์ที่ไหน
อิเล็กทรอนิกส์เรียนกี่ปี
อิเล็กทรอนิกส์คือสาขาอะไร
อิเล็กทรอนิกส์น่าสนใจไหม
สาขาแม่พิมพ์คืออะไร
แม่พิมพ์เรียนอะไร
เรียนแม่พิมพ์อยู่ตึกไหน
แม่พิมพ์ทำงานอะไร
เรียนแม่พิมพ์ยากไหม
คณะนี้เรียนกี่ปี
แม่พิมพ์คือสาขาอะไร
สาขาแม่พิมพ์เรียนอะไรบ้าง
วิศวกรรมแม่พิมพ์คืออะไร
สาขานี้เรียนอะไร
สาขานี้น่าสนใจไหม
เรียนเมคคาทรอนิกส์ทำอะไร
สาขาไฟฟ้าเรียนอะไร
ไฟฟ้าคืออะไร
เรียนไฟฟ้ายากไหม
ไฟฟ้าทำงานอะไร
คณะไฟฟ้าอยู่ที่ไหน
เรียนไฟฟ้ากี่ปี
สาขาไฟฟ้าทำอะไรได้บ้าง
ไฟฟ้าคือสาขาอะไร
ไฟฟ้ามีวิชาอะไร
เรียนไฟฟ้าที่ไหน
สนามฟุตบอลอยู่ไหน
สนามฟุตบอลอยู่ตึกไหน
สนามบอลเล่นได้ไหม
สนามฟุตบอลอยู่ที่ใด
สนามฟุตบอลคืออะไร
สนามบอลอยู่ตรงไหน
สนามบาสปิดกี่โมง
สนามบาสอยู่ตึกอะไร
สนามบาสคืออะไร
อยากเล่นบาส
สนามบาสมีที่ไหน
อาคาร36 คืออะไร
อาคาร36 อยู่ตึกอะไร
อาคาร36 อยู่ตรงไหน
อาคาร36 มีอะไรบ้าง
อาคาร36 ใช่ตึกเรียนไหม
ร้านอาหารอยู่ที่ไหน
ร้านอาหารปิดกี่โมง
ร้านอาหารอยู่ตึกไหน
ร้านอาหารตรงไหน
ร้านอาหารคืออะไร
เวลาเปิดคือกี่โมง
เปิดมหาลัยตอนไหน
เวลาเริ่มเปิด
มหาลัยเริ่มเปิดเมื่อไหร่
เวลาปิดคือกี่โมง
มหาลัยปิดเมื่อไหร่
เวลาเลิกคือกี่โมง
มหาลัยเลิกกี่โมง
เวลาปิดคือเมื่อไร
ขอทุนได้ยังไง
ทุนกยศใช้ได้ไหม
ทุนเรียนดีคืออะไร
ทุนการศึกษาทำอย่างไร
ขอสมัครทุนการศึกษา
ขั้นตอนการลาออกคืออะไร
ลาออกจากมหาลัยต้องทำยังไง
ลาออกต้องยื่นเอกสารอะไร
อยากลาออกจากคณะ
ขั้นตอนลาออกคืออะไร
คณะเปิดสอนกี่สาขา
คณะอะไรที่น่าสนใจ
คณะนี้เรียนกี่ปี
คณะมีหลักสูตรอินเตอร์ไหม
อยากรู้ข้อมูลคณะ
คณะมีที่ตั้งตรงไหน
คณะนี้มีชื่อเสียงด้านไหน
คณะเปิดรับกี่คน
คณะนี้เหมาะกับใคร
ช่วยแก้ปัญหาให้หน่อย
แก้ไขข้อมูลไม่ได้
ต้องการแก้เอกสาร
แก้ยังไงดี
แก้ไขผลการเรียน
ต้องการแก้ไขคำตอบ
แก้ชื่อผิด
แก้ข้อมูลนักศึกษา
แก้ไขระบบล้มเหลว
ช่วยลงทะเบียนให้หน่อย
ลงทะเบียนวิชายังไง
ขั้นตอนการลงทะเบียนคืออะไร
อยากสมัครเรียนวิชานี้
ลงทะเบียนผ่านเว็บได้ไหม
มีปัญหาการลงทะเบียน
ขอลงทะเบียนเพิ่ม
ลงทะเบียนที่ไหน
วิธีลงทะเบียนทำอย่างไร
ทำไมลงทะเบียนไม่ทัน
ถ้าลงทะเบียนไม่ทันทำยังไง
ลงทะเบียนไม่ทันต้องแก้ปัญหายังไง
มีสิทธิ์ลงเพิ่มไหม
ทำเรื่องชี้แจงได้ไหม
ลงไม่ทันต้องยื่นเอกสารหรือเปล่า
ใครช่วยเรื่องลงทะเบียนไม่ทัน
ถ้าพลาดการลงทะเบียนจะเสียสิทธิ์ไหม
ลงทะเบียนไม่ทันติดต่อใคร
แก้ปัญหาลงทะเบียนไม่ทันยังไง
อยากถอนวิชาออก
ยื่นเรื่องถอนวิชาได้ที่ไหน
ถอนวิชาที่ไม่อยากเรียน
ทำไมถอนวิชาไม่ได้
อยากเปลี่ยนวิชาเรียน
เกรดจะประกาศตอนไหน
เช็คเกรดได้เมื่อไหร่
ประกาศผลการเรียนวันไหน
อยากทราบวันประกาศเกรด
ผลสอบจะออกวันไหน
อยากรู้ว่าดูเกรดได้เมื่อไร
เช็คผลสอบได้วันไหน
ขอลิงก์เว็บไซต์หน่อย
เว็บมหาลัยคืออะไร
เว็บสมัครเรียนอยู่ไหน
เว็บเช็คเกรดคืออะไร
เข้าเว็บไม่ได้ทำยังไง
เว็บระบบลงทะเบียน
เว็บไซต์ทางการคืออะไร
เว็บมีอะไรบ้าง
ขอ URL มหาลัย
อยากถามข้อมูลทั่วไป
มีอะไรแนะนำบ้าง
สอบถามเรื่องมหาลัย
คำถามเกี่ยวกับการเรียน
อยากรู้ข้อมูลทั่วไป
สอบถามทั่วไปได้ไหม
มีคำถามทั่วไป
อยากถามข้อมูลเพิ่ม
ถามได้ไหม
อยากสอบถามข้อมูล
เอกสารยื่นกยศมีอะไรบ้าง
ห้องกยศอยู่ตรงไหน
ห้องกยศอยู่ชั้นไหน
ไปห้องกยศยังไง
ทางไปห้องกยศ
ห้องกยศอยู่ตึกไหน
แผนที่ไปห้องกยศ
ไปห้องกยศเดินทางยังไง
ห้องกยศอยู่ใกล้ตึกไหน
กำหนดเวลาลงทะเบียน
ถอนรายวิชาที่ไม่เรียน
เพิ่มถอนรายวิชาล่าช้าได้ไหม
โอนเงินค่าเทอมยังไง
อยากรู้ข้อมูลสาขา
สาขาไหนน่าสนใจ
สาขาอื่นๆ
สาขาอื่น
เบอร์โทรศัพท์คณะ
ลงทะเบียนช้าต้องทำอะไรบ้าง
หวัดดี
มีใครอยู่ไหม
หวัดดีฮ่ะ
เฮ้
ทักครับ
ขอบใจจ้า
ขอบพระคุณ
บอกชื่อหน่อย
มีชื่อไหม
ชื่อคุณคือ
ลาก่อน
คุณโอเคไหม
ช่วงนี้เป็นไง
เป็นไงครับ
ช่วงนี้โอเคไหม
คุณคือหุ่นยนต์หรือเปล่า
คุณเป็นหุ่นยนต์ใช่ไหม
นี่คือหุ่นยนต์หรือเปล่า
นายคือหรือป่าว
บอกความสามารถหน่อย
คุณทำงานยังไง
คุณทำอะไรเป็น
คุณช่วยฉันได้ไหม
คุณตอบคำถามได้ไหม
คุณทำงานแบบไหน
เล่าเกี่ยวกับคุณสิ
คุณมีความสามารถพิเศษไหม
บอกสิว่าทำอะไรได้
คุณมีความรู้ด้านไหน
คุณทำหน้าที่อะไร
ทำอะไรได้
แดดร้อนแรงมาก
หิวแล้ว
อยากทานข้าว
อยากกินอาหาร
มีอะไรให้กินไหม
ตอนนี้หิว
อยากกินซุปอุ่นๆ
อยากทานของร้อนๆ
ทดสอบเสียง
เทส
เทสเทสเทส
เทสต์
ขอลองทดสอบ
ทดสอบอีกครั้ง
เทสเทส
ลองใช้งาน
ทดสอบการตอบ
คุยด้วยได้ไหม
อยากคุยด้วย
เหงามากเลย
ไม่มีใครคุยด้วย
เหงาอยู่คนเดียว
คุณมีแฟนไหม
มีแฟนไหม
คุณมีแฟนรึเปล่า
คุณโสดไหม
คุณมีคนรักหรือยัง
คุณมีแฟนหรือเปล่า
คุณกำลังคบใครอยู่
รู้จักฉันไหม
คุณรู้จักตัวฉันไหม
รู้ไหมใครเอ่ย
วันนี้เป็นยังไง
เป็นไงบ้าง
วันนี้เป็นไงครับ
วันนี้เป็นไงค่ะ
วันนี้โอเคไหม
วันนี้ดีไหม
วันนี้คุณโอเคไหม
วันนี่รู้สึกยังไง
บอกอายุหน่อย
อยากทราบอายุ
อายุคุณเท่าไร
คุณเกิดปีไหน
ตอนนี้อายุเท่าไร
คุณอายุกี่ปี
จ่ายค่าเทอม
ค่าเทอมต้องจ่ายตอนไหน
จะจ่ายค่าเทอมที่ไหนอ่ะ
ติดต่อ กอ ยอ สอ ที่ไหน
ขอช่องทางติดต่อ กอ ยอ สอ 
ติดต่อ กอ ยอ สอ ยังไง
ติดต่อ กอ ยอ สอ 
วิธีติดต่อ กอ ยอ สอ
ติดต่อ กอ ยอ สอ ต้องทำอย่างไร
อยากติดต่อ กอ ยอ สอ
ตึกวิทยาศาสตร์อยู่ตรงไหน
ช่วยบอกทางตึกวิทยาศาสตร์
หาตึกวิทยาศาสตร์ได้ยังไง
ตึกวิทยาศาสตร์อยู่ที่ไหน
สาขาเครื่องกลเรียนอะไร
วิชาเครื่องกลเรียนอะไร
เครื่องกลคืออะไร
กิจกรรมวันนี้คืออะไร
กิจกรรมที่น่าสนใจคืออะไร
อยากร่วมกิจกรรม
ห้องธุรการอยู่ตึกไหน
ไปห้องธุรการทางไหน
จะไปติดต่อธุรการ
อยากไปห้องธุรการ
งานเชื่อมเรียนอะไร
เชื่อมเหล็กยากไหม
สาขานี้ทำอะไรได้บ้าง
เรียนเชื่อมทำงานอะไร
งานเชื่อมเรียนกี่ปี
เรียนเชื่อมอยู่ตึกไหน
งานเชื่อมคืออะไร
วิศวกรรมอุตสาหการเรียนอะไร
สาขาอุตสาหการคืออะไร
อุตสาหการทำงานอะไร
เรียนอุตสาหการยากไหม
คณะอุตสาหการอยู่ตึกไหน
อุตสาหการทำอะไรได้
เรียนอุตสาหการทำงานที่ไหน
อุตสาหการคืออะไร
อุตสาหการมีวิชาอะไร
วิศวกรรมอิเล็กทรอนิกส์คืออะไร
เรียนอิเล็กทรอนิกส์ทำอะไร
อิเล็กทรอนิกส์อยู่ตึกไหน
สาขานี้ยากไหม
อิเล็กทรอนิกส์ทำงานอะไร
เรียนอิเล็กทรอนิกส์ที่ไหน
อิเล็กทรอนิกส์เรียนกี่ปี
อิเล็กทรอนิกส์คือสาขาอะไร
อิเล็กทรอนิกส์น่าสนใจไหม
สาขาแม่พิมพ์คืออะไร
แม่พิมพ์เรียนอะไร
เรียนแม่พิมพ์อยู่ตึกไหน
แม่พิมพ์ทำงานอะไร
เรียนแม่พิมพ์ยากไหม
คณะนี้เรียนกี่ปี
แม่พิมพ์คือสาขาอะไร
สาขาแม่พิมพ์เรียนอะไรบ้าง
วิศวกรรมแม่พิมพ์คืออะไร
สาขานี้เรียนอะไร
สาขานี้น่าสนใจไหม
เรียนเมคคาทรอนิกส์ทำอะไร
สาขาไฟฟ้าเรียนอะไร
ไฟฟ้าคืออะไร
เรียนไฟฟ้ายากไหม
ไฟฟ้าทำงานอะไร
คณะไฟฟ้าอยู่ที่ไหน
เรียนไฟฟ้ากี่ปี
สาขาไฟฟ้าทำอะไรได้บ้าง
ไฟฟ้าคือสาขาอะไร
ไฟฟ้ามีวิชาอะไร
เรียนไฟฟ้าที่ไหน
สนามฟุตบอลอยู่ไหน
สนามฟุตบอลอยู่ตึกไหน
สนามบอลเล่นได้ไหม
สนามฟุตบอลอยู่ที่ใด
สนามฟุตบอลคืออะไร
สนามบอลอยู่ตรงไหน
สนามบาสปิดกี่โมง
สนามบาสอยู่ตึกอะไร
สนามบาสคืออะไร
อยากเล่นบาส
สนามบาสมีที่ไหน
อาคาร36 คืออะไร
อาคาร36 อยู่ตึกอะไร
อาคาร36 อยู่ตรงไหน
อาคาร36 มีอะไรบ้าง
อาคาร36 ใช่ตึกเรียนไหม
ร้านอาหารอยู่ที่ไหน
ร้านอาหารปิดกี่โมง
ร้านอาหารอยู่ตึกไหน
ร้านอาหารตรงไหน
ร้านอาหารคืออะไร
เวลาเปิดคือกี่โมง
เปิดมหาลัยตอนไหน
เวลาเริ่มเปิด
มหาลัยเริ่มเปิดเมื่อไหร่
เวลาปิดคือกี่โมง
มหาลัยปิดเมื่อไหร่
เวลาเลิกคือกี่โมง
มหาลัยเลิกกี่โมง
เวลาปิดคือเมื่อไร
ขอทุนได้ยังไง
ทุนกยศใช้ได้ไหม
ทุนเรียนดีคืออะไร
ทุนการศึกษาทำอย่างไร
ขอสมัครทุนการศึกษา
ขั้นตอนการลาออกคืออะไร
ลาออกจากมหาลัยต้องทำยังไง
ลาออกต้องยื่นเอกสารอะไร
อยากลาออกจากคณะ
ขั้นตอนลาออกคืออะไร
คณะเปิดสอนกี่สาขา
คณะอะไรที่น่าสนใจ
คณะนี้เรียนกี่ปี
คณะมีหลักสูตรอินเตอร์ไหม
อยากรู้ข้อมูลคณะ
คณะมีที่ตั้งตรงไหน
คณะนี้มีชื่อเสียงด้านไหน
คณะเปิดรับกี่คน
คณะนี้เหมาะกับใคร
ช่วยแก้ปัญหาให้หน่อย
แก้ไขข้อมูลไม่ได้
ต้องการแก้เอกสาร
แก้ยังไงดี
แก้ไขผลการเรียน
ต้องการแก้ไขคำตอบ
แก้ชื่อผิด
แก้ข้อมูลนักศึกษา
แก้ไขระบบล้มเหลว
ช่วยลงทะเบียนให้หน่อย
ลงทะเบียนวิชายังไง
ขั้นตอนการลงทะเบียนคืออะไร
อยากสมัครเรียนวิชานี้
ลงทะเบียนผ่านเว็บได้ไหม
มีปัญหาการลงทะเบียน
ขอลงทะเบียนเพิ่ม
ลงทะเบียนที่ไหน
วิธีลงทะเบียนทำอย่างไร
ทำไมลงทะเบียนไม่ทัน
ถ้าลงทะเบียนไม่ทันทำยังไง
ลงทะเบียนไม่ทันต้องแก้ปัญหายังไง
มีสิทธิ์ลงเพิ่มไหม
ทำเรื่องชี้แจงได้ไหม
ลงไม่ทันต้องยื่นเอกสารหรือเปล่า
ใครช่วยเรื่องลงทะเบียนไม่ทัน
ถ้าพลาดการลงทะเบียนจะเสียสิทธิ์ไหม
ลงทะเบียนไม่ทันติดต่อใคร
แก้ปัญหาลงทะเบียนไม่ทันยังไง
อยากถอนวิชาออก
ยื่นเรื่องถอนวิชาได้ที่ไหน
ถอนวิชาที่ไม่อยากเรียน
ห้องกยศอยู่ตรงไหน
ห้องกยศอยู่ชั้นไหน
ไปห้องกยศยังไง
ทางไปห้องกยศ
ห้องกยศอยู่ตึกไหน
แผนที่ไปห้องกยศ
ไปห้องกยศเดินทางยังไง
ห้องกยศอยู่ใกล้ตึกไหน
กำหนดเวลาลงทะเบียน
ถอนรายวิชาที่ไม่เรียน
เพิ่มถอนรายวิชาล่าช้าได้ไหม
โอนเงินค่าเทอมยังไง
อยากรู้ข้อมูลสาขา
สาขาไหนน่าสนใจ
สาขาอื่นๆ
สาขาอื่น
เบอร์โทรศัพท์คณะ
ลงทะเบียนช้าต้องทำอะไรบ้าง
หวัดดี
มีใครอยู่ไหม
หวัดดีฮ่ะ
เฮ้
ทักครับ
ขอบใจจ้า
ขอบพระคุณ
บอกชื่อหน่อย
มีชื่อไหม
ชื่อคุณคือ
ลาก่อน
คุณโอเคไหม
ช่วงนี้เป็นไง
เป็นไงครับ
ช่วงนี้โอเคไหม
คุณคือหุ่นยนต์หรือเปล่า
คุณเป็นหุ่นยนต์ใช่ไหม
นี่คือหุ่นยนต์หรือเปล่า
นายคือหรือป่าว
บอกความสามารถหน่อย
คุณทำงานยังไง
คุณทำอะไรเป็น
คุณช่วยฉันได้ไหม
คุณตอบคำถามได้ไหม
คุณทำงานแบบไหน
เล่าเกี่ยวกับคุณสิ
คุณมีความสามารถพิเศษไหม
บอกสิว่าทำอะไรได้
คุณมีความรู้ด้านไหน
คุณทำหน้าที่อะไร
ทำอะไรได้
แดดร้อนแรงมาก
หิวแล้ว
อยากทานข้าว
อยากกินอาหาร
มีอะไรให้กินไหม
ตอนนี้หิว
อยากกินซุปอุ่นๆ
อยากทานของร้อนๆ
ทดสอบเสียง
เทส
เทสเทสเทส
เทสต์
ขอลองทดสอบ
ทดสอบอีกครั้ง
เทสเทส
ลองใช้งาน
ทดสอบการตอบ
คุยด้วยได้ไหม
อยากคุยด้วย
เหงามากเลย
ไม่มีใครคุยด้วย
เหงาอยู่คนเดียว
คุณมีแฟนไหม
มีแฟนไหม
คุณมีแฟนรึเปล่า
คุณโสดไหม
คุณมีคนรักหรือยัง
คุณมีแฟนหรือเปล่า
คุณกำลังคบใครอยู่
รู้จักฉันไหม
คุณรู้จักตัวฉันไหม
รู้ไหมใครเอ่ย
วันนี้เป็นยังไง
เป็นไงบ้าง
วันนี้เป็นไงครับ
วันนี้เป็นไงค่ะ
วันนี้โอเคไหม
วันนี้ดีไหม
วันนี้คุณโอเคไหม
วันนี่รู้สึกยังไง
บอกอายุหน่อย
อยากทราบอายุ
อายุคุณเท่าไร
คุณเกิดปีไหน
ตอนนี้อายุเท่าไร
คุณอายุกี่ปี
จ่ายค่าเทอม
ค่าเทอมต้องจ่ายตอนไหน
จะจ่ายค่าเทอมที่ไหนอ่ะ
ติดต่อ กอ ยอ สอ ที่ไหน
ขอช่องทางติดต่อ กอ ยอ สอ 
ติดต่อ กอ ยอ สอ ยังไง
ติดต่อ กอ ยอ สอ 
วิธีติดต่อ กอ ยอ สอ
ติดต่อ กอ ยอ สอ ต้องทำอย่างไร
อยากติดต่อ กอ ยอ สอ
ตึกวิทยาศาสตร์อยู่ตรงไหน
ช่วยบอกทางตึกวิทยาศาสตร์
หาตึกวิทยาศาสตร์ได้ยังไง
ตึกวิทยาศาสตร์อยู่ที่ไหน
สาขาเครื่องกลเรียนอะไร
วิชาเครื่องกลเรียนอะไร
เครื่องกลคืออะไร
กิจกรรมวันนี้คืออะไร
กิจกรรมที่น่าสนใจคืออะไร
อยากร่วมกิจกรรม
ห้องธุรการอยู่ตึกไหน
ไปห้องธุรการทางไหน
จะไปติดต่อธุรการ
อยากไปห้องธุรการ
งานเชื่อมเรียนอะไร
เชื่อมเหล็กยากไหม
สาขานี้ทำอะไรได้บ้าง
เรียนเชื่อมทำงานอะไร
งานเชื่อมเรียนกี่ปี
เรียนเชื่อมอยู่ตึกไหน
งานเชื่อมคืออะไร
วิศวกรรมอุตสาหการเรียนอะไร
สาขาอุตสาหการคืออะไร
อุตสาหการทำงานอะไร
เรียนอุตสาหการยากไหม
คณะอุตสาหการอยู่ตึกไหน
อุตสาหการทำอะไรได้
เรียนอุตสาหการทำงานที่ไหน
อุตสาหการคืออะไร
อุตสาหการมีวิชาอะไร
วิศวกรรมอิเล็กทรอนิกส์คืออะไร
เรียนอิเล็กทรอนิกส์ทำอะไร
อิเล็กทรอนิกส์อยู่ตึกไหน
สาขานี้ยากไหม
อิเล็กทรอนิกส์ทำงานอะไร
เรียนอิเล็กทรอนิกส์ที่ไหน
อิเล็กทรอนิกส์เรียนกี่ปี
อิเล็กทรอนิกส์คือสาขาอะไร
อิเล็กทรอนิกส์น่าสนใจไหม
สาขาแม่พิมพ์คืออะไร
แม่พิมพ์เรียนอะไร
เรียนแม่พิมพ์อยู่ตึกไหน
แม่พิมพ์ทำงานอะไร
เรียนแม่พิมพ์ยากไหม
คณะนี้เรียนกี่ปี
แม่พิมพ์คือสาขาอะไร
สาขาแม่พิมพ์เรียนอะไรบ้าง
วิศวกรรมแม่พิมพ์คืออะไร
สาขานี้เรียนอะไร
สาขานี้น่าสนใจไหม
เรียนเมคคาทรอนิกส์ทำอะไร
สาขาไฟฟ้าเรียนอะไร
ไฟฟ้าคืออะไร
เรียนไฟฟ้ายากไหม
ไฟฟ้าทำงานอะไร
คณะไฟฟ้าอยู่ที่ไหน
เรียนไฟฟ้ากี่ปี
สาขาไฟฟ้าทำอะไรได้บ้าง
ไฟฟ้าคือสาขาอะไร
ไฟฟ้ามีวิชาอะไร
เรียนไฟฟ้าที่ไหน
สนามฟุตบอลอยู่ไหน
สนามฟุตบอลอยู่ตึกไหน
สนามบอลเล่นได้ไหม
สนามฟุตบอลอยู่ที่ใด
สนามฟุตบอลคืออะไร
สนามบอลอยู่ตรงไหน
สนามบาสปิดกี่โมง
สนามบาสอยู่ตึกอะไร
สนามบาสคืออะไร
อยากเล่นบาส
สนามบาสมีที่ไหน
อาคาร36 คืออะไร
อาคาร36 อยู่ตึกอะไร
อาคาร36 อยู่ตรงไหน
อาคาร36 มีอะไรบ้าง
อาคาร36 ใช่ตึกเรียนไหม
ร้านอาหารอยู่ที่ไหน
ร้านอาหารปิดกี่โมง
ร้านอาหารอยู่ตึกไหน
ร้านอาหารตรงไหน
ร้านอาหารคืออะไร
เวลาเปิดคือกี่โมง
เปิดมหาลัยตอนไหน
เวลาเริ่มเปิด
มหาลัยเริ่มเปิดเมื่อไหร่
เวลาปิดคือกี่โมง
มหาลัยปิดเมื่อไหร่
เวลาเลิกคือกี่โมง
มหาลัยเลิกกี่โมง
เวลาปิดคือเมื่อไร
ขอทุนได้ยังไง
ทุนกยศใช้ได้ไหม
ทุนเรียนดีคืออะไร
ทุนการศึกษาทำอย่างไร
ขอสมัครทุนการศึกษา
ขั้นตอนการลาออกคืออะไร
ลาออกจากมหาลัยต้องทำยังไง
ลาออกต้องยื่นเอกสารอะไร
อยากลาออกจากคณะ
ขั้นตอนลาออกคืออะไร
คณะเปิดสอนกี่สาขา
คณะอะไรที่น่าสนใจ
คณะนี้เรียนกี่ปี
คณะมีหลักสูตรอินเตอร์ไหม
อยากรู้ข้อมูลคณะ
คณะมีที่ตั้งตรงไหน
คณะนี้มีชื่อเสียงด้านไหน
คณะเปิดรับกี่คน
คณะนี้เหมาะกับใคร
ช่วยแก้ปัญหาให้หน่อย
แก้ไขข้อมูลไม่ได้
ต้องการแก้เอกสาร
แก้ยังไงดี
แก้ไขผลการเรียน
ต้องการแก้ไขคำตอบ
แก้ชื่อผิด
แก้ข้อมูลนักศึกษา
แก้ไขระบบล้มเหลว
ช่วยลงทะเบียนให้หน่อย
ลงทะเบียนวิชายังไง
ขั้นตอนการลงทะเบียนคืออะไร
อยากสมัครเรียนวิชานี้
ห้องกยศอยู่ตรงไหน
ห้องกยศอยู่ชั้นไหน
ไปห้องกยศยังไง
ทางไปห้องกยศ
ห้องกยศอยู่ตึกไหน
แผนที่ไปห้องกยศ
ไปห้องกยศเดินทางยังไง
ห้องกยศอยู่ใกล้ตึกไหน
กำหนดเวลาลงทะเบียน
ถอนรายวิชาที่ไม่เรียน
เพิ่มถอนรายวิชาล่าช้าได้ไหม
โอนเงินค่าเทอมยังไง
อยากรู้ข้อมูลสาขา
สาขาไหนน่าสนใจ
สาขาอื่นๆ
สาขาอื่น
เบอร์โทรศัพท์คณะ
ลงทะเบียนช้าต้องทำอะไรบ้าง
หวัดดี
มีใครอยู่ไหม
หวัดดีฮ่ะ
เฮ้
ทักครับ
ขอบใจจ้า
ขอบพระคุณ
บอกชื่อหน่อย
มีชื่อไหม
ชื่อคุณคือ
ลาก่อน
คุณโอเคไหม
ช่วงนี้เป็นไง
เป็นไงครับ
ช่วงนี้โอเคไหม
คุณคือหุ่นยนต์หรือเปล่า
คุณเป็นหุ่นยนต์ใช่ไหม
นี่คือหุ่นยนต์หรือเปล่า
นายคือหรือป่าว
บอกความสามารถหน่อย
คุณทำงานยังไง
คุณทำอะไรเป็น
คุณช่วยฉันได้ไหม
คุณตอบคำถามได้ไหม
คุณทำงานแบบไหน
เล่าเกี่ยวกับคุณสิ
คุณมีความสามารถพิเศษไหม
บอกสิว่าทำอะไรได้
คุณมีความรู้ด้านไหน
คุณทำหน้าที่อะไร
ทำอะไรได้
แดดร้อนแรงมาก
หิวแล้ว
อยากทานข้าว
อยากกินอาหาร
มีอะไรให้กินไหม
ตอนนี้หิว
อยากกินซุปอุ่นๆ
อยากทานของร้อนๆ
ทดสอบเสียง
เทส
เทสเทสเทส
เทสต์
ขอลองทดสอบ
ทดสอบอีกครั้ง
เทสเทส
ลองใช้งาน
ทดสอบการตอบ
คุยด้วยได้ไหม
อยากคุยด้วย
เหงามากเลย
ไม่มีใครคุยด้วย
เหงาอยู่คนเดียว
คุณมีแฟนไหม
มีแฟนไหม
คุณมีแฟนรึเปล่า
คุณโสดไหม
คุณมีคนรักหรือยัง
คุณมีแฟนหรือเปล่า
คุณกำลังคบใครอยู่
รู้จักฉันไหม
คุณรู้จักตัวฉันไหม
รู้ไหมใครเอ่ย
วันนี้เป็นยังไง
เป็นไงบ้าง
วันนี้เป็นไงครับ
วันนี้เป็นไงค่ะ
วันนี้โอเคไหม
วันนี้ดีไหม
วันนี้คุณโอเคไหม
วันนี่รู้สึกยังไง
บอกอายุหน่อย
อยากทราบอายุ
อายุคุณเท่าไร
คุณเกิดปีไหน
ตอนนี้อายุเท่าไร
คุณอายุกี่ปี
จ่ายค่าเทอม
ค่าเทอมต้องจ่ายตอนไหน
จะจ่ายค่าเทอมที่ไหนอ่ะ
ติดต่อ กอ ยอ สอ ที่ไหน
ขอช่องทางติดต่อ กอ ยอ สอ 
ติดต่อ กอ ยอ สอ ยังไง
ติดต่อ กอ ยอ สอ 
วิธีติดต่อ กอ ยอ สอ
ติดต่อ กอ ยอ สอ ต้องทำอย่างไร
อยากติดต่อ กอ ยอ สอ
ตึกวิทยาศาสตร์อยู่ตรงไหน
ช่วยบอกทางตึกวิทยาศาสตร์
หาตึกวิทยาศาสตร์ได้ยังไง
ตึกวิทยาศาสตร์อยู่ที่ไหน
สาขาเครื่องกลเรียนอะไร
วิชาเครื่องกลเรียนอะไร
เครื่องกลคืออะไร
กิจกรรมวันนี้คืออะไร
กิจกรรมที่น่าสนใจคืออะไร
อยากร่วมกิจกรรม
ห้องธุรการอยู่ตึกไหน
ไปห้องธุรการทางไหน
จะไปติดต่อธุรการ
อยากไปห้องธุรการ
งานเชื่อมเรียนอะไร
เชื่อมเหล็กยากไหม
สาขานี้ทำอะไรได้บ้าง
เรียนเชื่อมทำงานอะไร
งานเชื่อมเรียนกี่ปี
เรียนเชื่อมอยู่ตึกไหน
งานเชื่อมคืออะไร
วิศวกรรมอุตสาหการเรียนอะไร
สาขาอุตสาหการคืออะไร
อุตสาหการทำงานอะไร
เรียนอุตสาหการยากไหม
คณะอุตสาหการอยู่ตึกไหน
อุตสาหการทำอะไรได้
เรียนอุตสาหการทำงานที่ไหน
อุตสาหการคืออะไร
อุตสาหการมีวิชาอะไร
วิศวกรรมอิเล็กทรอนิกส์คืออะไร
เรียนอิเล็กทรอนิกส์ทำอะไร
อิเล็กทรอนิกส์อยู่ตึกไหน
สาขานี้ยากไหม
อิเล็กทรอนิกส์ทำงานอะไร
เรียนอิเล็กทรอนิกส์ที่ไหน
อิเล็กทรอนิกส์เรียนกี่ปี
อิเล็กทรอนิกส์คือสาขาอะไร
อิเล็กทรอนิกส์น่าสนใจไหม
สาขาแม่พิมพ์คืออะไร
แม่พิมพ์เรียนอะไร
เรียนแม่พิมพ์อยู่ตึกไหน
แม่พิมพ์ทำงานอะไร
เรียนแม่พิมพ์ยากไหม
คณะนี้เรียนกี่ปี
แม่พิมพ์คือสาขาอะไร
สาขาแม่พิมพ์เรียนอะไรบ้าง
วิศวกรรมแม่พิมพ์คืออะไร
สาขานี้เรียนอะไร
สาขานี้น่าสนใจไหม
เรียนเมคคาทรอนิกส์ทำอะไร
สาขาไฟฟ้าเรียนอะไร
ไฟฟ้าคืออะไร
เรียนไฟฟ้ายากไหม
ไฟฟ้าทำงานอะไร
คณะไฟฟ้าอยู่ที่ไหน
เรียนไฟฟ้ากี่ปี
สาขาไฟฟ้าทำอะไรได้บ้าง
ไฟฟ้าคือสาขาอะไร
ไฟฟ้ามีวิชาอะไร
เรียนไฟฟ้าที่ไหน
สนามฟุตบอลอยู่ไหน
สนามฟุตบอลอยู่ตึกไหน
สนามบอลเล่นได้ไหม
สนามฟุตบอลอยู่ที่ใด
สนามฟุตบอลคืออะไร
สนามบอลอยู่ตรงไหน
สนามบาสปิดกี่โมง
สนามบาสอยู่ตึกอะไร
สนามบาสคืออะไร
อยากเล่นบาส
สนามบาสมีที่ไหน
อาคาร36 คืออะไร
อาคาร36 อยู่ตึกอะไร
อาคาร36 อยู่ตรงไหน
อาคาร36 มีอะไรบ้าง
อาคาร36 ใช่ตึกเรียนไหม
ร้านอาหารอยู่ที่ไหน
ร้านอาหารปิดกี่โมง
ร้านอาหารอยู่ตึกไหน
ร้านอาหารตรงไหน
ร้านอาหารคืออะไร
เวลาเปิดคือกี่โมง
เปิดมหาลัยตอนไหน
เวลาเริ่มเปิด
มหาลัยเริ่มเปิดเมื่อไหร่
เวลาปิดคือกี่โมง
มหาลัยปิดเมื่อไหร่
เวลาเลิกคือกี่โมง
มหาลัยเลิกกี่โมง
เวลาปิดคือเมื่อไร
ขอทุนได้ยังไง
ทุนกยศใช้ได้ไหม
ทุนเรียนดีคืออะไร
ทุนการศึกษาทำอย่างไร
ขอสมัครทุนการศึกษา
ช่วยแก้ปัญหาให้หน่อย
แก้ไขข้อมูลไม่ได้
ต้องการแก้เอกสาร
แก้ยังไงดี
แก้ไขผลการเรียน
ต้องการแก้ไขคำตอบ
แก้ชื่อผิด
แก้ข้อมูลนักศึกษา
แก้ไขระบบล้มเหลว
ช่วยลงทะเบียนให้หน่อย
ลงทะเบียนวิชายังไง
ขั้นตอนการลงทะเบียนคืออะไร
อยากสมัครเรียนวิชานี้
ห้องกยศอยู่ตรงไหน
ห้องกยศอยู่ชั้นไหน
ไปห้องกยศยังไง
ทางไปห้องกยศ
ห้องกยศอยู่ตึกไหน
แผนที่ไปห้องกยศ
ไปห้องกยศเดินทางยังไง
ห้องกยศอยู่ใกล้ตึกไหน
กำหนดเวลาลงทะเบียน
ถอนรายวิชาที่ไม่เรียน
เพิ่มถอนรายวิชาล่าช้าได้ไหม
โอนเงินค่าเทอมยังไง
อยากรู้ข้อมูลสาขา
สาขาไหนน่าสนใจ
สาขาอื่นๆ
สาขาอื่น
เบอร์โทรศัพท์คณะ
ลงทะเบียนช้าต้องทำอะไรบ้าง
หวัดดี
มีใครอยู่ไหม
หวัดดีฮ่ะ
เฮ้
ทักครับ
ขอบใจจ้า
ขอบพระคุณ
บอกชื่อหน่อย
มีชื่อไหม
ชื่อคุณคือ
ลาก่อน
คุณโอเคไหม
ช่วงนี้เป็นไง
เป็นไงครับ
ช่วงนี้โอเคไหม
คุณคือหุ่นยนต์หรือเปล่า
คุณเป็นหุ่นยนต์ใช่ไหม
นี่คือหุ่นยนต์หรือเปล่า
นายคือหรือป่าว
บอกความสามารถหน่อย
คุณทำงานยังไง
คุณทำอะไรเป็น
คุณช่วยฉันได้ไหม
คุณตอบคำถามได้ไหม
คุณทำงานแบบไหน
เล่าเกี่ยวกับคุณสิ
คุณมีความสามารถพิเศษไหม
บอกสิว่าทำอะไรได้
คุณมีความรู้ด้านไหน
คุณทำหน้าที่อะไร
ทำอะไรได้
แดดร้อนแรงมาก
หิวแล้ว
อยากทานข้าว
อยากกินอาหาร
มีอะไรให้กินไหม
ตอนนี้หิว
อยากกินซุปอุ่นๆ
อยากทานของร้อนๆ
ทดสอบเสียง
เทส
เทสเทสเทส
เทสต์
ขอลองทดสอบ
ทดสอบอีกครั้ง
เทสเทส
ลองใช้งาน
ทดสอบการตอบ
คุยด้วยได้ไหม
อยากคุยด้วย
เหงามากเลย
ไม่มีใครคุยด้วย
เหงาอยู่คนเดียว
คุณมีแฟนไหม
มีแฟนไหม
คุณมีแฟนรึเปล่า
คุณโสดไหม
คุณมีคนรักหรือยัง
คุณมีแฟนหรือเปล่า
คุณกำลังคบใครอยู่
รู้จักฉันไหม
คุณรู้จักตัวฉันไหม
รู้ไหมใครเอ่ย
วันนี้เป็นยังไง
เป็นไงบ้าง
วันนี้เป็นไงครับ
วันนี้เป็นไงค่ะ
วันนี้โอเคไหม
วันนี้ดีไหม
วันนี้คุณโอเคไหม
วันนี่รู้สึกยังไง
บอกอายุหน่อย
อยากทราบอายุ
อายุคุณเท่าไร
คุณเกิดปีไหน
ตอนนี้อายุเท่าไร
คุณอายุกี่ปี
จ่ายค่าเทอม
ค่าเทอมต้องจ่ายตอนไหน
จะจ่ายค่าเทอมที่ไหนอ่ะ
ติดต่อ กอ ยอ สอ ที่ไหน
ขอช่องทางติดต่อ กอ ยอ สอ 
ติดต่อ กอ ยอ สอ ยังไง
ติดต่อ กอ ยอ สอ 
วิธีติดต่อ กอ ยอ สอ
ติดต่อ กอ ยอ สอ ต้องทำอย่างไร
อยากติดต่อ กอ ยอ สอ
ตึกวิทยาศาสตร์อยู่ตรงไหน
ช่วยบอกทางตึกวิทยาศาสตร์
หาตึกวิทยาศาสตร์ได้ยังไง
ตึกวิทยาศาสตร์อยู่ที่ไหน
สาขาเครื่องกลเรียนอะไร
วิชาเครื่องกลเรียนอะไร
เครื่องกลคืออะไร
กิจกรรมวันนี้คืออะไร
กิจกรรมที่น่าสนใจคืออะไร
อยากร่วมกิจกรรม
ห้องธุรการอยู่ตึกไหน
ไปห้องธุรการทางไหน
จะไปติดต่อธุรการ
อยากไปห้องธุรการ
งานเชื่อมเรียนอะไร
เชื่อมเหล็กยากไหม
สาขานี้ทำอะไรได้บ้าง
เรียนเชื่อมทำงานอะไร
งานเชื่อมเรียนกี่ปี
เรียนเชื่อมอยู่ตึกไหน
งานเชื่อมคืออะไร
วิศวกรรมอุตสาหการเรียนอะไร
สาขาอุตสาหการคืออะไร
อุตสาหการทำงานอะไร
เรียนอุตสาหการยากไหม
คณะอุตสาหการอยู่ตึกไหน
อุตสาหการทำอะไรได้
เรียนอุตสาหการทำงานที่ไหน
อุตสาหการคืออะไร
อุตสาหการมีวิชาอะไร
วิศวกรรมอิเล็กทรอนิกส์คืออะไร
เรียนอิเล็กทรอนิกส์ทำอะไร
อิเล็กทรอนิกส์อยู่ตึกไหน
สาขานี้ยากไหม
อิเล็กทรอนิกส์ทำงานอะไร
เรียนอิเล็กทรอนิกส์ที่ไหน
อิเล็กทรอนิกส์เรียนกี่ปี
อิเล็กทรอนิกส์คือสาขาอะไร
อิเล็กทรอนิกส์น่าสนใจไหม
สาขาแม่พิมพ์คืออะไร
แม่พิมพ์เรียนอะไร
เรียนแม่พิมพ์อยู่ตึกไหน
แม่พิมพ์ทำงานอะไร
เรียนแม่พิมพ์ยากไหม
คณะนี้เรียนกี่ปี
แม่พิมพ์คือสาขาอะไร
สาขาแม่พิมพ์เรียนอะไรบ้าง
วิศวกรรมแม่พิมพ์คืออะไร
สาขานี้เรียนอะไร
สาขานี้น่าสนใจไหม
เรียนเมคคาทรอนิกส์ทำอะไร
สาขาไฟฟ้าเรียนอะไร
ไฟฟ้าคืออะไร
เรียนไฟฟ้ายากไหม
ไฟฟ้าทำงานอะไร
คณะไฟฟ้าอยู่ที่ไหน
เรียนไฟฟ้ากี่ปี
สาขาไฟฟ้าทำอะไรได้บ้าง
ไฟฟ้าคือสาขาอะไร
ไฟฟ้ามีวิชาอะไร
เรียนไฟฟ้าที่ไหน
สนามฟุตบอลอยู่ไหน
สนามฟุตบอลอยู่ตึกไหน
สนามบอลเล่นได้ไหม
สนามฟุตบอลอยู่ที่ใด
สนามฟุตบอลคืออะไร
สนามบอลอยู่ตรงไหน
สนามบาสปิดกี่โมง
สนามบาสอยู่ตึกอะไร
สนามบาสคืออะไร
อยากเล่นบาส
สนามบาสมีที่ไหน
อาคาร36 คืออะไร
อาคาร36 อยู่ตึกอะไร
อาคาร36 อยู่ตรงไหน
อาคาร36 มีอะไรบ้าง
อาคาร36 ใช่ตึกเรียนไหม
ร้านอาหารอยู่ที่ไหน
ร้านอาหารปิดกี่โมง
ร้านอาหารอยู่ตึกไหน
ร้านอาหารตรงไหน
ร้านอาหารคืออะไร
เวลาเปิดคือกี่โมง
เปิดมหาลัยตอนไหน
เวลาเริ่มเปิด
มหาลัยเริ่มเปิดเมื่อไหร่
ช่วยแก้ปัญหาให้หน่อย
แก้ไขข้อมูลไม่ได้
ต้องการแก้เอกสาร
แก้ยังไงดี
แก้ไขผลการเรียน
ต้องการแก้ไขคำตอบ
แก้ชื่อผิด
แก้ข้อมูลนักศึกษา
แก้ไขระบบล้มเหลว
ช่วยลงทะเบียนให้หน่อย
ลงทะเบียนวิชายังไง
ขั้นตอนการลงทะเบียนคืออะไร
อยากสมัครเรียนวิชานี้
ห้องกยศอยู่ตรงไหน
ห้องกยศอยู่ชั้นไหน
ไปห้องกยศยังไง
ทางไปห้องกยศ
ห้องกยศอยู่ตึกไหน
แผนที่ไปห้องกยศ
ไปห้องกยศเดินทางยังไง
ห้องกยศอยู่ใกล้ตึกไหน
กำหนดเวลาลงทะเบียน
ถอนรายวิชาที่ไม่เรียน
เพิ่มถอนรายวิชาล่าช้าได้ไหม
โอนเงินค่าเทอมยังไง
อยากรู้ข้อมูลสาขา
สาขาไหนน่าสนใจ
สาขาอื่นๆ
สาขาอื่น
เบอร์โทรศัพท์คณะ
ลงทะเบียนช้าต้องทำอะไรบ้าง
ดีครับ
ดีค่ะ
หวัดดี
ว่าไง
เฮลโหล
เป็นไงบ้าง
ทักทาย
ขอบใจนะ
ขอบพระคุณครับ
ขอบพระคุณค่ะ
ซึ้งใจจริงๆ
แต๊งกิ้ว
แนะนำตัวหน่อย
มีชื่อไหม
ขอทราบชื่อหน่อย
ชื่อของคุณคืออะไร
เราจะเรียกคุณว่าอะไรดี
บอกชื่อมาสิ
ชื่ออะไรครับ/คะ
ไม่ทราบว่าชื่ออะไร
ลาก่อนครับ
บาย
โชคดี
แล้วคุยกัน
ลาเลยนะ
ช่วงนี้เป็นไงบ้าง
ช่วงนี้โอเคไหม
ชีวิตเป็นไง
ทุกอย่างโอเคไหม
สบายดีนะ
เธอคือหุ่นยนต์ประเภทไหน
คุณเป็นบอทใช่ไหม
เธอเป็นใคร
สถานะของคุณคืออะไร
คุณคือจักรกลใช่หรือไม่
ใช่คนจริง ๆ รึเปล่า
บอกความสามารถหน่อย
ช่วยอะไรฉันได้บ้าง
มีความสามารถอะไรพิเศษ
โชว์ความสามารถหน่อย
เก่งเรื่องอะไร
คุณสมบัติของคุณคืออะไร
ช่วยฉันเรื่องอะไรได้บ้าง
มีความสามารถอื่นอีกไหม
แล้วทำอะไรได้อีกบ้าง
มีอะไรอีกไหมที่ทำได้
ทำได้แค่นี้หรอ
มีฟังก์ชันอื่นอีกไหม
อย่างอื่นล่ะ ทำได้ไหม
มีอะไรจะนำเสนออีกไหม
ความสามารถเสริมคืออะไร
วันนี้แดดแรงมาก
มีโอกาสฝนตกกี่เปอร์เซ็นต์
เช็คสภาพอากาศให้หน่อย
วันนี้ต้องพกร่มไหม
มีเมฆฝนไหม
อยากเข้าห้องน้ำ
ที่นี่มีห้องน้ำไหม
ห้องสุขาไปทางไหน
จะไปเข้าห้องน้ำ
หิวแล้ว
หาอะไรกินหน่อย
อยากกินข้าว
ท้องร้องแล้ว
มีอะไรให้กินบ้าง
ไปหาอะไรกินกัน
อยากหาอะไรรองท้อง
หิวจนตาลาย
มีอะไรร้อนๆให้กินบ้าง
อยากซดอะไรร้อนๆ
มีอะไรที่กินแล้วอุ่นๆไหม
อากาศหนาวๆแบบนี้ควรกินอะไรดี
อยากได้เมนูต้มๆ
ทดสอบการทำงาน
เช็คระบบหน่อย
เทสระบบ
ลองระบบหน่อย
ยังทำงานอยู่ไหม
ได้ยินไหม
ตอบหน่อย
เช็ค 1 2 3
ยังอยู่ไหม
นี่คือการทดสอบ
เบื่อจัง
ไม่มีอะไรทำเลย
ว่างมาก
แก้เบื่อหน่อย
มีคนคุยไหม
โสดไหม
มีคนที่ชอบรึยัง
หัวใจว่างรึเปล่า
จีบได้ไหม
สถานะความสัมพันธ์คืออะไร
มีเจ้าของรึยัง
คบกับใครอยู่รึเปล่า
จำฉันได้ไหม
รู้ไหมว่าคุยกับใครอยู่
คุณรู้จักฉันดีแค่ไหน
วันนี้เป็นไง
วันนี้โอเคไหม
วันนี้เป็นวันแบบไหน
วันนี้รู้สึกยังไง
วันนี้มีอะไรพิเศษไหม
วันนี้เป็นวันที่ดีไหม
เล่าเรื่องวันนี้ให้ฟังหน่อย
วันนี้เจออะไรมาบ้าง
วันนี้เป็นอย่างไร
อายุกี่ขวบแล้ว
อายุเท่าไร
เกิดเมื่อไหร่
คุณมีอายุกี่ปี
บอกอายุหน่อยได้ไหม
เกิดปีอะไร
สร้างขึ้นมาเมื่อไหร่
เปิดตัวเมื่อไหร่
พัฒนามานานรึยัง
จ่ายค่าบำรุงการศึกษาที่ไหน
จ่ายค่าเทอมที่ไหนได้บ้าง
ช่องทางการชำระค่าเทอม
จะจ่ายค่าเทอมต้องไปตึกไหน
ติดต่อเรื่องค่าเทอมที่ไหน
ที่จ่ายค่าเทอมอยู่ตรงไหน
ติดต่อเรื่อง กยศ ได้ที่ไหน
อยากถามเรื่องกองทุนกู้ยืม
ตึก กยศ อยู่ไหน
จะไปติดต่อ กยศ
ห้อง กยศ ไปทางไหน
ฝ่าย กยศ อยู่ที่ไหน
สอบถามเรื่อง กยศ
กองทุนกู้ยืมเพื่อการศึกษาอยู่ที่ไหน
จะไปตึกวิทย์
ตึกวิทย์ไปทางไหน
ตึกวิทยาศาสตร์อยู่ตรงไหน
อยากไปตึกวิทย์
อาคารวิทยาศาสตร์ไปทางไหน
ช่วยบอกทางไปตึกวิทย์หน่อย
จะไปคณะวิทยาศาสตร์
ตึก science ไปทางไหน
ตึกเรียนวิทยาศาสตร์
ตึกวิศวกรรมเครื่องกลอยู่ไหน
อาคารเครื่องกลไปทางไหน
ตึก ME ไปทางไหน
ตึกหล่อโลหะอยู่ไหน
อาคารหล่อโลหะไปทางไหน
จะไปภาควิชาหล่อโลหะ
ตึก casting ไปทางไหน
มีงานอะไรน่าสนใจบ้างไหม
ดูกิจกรรมต่างๆได้ที่ไหน
อยากหากิจกรรมทำ
มีอีเว้นท์อะไรในมอไหม
มีกิจกรรมรับน้องไหม
อยากเข้าร่วมกิจกรรม
มีงานประกวดอะไรบ้าง
ห้องธุรการไปทางไหน
ติดต่อธุรการที่ไหน
จะไปห้องธุรการ
ห้องธุรการอยู่ตึกไหน
ฝ่ายธุรการอยู่ไหน
จะไปติดต่อเอกสารที่ธุรการ
อยากไปห้องธุรการ
ชี้ทางไปห้องธุรการหน่อย
ห้องสำนักงานอยู่ไหน
จะไปทำเรื่องที่ห้องธุรการ
ตึกเชื่อมไปทางไหน
ตึกเชื่อมอยู่ไหน
อาคารงานเชื่อมไปทางไหน
อยากไปตึกเชื่อม
ชี้ทางไปตึกเชื่อมหน่อย
จะไปภาควิชางานเชื่อม
ตึก welding ไปทางไหน
ตึกอุตสาหการไปทางไหน
ทางไปตึกอุตสาหการ
ตึกอุตสาหการอยู่ไหน
อยากไปตึกอุตสาหการ
ชี้ทางไปตึกอุตสาหการหน่อย
จะไปภาควิชาอุตสาหการ
ตึก IE ไปทางไหน
ตึกเรียนอุตสาหการ
ทางไปตึกอิเล็ก
ตึกอิเล็กทรอนิกส์อยู่ไหน
อาคารอิเล็กทรอนิกส์ไปทางไหน
อยากไปตึกอิเล็ก
ชี้ทางไปตึกอิเล็กหน่อย
จะไปภาควิชาอิเล็กทรอนิกส์
ตึก EEE ไปทางไหน
ตึกเรียนอิเล็กทรอนิกส์
ตึกแม่พิมพ์ไปทางไหน
ตึกแม่พิมพ์อยู่ไหน
อาคารแม่พิมพ์ไปทางไหน
ชี้ทางไปตึกแม่พิมพ์หน่อย
จะไปภาควิชาแม่พิมพ์
ตึก die and molding ไปทางไหน
ตึกเรียนแม่พิมพ์
ตึก mechatronics ไปทางไหน
ตึกไฟฟ้าไปทางไหน
ทางไปตึกไฟฟ้า
ตึกไฟฟ้าอยู่ไหน
อยากไปตึกไฟฟ้า
ชี้ทางไปตึกไฟฟ้าหน่อย
จะไปภาควิชาไฟฟ้า
ตึก EE ไปทางไหน
ตึกเรียนไฟฟ้า
ทางไปสนามบอล
สนามฟุตบอลอยู่ไหน
อยากไปสนามบอล
ชี้ทางไปสนามบอลหน่อย
จะไปเตะบอล
สนามหญ้าเทียมไปทางไหน
ทางไปสนามกีฬา
สนามบาสเกตบอลอยู่ไหน
อยากไปเล่นบาส
โรงยิมบาสเกตบอลไปทางไหน
จะไปชู้ตบาส
สนามบาสเกตบอล
ตึก 36 อยู่ไหน
อาคารเรียน 36
ตึกเรียน 36
อาคาร 36 อยู่ตรงไหน
แถวนี้มีร้านข้าวมั้ย
อยากกินข้าวแถวนี้
แนะนำร้าน
ดีครับ
ดีค่ะ
หวัดดี
ว่าไง
เฮลโหล
เป็นไงบ้าง
ทักทาย
ขอบใจนะ
ขอบพระคุณครับ
ขอบพระคุณค่ะ
ซึ้งใจจริงๆ
แต๊งกิ้ว
แนะนำตัวหน่อย
มีชื่อไหม
ขอทราบชื่อหน่อย
ชื่อของคุณคืออะไร
เราจะเรียกคุณว่าอะไรดี
บอกชื่อมาสิ
ชื่ออะไรครับ/คะ
ไม่ทราบว่าชื่ออะไร
ลาก่อนครับ
บาย
โชคดี
แล้วคุยกัน
ลาเลยนะ
ช่วงนี้เป็นไงบ้าง
ช่วงนี้โอเคไหม
ชีวิตเป็นไง
ทุกอย่างโอเคไหม
สบายดีนะ
เธอคือหุ่นยนต์ประเภทไหน
คุณเป็นบอทใช่ไหม
เธอเป็นใคร
สถานะของคุณคืออะไร
คุณคือจักรกลใช่หรือไม่
ใช่คนจริง ๆ รึเปล่า
บอกความสามารถหน่อย
ช่วยอะไรฉันได้บ้าง
มีความสามารถอะไรพิเศษ
โชว์ความสามารถหน่อย
เก่งเรื่องอะไร
คุณสมบัติของคุณคืออะไร
ช่วยฉันเรื่องอะไรได้บ้าง
มีความสามารถอื่นอีกไหม
แล้วทำอะไรได้อีกบ้าง
มีอะไรอีกไหมที่ทำได้
ทำได้แค่นี้หรอ
มีฟังก์ชันอื่นอีกไหม
อย่างอื่นล่ะ ทำได้ไหม
มีอะไรจะนำเสนออีกไหม
ความสามารถเสริมคืออะไร
วันนี้แดดแรงมาก
มีโอกาสฝนตกกี่เปอร์เซ็นต์
เช็คสภาพอากาศให้หน่อย
วันนี้ต้องพกร่มไหม
มีเมฆฝนไหม
อยากเข้าห้องน้ำ
ที่นี่มีห้องน้ำไหม
ห้องสุขาไปทางไหน
จะไปเข้าห้องน้ำ
หิวแล้ว
หาอะไรกินหน่อย
อยากกินข้าว
ท้องร้องแล้ว
มีอะไรให้กินบ้าง
ไปหาอะไรกินกัน
อยากหาอะไรรองท้อง
หิวจนตาลาย
มีอะไรร้อนๆให้กินบ้าง
อยากซดอะไรร้อนๆ
มีอะไรที่กินแล้วอุ่นๆไหม
อากาศหนาวๆแบบนี้ควรกินอะไรดี
อยากได้เมนูต้มๆ
ทดสอบการทำงาน
เช็คระบบหน่อย
เทสระบบ
ลองระบบหน่อย
ยังทำงานอยู่ไหม
ได้ยินไหม
ตอบหน่อย
เช็ค 1 2 3
ยังอยู่ไหม
นี่คือการทดสอบ
เบื่อจัง
ไม่มีอะไรทำเลย
ว่างมาก
แก้เบื่อหน่อย
มีคนคุยไหม
โสดไหม
มีคนที่ชอบรึยัง
หัวใจว่างรึเปล่า
จีบได้ไหม
สถานะความสัมพันธ์คืออะไร
มีเจ้าของรึยัง
คบกับใครอยู่รึเปล่า
จำฉันได้ไหม
รู้ไหมว่าคุยกับใครอยู่
คุณรู้จักฉันดีแค่ไหน
วันนี้เป็นไง
วันนี้โอเคไหม
วันนี้เป็นวันแบบไหน
วันนี้รู้สึกยังไง
วันนี้มีอะไรพิเศษไหม
วันนี้เป็นวันที่ดีไหม
เล่าเรื่องวันนี้ให้ฟังหน่อย
วันนี้เจออะไรมาบ้าง
วันนี้เป็นอย่างไร
อายุกี่ขวบแล้ว
อายุเท่าไร
เกิดเมื่อไหร่
คุณมีอายุกี่ปี
บอกอายุหน่อยได้ไหม
เกิดปีอะไร
สร้างขึ้นมาเมื่อไหร่
เปิดตัวเมื่อไหร่
พัฒนามานานรึยัง
จ่ายค่าบำรุงการศึกษาที่ไหน
จ่ายค่าเทอมที่ไหนได้บ้าง
ช่องทางการชำระค่าเทอม
จะจ่ายค่าเทอมต้องไปตึกไหน
ติดต่อเรื่องค่าเทอมที่ไหน
ที่จ่ายค่าเทอมอยู่ตรงไหน
ติดต่อเรื่อง กยศ ได้ที่ไหน
อยากถามเรื่องกองทุนกู้ยืม
ตึก กยศ อยู่ไหน
จะไปติดต่อ กยศ
ห้อง กยศ ไปทางไหน
ฝ่าย กยศ อยู่ที่ไหน
สอบถามเรื่อง กยศ
กองทุนกู้ยืมเพื่อการศึกษาอยู่ที่ไหน
จะไปตึกวิทย์
ตึกวิทย์ไปทางไหน
ตึกวิทยาศาสตร์อยู่ตรงไหน
อยากไปตึกวิทย์
อาคารวิทยาศาสตร์ไปทางไหน
ช่วยบอกทางไปตึกวิทย์หน่อย
จะไปคณะวิทยาศาสตร์
ตึก science ไปทางไหน
ตึกเรียนวิทยาศาสตร์
ตึกวิศวกรรมเครื่องกลอยู่ไหน
อาคารเครื่องกลไปทางไหน
ตึก ME ไปทางไหน
ตึกหล่อโลหะอยู่ไหน
อาคารหล่อโลหะไปทางไหน
จะไปภาควิชาหล่อโลหะ
ตึก casting ไปทางไหน
มีงานอะไรน่าสนใจบ้างไหม
ดูกิจกรรมต่างๆได้ที่ไหน
อยากหากิจกรรมทำ
มีอีเว้นท์อะไรในมอไหม
มีกิจกรรมรับน้องไหม
อยากเข้าร่วมกิจกรรม
มีงานประกวดอะไรบ้าง
ห้องธุรการไปทางไหน
ติดต่อธุรการที่ไหน
จะไปห้องธุรการ
ห้องธุรการอยู่ตึกไหน
ฝ่ายธุรการอยู่ไหน
จะไปติดต่อเอกสารที่ธุรการ
อยากไปห้องธุรการ
ชี้ทางไปห้องธุรการหน่อย
ห้องสำนักงานอยู่ไหน
จะไปทำเรื่องที่ห้องธุรการ
ตึกเชื่อมไปทางไหน
ตึกเชื่อมอยู่ไหน
อาคารงานเชื่อมไปทางไหน
อยากไปตึกเชื่อม
ชี้ทางไปตึกเชื่อมหน่อย
จะไปภาควิชางานเชื่อม
ตึก welding ไปทางไหน
ตึกอุตสาหการไปทางไหน
ทางไปตึกอุตสาหการ
ตึกอุตสาหการอยู่ไหน
อยากไปตึกอุตสาหการ
ชี้ทางไปตึกอุตสาหการหน่อย
จะไปภาควิชาอุตสาหการ
ตึก IE ไปทางไหน
ตึกเรียนอุตสาหการ
ทางไปตึกอิเล็ก
ตึกอิเล็กทรอนิกส์อยู่ไหน
อาคารอิเล็กทรอนิกส์ไปทางไหน
อยากไปตึกอิเล็ก
ชี้ทางไปตึกอิเล็กหน่อย
จะไปภาควิชาอิเล็กทรอนิกส์
ตึก EEE ไปทางไหน
ตึกเรียนอิเล็กทรอนิกส์
ตึกแม่พิมพ์ไปทางไหน
ตึกแม่พิมพ์อยู่ไหน
อาคารแม่พิมพ์ไปทางไหน
ชี้ทางไปตึกแม่พิมพ์หน่อย
จะไปภาควิชาแม่พิมพ์
ตึก die and molding ไปทางไหน
ตึกเรียนแม่พิมพ์
ตึก mechatronics ไปทางไหน
ตึกไฟฟ้าไปทางไหน
ทางไปตึกไฟฟ้า
ตึกไฟฟ้าอยู่ไหน
อยากไปตึกไฟฟ้า
ชี้ทางไปตึกไฟฟ้าหน่อย
จะไปภาควิชาไฟฟ้า
ตึก EE ไปทางไหน
ตึกเรียนไฟฟ้า
ทางไปสนามบอล
สนามฟุตบอลอยู่ไหน
อยากไปสนามบอล
ชี้ทางไปสนามบอลหน่อย
จะไปเตะบอล
สนามหญ้าเทียมไปทางไหน
ทางไปสนามกีฬา
สนามบาสเกตบอลอยู่ไหน
อยากไปเล่นบาส
โรงยิมบาสเกตบอลไปทางไหน
จะไปชู้ตบาส
สนามบาสเกตบอล
ตึก 36 อยู่ไหน
อาคารเรียน 36
ตึกเรียน 36
อาคาร 36 อยู่ตรงไหน
แถวนี้มีร้านข้าวมั้ย
อยากกินข้าวแถวนี้
แนะนำร้านข้าวหน่อย
หาของกินได้ที่ไหน
โรงอาหารไปทางไหน
มีร้านตามสั่งไหม
แถวนี้มีอะไรกิน
หิวข้าว หาข้าวกิน
แนะนำร้านเด็ดๆหน่อย
มหาลัยเปิดให้เข้าตอนไหน
เวลาทำการของมหาลัย
เริ่มเข้ามหาลัยได้ตอนไหน
มหาลัยปิดตอนไหน
ออกจากมหาลัยได้ถึงกี่โมง
ปิดประตูกี่โมง
ออกจากมอได้ถึงกี่โมง
ขอทุนได้ที่ไหน
อยากสมัครทุนต้องทำไง
มีทุนอะไรให้บ้าง
ขั้นตอนการขอทุน
รายละเอียดเกี่ยวกับทุน
จะดรอปเรียนทำยังไง
เอกสารที่ต้องใช้ในการลาออก
จะลาออกจากมหาลัย
อยากหยุดเรียน
จะไปคณะวิศวะ
ตึกคณะวิศวะอยู่ไหน
คณะวิศวะไปทางไหน
อยากไปคณะวิศวะ
อาคารคณะวิศวกรรมศาสตร์
จะไปตึกคณะ
แก้เกรดศูนย์ทำไง
ติด F ต้องทำไง
ได้เกรด I ต้องทำยังไง
ขั้นตอนการแก้เกรด
จะลงเรียนซ้ำต้องทำไง
จะลงทะเบียนเรียน
วิธีการลงทะเบียน
ติดต่อเรื่องลงทะเบียนที่ไหน
ลงทะเบียนเรียนที่ตึกไหน
จ่ายเงินลงทะเบียนที่ไหน
อยากทราบขั้นตอนการลงทะเบียน
แก้ปัญหากรณีลงทะเบียนไม่ทัน
ทำไงดีลงทะเบียนไม่ทัน
ลงทะเบียนไม่ทันทำไง
ยังไม่ได้ลงทะเบียนเรียน
เลยกำหนดลงทะเบียนแล้ว
หมดเขตลงทะเบียนแล้วทำไง
ลงทะเบียนช้าได้ไหม
ถ้าลงทะเบียนช้าจะเป็นอะไรไหม
อยากถอนวิชาเรียน
จะเพิ่มวิชาเรียน
ขั้นตอนการถอนรายวิชา
จะถอนวิชาต้องทำไง
เช็คเกรดได้เมื่อไหร่
ผลการเรียนออกวันไหน
ดูเกรดได้วันไหน
เช็คผลการเรียนได้เมื่อไหร่
จะรู้ผลการเรียนเมื่อไหร่
เกรดจะประกาศวันไหน
เว็บไซต์มหาลัยคืออะไร
ขอลิ้งค์เว็บมหาลัย
เข้าเว็บมหาลัยยังไง
ขอเว็บมหาลัยหน่อย
เว็บไซต์ของมหาลัย
จะเข้าเว็บไซต์มหาลัย
ลิงค์เว็บไซต์
เว็บ official ของมหาลัย
อยากได้เว็บไซต์
จะขอใบรับรองการเป็นนักศึกษาได้ที่ไหน
ติดต่อเรื่องเอกสารจบที่ไหน
มีชมรมอะไรน่าสนใจบ้าง
จะทำบัตรนักศึกษาใหม่ได้ที่ไหน
ห้องสมุดอยู่ไหน
จะยืมหนังสือต้องทำยังไง
มีที่จอดรถมอเตอร์ไซค์ไหม
จะติดต่ออาจารย์ได้อย่างไร
มี Wifi ฟรีไหม
เอกสารที่ต้องใช้ยื่น กยศ
ต้องทำกิจกรรมกี่ชั่วโมงถึงจะกู้ได้
อยากกู้ กยศ
ขั้นตอนการสมัคร กยศ
จะยื่นกู้ต้องทำไง
ห้อง กยศ ไปยังไง
ทางไปห้อง กยศ
จะไปตึก กยศ
ตึก กยศ อยู่ไหน
ห้อง กยศ อยู่ตึกไหน
อยากไปห้อง กยศ
ชี้ทางไปห้อง กยศ หน่อย
ฝ่าย กยศ อยู่ที่ไหน
กองทุนกู้ยืมเรียนไปทางไหน
อาคาร กยศ อยู่ตรงไหน
ลงทะเบียนได้ถึงเมื่อไหร่
หมดเขตลงทะเบียนวันไหน
ลงทะเบียนได้ถึงวันไหน
ปิดลงทะเบียนเมื่อไหร่
ลงทะเบียนเรียนได้ถึงกี่โมง
กำหนดการลงทะเบียน
วันสุดท้ายของการลงทะเบียน
ช่วงเวลาลงทะเบียน
ลงทะเบียนได้ถึงเมื่อไหร่
เริ่มเรียนวันไหน
เปิดเทอมเมื่อไหร่
มหาลัยเปิดเทอมวันไหน
เริ่มเรียนเมื่อไหร่
กำหนดการเปิดเทอม
เปิดเทอมวันไหน
วันเปิดภาคเรียน
เริ่มภาคการศึกษาใหม่เมื่อไหร่
ช่องทางการชำระค่าเทอม
จ่ายค่าเทอมต้องใช้เงินสดไหม
จ่ายค่าเทอมออนไลน์ได้ไหม
สแกนจ่ายค่าเทอมได้ไหม
จ่ายค่าเทอมยังไงได้บ้าง
มีภาควิชาอะไรบ้าง
แนะนำสาขาหน่อย
อยากดูสาขาทั้งหมด
สาขาในคณะวิศวกรรมศาสตร์
อยากสมัครเรียนที่นี่
สมัครเรียนต้องทำยังไง
ช่องทางการสมัครเรียน
จะสมัครเรียนที่นี่
ขั้นตอนการสมัครเรียน
อยากเข้าเรียนที่นี่
สมัครเรียนที่ไหน
วิธีสมัครเรียน
ต้องทำยังไงถึงจะได้เรียนที่นี่
คณะอื่นสมัครที่ไหน
สนใจสาขาอื่น
อยากเรียนคณะอื่น
สมัครคณะอื่นได้ที่ไหน
จะไปสมัครคณะอื่น
คณะอื่นอยู่ตึกไหน
อยากย้ายคณะ
มีคณะอะไรอีกบ้าง
อยากได้เบอร์โทรศัพท์
จะโทรหาคณะ
เบอร์โทรศัพท์
จะไปติดต่อฝ่ายบริหาร
ห้องคณบดีอยู่ชั้นไหน
ฝ่ายกิจการนักศึกษาอยู่ไหน
ห้องบริหารอยู่ไหน
อยากพบรองคณบดี
ห้องพักอาจารย์อยู่ไหน
จะไปติดต่อธุรการคณะ
ฝ่ายวิชาการอยู่ไหน
ทางไปห้องประชุมเจ้าพระยา1
จะไปห้องประชุมเจ้าพระยา1
ห้องประชุมเจ้าพระยา1 อยู่ไหน
อยากไปห้องประชุมเจ้าพระยา1
ชี้ทางไปห้องประชุมเจ้าพระยา1 หน่อย
ห้องประชุมเจ้าพระยา1 อยู่ตึกไหน
จะไปประชุมที่ห้องเจ้าพระยา1
ห้องเจ้าพระยา1
ห้องประชุมเจ้าพระยา1 ไปยังไง
ทางไปห้องประชุมเจ้าพระยา2
จะไปห้องประชุมเจ้าพระยา2
ห้องประชุมเจ้าพระยา2 อยู่ไหน
อยากไปห้องประชุมเจ้าพระยา2
ชี้ทางไปห้องประชุมเจ้าพระยา2 หน่อย
ห้องประชุมเจ้าพระยา2 อยู่ตึกไหน
จะไปประชุมที่ห้องเจ้าพระยา2
ห้องเจ้าพระยา2
ห้องประชุมเจ้าพระยา2 ไปยังไง
ถ้าลงทะเบียนช้าต้องทำยังไง
ลงทะเบียนช้าทำไง
ยังไม่ได้ลงทะเบียน
เลยกำหนดลงทะเบียน
หมดเขตลงทะเบียน
ถ้าลงทะเบียนเรียนช้าจะเป็นอะไรไหม
หวัดดี
มีใครอยู่ไหม
หวัดดีฮ่ะ
เฮ้
ทักครับ
ขอบใจจ้า
ขอบพระคุณ
บอกชื่อหน่อย
มีชื่อไหม
ชื่อคุณคือ
ลาก่อน
คุณโอเคไหม
ช่วงนี้เป็นไง
เป็นไงครับ
ช่วงนี้โอเคไหม
คุณคือหุ่นยนต์หรือเปล่า
คุณเป็นหุ่นยนต์ใช่ไหม
นี่คือหุ่นยนต์หรือเปล่า
นายคือหรือป่าว
บอกความสามารถหน่อย
คุณทำงานยังไง
คุณทำอะไรเป็น
คุณช่วยฉันได้ไหม
คุณตอบคำถามได้ไหม
คุณทำงานแบบไหน
เล่าเกี่ยวกับคุณสิ
คุณมีความสามารถพิเศษไหม
บอกสิว่าทำอะไรได้
คุณมีความรู้ด้านไหน
คุณทำหน้าที่อะไร
ทำอะไรได้
แดดร้อนแรงมาก
หิวแล้ว
อยากทานข้าว
อยากกินอาหาร
มีอะไรให้กินไหม
ตอนนี้หิว
อยากกินซุปอุ่นๆ
อยากทานของร้อนๆ
ทดสอบเสียง
เทส
เทสเทสเทส
เทสต์
ขอลองทดสอบ
ทดสอบอีกครั้ง
เทสเทส
ลองใช้งาน
ทดสอบการตอบ
คุยด้วยได้ไหม
อยากคุยด้วย
เหงามากเลย
ไม่มีใครคุยด้วย
เหงาอยู่คนเดียว
คุณมีแฟนไหม
มีแฟนไหม
คุณมีแฟนรึเปล่า
คุณโสดไหม
คุณมีคนรักหรือยัง
คุณมีแฟนหรือเปล่า
คุณกำลังคบใครอยู่
รู้จักฉันไหม
คุณรู้จักตัวฉันไหม
รู้ไหมใครเอ่ย
วันนี้เป็นยังไง
เป็นไงบ้าง
วันนี้เป็นไงครับ
วันนี้เป็นไงค่ะ
วันนี้โอเคไหม
วันนี้ดีไหม
วันนี้คุณโอเคไหม
วันนี่รู้สึกยังไง
บอกอายุหน่อย
อยากทราบอายุ
อายุคุณเท่าไร
คุณเกิดปีไหน
ตอนนี้อายุเท่าไร
คุณอายุกี่ปี
จ่ายค่าเทอม
ค่าเทอมต้องจ่ายตอนไหน
จะจ่ายค่าเทอมที่ไหนอ่ะ
ติดต่อ กอ ยอ สอ ที่ไหน
ขอช่องทางติดต่อ กอ ยอ สอ 
ติดต่อ กอ ยอ สอ ยังไง
ติดต่อ กอ ยอ สอ 
วิธีติดต่อ กอ ยอ สอ
ติดต่อ กอ ยอ สอ ต้องทำอย่างไร
อยากติดต่อ กอ ยอ สอ
ตึกวิทยาศาสตร์อยู่ตรงไหน
ช่วยบอกทางตึกวิทยาศาสตร์
หาตึกวิทยาศาสตร์ได้ยังไง
ตึกวิทยาศาสตร์อยู่ที่ไหน
สาขาเครื่องกลเรียนอะไร
วิชาเครื่องกลเรียนอะไร
เครื่องกลคืออะไร
กิจกรรมวันนี้คืออะไร
กิจกรรมที่น่าสนใจคืออะไร
อยากร่วมกิจกรรม
ห้องธุรการอยู่ตึกไหน
ไปห้องธุรการทางไหน
จะไปติดต่อธุรการ
อยากไปห้องธุรการ
งานเชื่อมเรียนอะไร
เชื่อมเหล็กยากไหม
สาขานี้ทำอะไรได้บ้าง
เรียนเชื่อมทำงานอะไร
งานเชื่อมเรียนกี่ปี
เรียนเชื่อมอยู่ตึกไหน
งานเชื่อมคืออะไร
วิศวกรรมอุตสาหการเรียนอะไร
สาขาอุตสาหการคืออะไร
อุตสาหการทำงานอะไร
เรียนอุตสาหการยากไหม
คณะอุตสาหการอยู่ตึกไหน
อุตสาหการทำอะไรได้
เรียนอุตสาหการทำงานที่ไหน
อุตสาหการคืออะไร
อุตสาหการมีวิชาอะไร
วิศวกรรมอิเล็กทรอนิกส์คืออะไร
เรียนอิเล็กทรอนิกส์ทำอะไร
อิเล็กทรอนิกส์อยู่ตึกไหน
สาขานี้ยากไหม
อิเล็กทรอนิกส์ทำงานอะไร
เรียนอิเล็กทรอนิกส์ที่ไหน
อิเล็กทรอนิกส์เรียนกี่ปี
อิเล็กทรอนิกส์คือสาขาอะไร
อิเล็กทรอนิกส์น่าสนใจไหม
สาขาแม่พิมพ์คืออะไร
แม่พิมพ์เรียนอะไร
เรียนแม่พิมพ์อยู่ตึกไหน
แม่พิมพ์ทำงานอะไร
เรียนแม่พิมพ์ยากไหม
คณะนี้เรียนกี่ปี
แม่พิมพ์คือสาขาอะไร
สาขาแม่พิมพ์เรียนอะไรบ้าง
วิศวกรรมแม่พิมพ์คืออะไร
สาขานี้เรียนอะไร
สาขานี้น่าสนใจไหม
เรียนเมคคาทรอนิกส์ทำอะไร
สาขาไฟฟ้าเรียนอะไร
ไฟฟ้าคืออะไร
เรียนไฟฟ้ายากไหม
ไฟฟ้าทำงานอะไร
คณะไฟฟ้าอยู่ที่ไหน
เรียนไฟฟ้ากี่ปี
สาขาไฟฟ้าทำอะไรได้บ้าง
ไฟฟ้าคือสาขาอะไร
ไฟฟ้ามีวิชาอะไร
เรียนไฟฟ้าที่ไหน
สนามฟุตบอลอยู่ไหน
สนามฟุตบอลอยู่ตึกไหน
สนามบอลเล่นได้ไหม
สนามฟุตบอลอยู่ที่ใด
สนามฟุตบอลคืออะไร
สนามบอลอยู่ตรงไหน
สนามบาสปิดกี่โมง
สนามบาสอยู่ตึกอะไร
สนามบาสคืออะไร
อยากเล่นบาส
สนามบาสมีที่ไหน
อาคาร36 คืออะไร
อาคาร36 อยู่ตึกอะไร
อาคาร36 อยู่ตรงไหน
อาคาร36 มีอะไรบ้าง
อาคาร36 ใช่ตึกเรียนไหม
ร้านอาหารอยู่ที่ไหน
ร้านอาหารอยู่ตึกไหน
เวลาเปิดคือกี่โมง
เปิดมหาลัยตอนไหน
เวลาเริ่มเปิด
มหาลัยเริ่มเปิดเมื่อไหร่
ช่วยแก้ปัญหาให้หน่อย
แก้ไขข้อมูลไม่ได้
ต้องการแก้เอกสาร
แก้ยังไงดี
แก้ไขผลการเรียน
ต้องการแก้ไขคำตอบ
แก้ชื่อผิด
แก้ข้อมูลนักศึกษา
แก้ไขระบบล้มเหลว
ช่วยลงทะเบียนให้หน่อย
ลงทะเบียนวิชายังไง
ขั้นตอนการลงทะเบียนคืออะไร
อยากสมัครเรียนวิชานี้
ห้องกยศอยู่ตรงไหน
ห้องกยศอยู่ชั้นไหน
ไปห้องกยศยังไง
ทางไปห้องกยศ
ห้องกยศอยู่ตึกไหน
แผนที่ไปห้องกยศ
ไปห้องกยศเดินทางยังไง
ห้องกยศอยู่ใกล้ตึกไหน
กำหนดเวลาลงทะเบียน
ถอนรายวิชาที่ไม่เรียน
เพิ่มถอนรายวิชาล่าช้าได้ไหม
โอนเงินค่าเทอมยังไง
อยากรู้ข้อมูลสาขา
สาขาไหนน่าสนใจ
สาขาอื่นๆ
สาขาอื่น
เบอร์โทรศัพท์คณะ
ลงทะเบียนช้าต้องทำอะไรบ้าง
